SYMBOL,Amino_Acid,Codon,UTR5,UTR3,fold,tx_size,utr5_size,cds_size,utr3_size,tx_sequence,co_pred_MCF7,co_pred_Huh-7.5,co_pred_MCF7-co_pred_Huh-7.5
original,original,original,TLE2,TLE2,0,832,109,723,0,CTCTTTCTTCGGGCAGCCTCCCCACCACCCCACTTCAGCCTCCCCCACTCTTGCCGCCTCCATATCATCAAGCTCTGGTGGCGCCTGGGGGGCTTTTCGGATCGGCAGGATGGTGAGCAAGGGCGAGGAGCTGTTCACCGGGGTGGTGCCCATCCTGGTCGAGCTGGACGGCGACGTAAACGGCCACAAGTTCAGCGTGTCCGGCGAGGGCGAGGGCGATGCCACCTACGGCAAGCTGACCCTGAAGTTCATCTGCACCACCGGCAAGCTGCCCGTGCCCTGGCCCACCCTCGTGACCACCCTGACCTACGGCGTGCAGTGCTTCAGCCGCTACCCCGACCACATGAAGCAGCACGACTTCTTCAAGTCCGCCATGCCCGAAGGCTACGTCCAGGAGCGCACCATCTTCTTCAAGGACGACGGCAACTACAAGACCCGCGCCGAGGTGAAGTTCGAGGGCGACACCCTGGTGAACCGCATCGAGCTGAAGGGCATCGACTTCAAGGAGGACGGCAACATCCTGGGGCACAAGCTGGAGTACAACTACAACAGCCACAACGTCTATATCATGGCCGACAAGCAGAAGAACGGCATCAAGGTGAACTTCAAGATCCGCCACAACATCGAGGACGGCAGCGTGCAGCTCGCCGACCACTACCAGCAGAACACCCCCATCGGCGACGGCCCCGTGCTGCTGCCCGACAACCACTACCTGAGCACCCAGTCCGCCCTGAGCAAAGACCCCAACGAGAAGCGCGATCACATGGTCCTGCTGGAGTTCGTGACCGCCGCCGGGATCACTCTCGGCATGGACGAGCTGTACAAGTCCTAA,2.403729057312268,-0.023528521428731512,2.4272575787409996
M_to_ATG,M,ATG,TLE2,TLE2,0,832,109,723,0,CTCTTTCTTCGGGCAGCCTCCCCACCACCCCACTTCAGCCTCCCCCACTCTTGCCGCCTCCATATCATCAAGCTCTGGTGGCGCCTGGGGGGCTTTTCGGATCGGCAGGATGGTGAGCAAGGGCGAGGAGCTGTTCACCGGGGTGGTGCCCATCCTGGTCGAGCTGGACGGCGACGTAAACGGCCACAAGTTCAGCGTGTCCGGCGAGGGCGAGGGCGATGCCACCTACGGCAAGCTGACCCTGAAGTTCATCTGCACCACCGGCAAGCTGCCCGTGCCCTGGCCCACCCTCGTGACCACCCTGACCTACGGCGTGCAGTGCTTCAGCCGCTACCCCGACCACATGAAGCAGCACGACTTCTTCAAGTCCGCCATGCCCGAAGGCTACGTCCAGGAGCGCACCATCTTCTTCAAGGACGACGGCAACTACAAGACCCGCGCCGAGGTGAAGTTCGAGGGCGACACCCTGGTGAACCGCATCGAGCTGAAGGGCATCGACTTCAAGGAGGACGGCAACATCCTGGGGCACAAGCTGGAGTACAACTACAACAGCCACAACGTCTATATCATGGCCGACAAGCAGAAGAACGGCATCAAGGTGAACTTCAAGATCCGCCACAACATCGAGGACGGCAGCGTGCAGCTCGCCGACCACTACCAGCAGAACACCCCCATCGGCGACGGCCCCGTGCTGCTGCCCGACAACCACTACCTGAGCACCCAGTCCGCCCTGAGCAAAGACCCCAACGAGAAGCGCGATCACATGGTCCTGCTGGAGTTCGTGACCGCCGCCGGGATCACTCTCGGCATGGACGAGCTGTACAAGTCCTAA,2.403729057312268,-0.023528521428731512,2.4272575787409996
I_to_ATA,I,ATA,TLE2,TLE2,0,832,109,723,0,CTCTTTCTTCGGGCAGCCTCCCCACCACCCCACTTCAGCCTCCCCCACTCTTGCCGCCTCCATATCATCAAGCTCTGGTGGCGCCTGGGGGGCTTTTCGGATCGGCAGGATGGTGAGCAAGGGCGAGGAGCTGTTCACCGGGGTGGTGCCCATACTGGTCGAGCTGGACGGCGACGTAAACGGCCACAAGTTCAGCGTGTCCGGCGAGGGCGAGGGCGATGCCACCTACGGCAAGCTGACCCTGAAGTTCATATGCACCACCGGCAAGCTGCCCGTGCCCTGGCCCACCCTCGTGACCACCCTGACCTACGGCGTGCAGTGCTTCAGCCGCTACCCCGACCACATGAAGCAGCACGACTTCTTCAAGTCCGCCATGCCCGAAGGCTACGTCCAGGAGCGCACCATATTCTTCAAGGACGACGGCAACTACAAGACCCGCGCCGAGGTGAAGTTCGAGGGCGACACCCTGGTGAACCGCATAGAGCTGAAGGGCATAGACTTCAAGGAGGACGGCAACATACTGGGGCACAAGCTGGAGTACAACTACAACAGCCACAACGTCTATATAATGGCCGACAAGCAGAAGAACGGCATAAAGGTGAACTTCAAGATACGCCACAACATAGAGGACGGCAGCGTGCAGCTCGCCGACCACTACCAGCAGAACACCCCCATAGGCGACGGCCCCGTGCTGCTGCCCGACAACCACTACCTGAGCACCCAGTCCGCCCTGAGCAAAGACCCCAACGAGAAGCGCGATCACATGGTCCTGCTGGAGTTCGTGACCGCCGCCGGGATAACTCTCGGCATGGACGAGCTGTACAAGTCCTAA,1.7988039307603159,-0.11390806442332693,1.9127119951836429
I_to_ATC,I,ATC,TLE2,TLE2,0,832,109,723,0,CTCTTTCTTCGGGCAGCCTCCCCACCACCCCACTTCAGCCTCCCCCACTCTTGCCGCCTCCATATCATCAAGCTCTGGTGGCGCCTGGGGGGCTTTTCGGATCGGCAGGATGGTGAGCAAGGGCGAGGAGCTGTTCACCGGGGTGGTGCCCATCCTGGTCGAGCTGGACGGCGACGTAAACGGCCACAAGTTCAGCGTGTCCGGCGAGGGCGAGGGCGATGCCACCTACGGCAAGCTGACCCTGAAGTTCATCTGCACCACCGGCAAGCTGCCCGTGCCCTGGCCCACCCTCGTGACCACCCTGACCTACGGCGTGCAGTGCTTCAGCCGCTACCCCGACCACATGAAGCAGCACGACTTCTTCAAGTCCGCCATGCCCGAAGGCTACGTCCAGGAGCGCACCATCTTCTTCAAGGACGACGGCAACTACAAGACCCGCGCCGAGGTGAAGTTCGAGGGCGACACCCTGGTGAACCGCATCGAGCTGAAGGGCATCGACTTCAAGGAGGACGGCAACATCCTGGGGCACAAGCTGGAGTACAACTACAACAGCCACAACGTCTATATCATGGCCGACAAGCAGAAGAACGGCATCAAGGTGAACTTCAAGATCCGCCACAACATCGAGGACGGCAGCGTGCAGCTCGCCGACCACTACCAGCAGAACACCCCCATCGGCGACGGCCCCGTGCTGCTGCCCGACAACCACTACCTGAGCACCCAGTCCGCCCTGAGCAAAGACCCCAACGAGAAGCGCGATCACATGGTCCTGCTGGAGTTCGTGACCGCCGCCGGGATCACTCTCGGCATGGACGAGCTGTACAAGTCCTAA,2.403729057312268,-0.023528521428731512,2.4272575787409996
I_to_ATT,I,ATT,TLE2,TLE2,0,832,109,723,0,CTCTTTCTTCGGGCAGCCTCCCCACCACCCCACTTCAGCCTCCCCCACTCTTGCCGCCTCCATATCATCAAGCTCTGGTGGCGCCTGGGGGGCTTTTCGGATCGGCAGGATGGTGAGCAAGGGCGAGGAGCTGTTCACCGGGGTGGTGCCCATTCTGGTCGAGCTGGACGGCGACGTAAACGGCCACAAGTTCAGCGTGTCCGGCGAGGGCGAGGGCGATGCCACCTACGGCAAGCTGACCCTGAAGTTCATTTGCACCACCGGCAAGCTGCCCGTGCCCTGGCCCACCCTCGTGACCACCCTGACCTACGGCGTGCAGTGCTTCAGCCGCTACCCCGACCACATGAAGCAGCACGACTTCTTCAAGTCCGCCATGCCCGAAGGCTACGTCCAGGAGCGCACCATTTTCTTCAAGGACGACGGCAACTACAAGACCCGCGCCGAGGTGAAGTTCGAGGGCGACACCCTGGTGAACCGCATTGAGCTGAAGGGCATTGACTTCAAGGAGGACGGCAACATTCTGGGGCACAAGCTGGAGTACAACTACAACAGCCACAACGTCTATATTATGGCCGACAAGCAGAAGAACGGCATTAAGGTGAACTTCAAGATTCGCCACAACATTGAGGACGGCAGCGTGCAGCTCGCCGACCACTACCAGCAGAACACCCCCATTGGCGACGGCCCCGTGCTGCTGCCCGACAACCACTACCTGAGCACCCAGTCCGCCCTGAGCAAAGACCCCAACGAGAAGCGCGATCACATGGTCCTGCTGGAGTTCGTGACCGCCGCCGGGATTACTCTCGGCATGGACGAGCTGTACAAGTCCTAA,2.203232750270112,-0.010558921755420093,2.213791672025532
L_to_TTA,L,TTA,TLE2,TLE2,0,832,109,723,0,CTCTTTCTTCGGGCAGCCTCCCCACCACCCCACTTCAGCCTCCCCCACTCTTGCCGCCTCCATATCATCAAGCTCTGGTGGCGCCTGGGGGGCTTTTCGGATCGGCAGGATGGTGAGCAAGGGCGAGGAGTTATTCACCGGGGTGGTGCCCATCTTAGTCGAGTTAGACGGCGACGTAAACGGCCACAAGTTCAGCGTGTCCGGCGAGGGCGAGGGCGATGCCACCTACGGCAAGTTAACCTTAAAGTTCATCTGCACCACCGGCAAGTTACCCGTGCCCTGGCCCACCTTAGTGACCACCTTAACCTACGGCGTGCAGTGCTTCAGCCGCTACCCCGACCACATGAAGCAGCACGACTTCTTCAAGTCCGCCATGCCCGAAGGCTACGTCCAGGAGCGCACCATCTTCTTCAAGGACGACGGCAACTACAAGACCCGCGCCGAGGTGAAGTTCGAGGGCGACACCTTAGTGAACCGCATCGAGTTAAAGGGCATCGACTTCAAGGAGGACGGCAACATCTTAGGGCACAAGTTAGAGTACAACTACAACAGCCACAACGTCTATATCATGGCCGACAAGCAGAAGAACGGCATCAAGGTGAACTTCAAGATCCGCCACAACATCGAGGACGGCAGCGTGCAGTTAGCCGACCACTACCAGCAGAACACCCCCATCGGCGACGGCCCCGTGTTATTACCCGACAACCACTACTTAAGCACCCAGTCCGCCTTAAGCAAAGACCCCAACGAGAAGCGCGATCACATGGTCTTATTAGAGTTCGTGACCGCCGCCGGGATCACTTTAGGCATGGACGAGTTATACAAGTCCTAA,2.1488943508729785,-0.017040127766307492,2.165934478639286
L_to_TTG,L,TTG,TLE2,TLE2,0,832,109,723,0,CTCTTTCTTCGGGCAGCCTCCCCACCACCCCACTTCAGCCTCCCCCACTCTTGCCGCCTCCATATCATCAAGCTCTGGTGGCGCCTGGGGGGCTTTTCGGATCGGCAGGATGGTGAGCAAGGGCGAGGAGTTGTTCACCGGGGTGGTGCCCATCTTGGTCGAGTTGGACGGCGACGTAAACGGCCACAAGTTCAGCGTGTCCGGCGAGGGCGAGGGCGATGCCACCTACGGCAAGTTGACCTTGAAGTTCATCTGCACCACCGGCAAGTTGCCCGTGCCCTGGCCCACCTTGGTGACCACCTTGACCTACGGCGTGCAGTGCTTCAGCCGCTACCCCGACCACATGAAGCAGCACGACTTCTTCAAGTCCGCCATGCCCGAAGGCTACGTCCAGGAGCGCACCATCTTCTTCAAGGACGACGGCAACTACAAGACCCGCGCCGAGGTGAAGTTCGAGGGCGACACCTTGGTGAACCGCATCGAGTTGAAGGGCATCGACTTCAAGGAGGACGGCAACATCTTGGGGCACAAGTTGGAGTACAACTACAACAGCCACAACGTCTATATCATGGCCGACAAGCAGAAGAACGGCATCAAGGTGAACTTCAAGATCCGCCACAACATCGAGGACGGCAGCGTGCAGTTGGCCGACCACTACCAGCAGAACACCCCCATCGGCGACGGCCCCGTGTTGTTGCCCGACAACCACTACTTGAGCACCCAGTCCGCCTTGAGCAAAGACCCCAACGAGAAGCGCGATCACATGGTCTTGTTGGAGTTCGTGACCGCCGCCGGGATCACTTTGGGCATGGACGAGTTGTACAAGTCCTAA,2.403729057312268,-0.009240270332940077,2.412969327645208
L_to_CTA,L,CTA,TLE2,TLE2,0,832,109,723,0,CTCTTTCTTCGGGCAGCCTCCCCACCACCCCACTTCAGCCTCCCCCACTCTTGCCGCCTCCATATCATCAAGCTCTGGTGGCGCCTGGGGGGCTTTTCGGATCGGCAGGATGGTGAGCAAGGGCGAGGAGCTATTCACCGGGGTGGTGCCCATCCTAGTCGAGCTAGACGGCGACGTAAACGGCCACAAGTTCAGCGTGTCCGGCGAGGGCGAGGGCGATGCCACCTACGGCAAGCTAACCCTAAAGTTCATCTGCACCACCGGCAAGCTACCCGTGCCCTGGCCCACCCTAGTGACCACCCTAACCTACGGCGTGCAGTGCTTCAGCCGCTACCCCGACCACATGAAGCAGCACGACTTCTTCAAGTCCGCCATGCCCGAAGGCTACGTCCAGGAGCGCACCATCTTCTTCAAGGACGACGGCAACTACAAGACCCGCGCCGAGGTGAAGTTCGAGGGCGACACCCTAGTGAACCGCATCGAGCTAAAGGGCATCGACTTCAAGGAGGACGGCAACATCCTAGGGCACAAGCTAGAGTACAACTACAACAGCCACAACGTCTATATCATGGCCGACAAGCAGAAGAACGGCATCAAGGTGAACTTCAAGATCCGCCACAACATCGAGGACGGCAGCGTGCAGCTAGCCGACCACTACCAGCAGAACACCCCCATCGGCGACGGCCCCGTGCTACTACCCGACAACCACTACCTAAGCACCCAGTCCGCCCTAAGCAAAGACCCCAACGAGAAGCGCGATCACATGGTCCTACTAGAGTTCGTGACCGCCGCCGGGATCACTCTAGGCATGGACGAGCTATACAAGTCCTAA,2.083460876251671,-0.05702552482688612,2.140486401078557
L_to_CTC,L,CTC,TLE2,TLE2,0,832,109,723,0,CTCTTTCTTCGGGCAGCCTCCCCACCACCCCACTTCAGCCTCCCCCACTCTTGCCGCCTCCATATCATCAAGCTCTGGTGGCGCCTGGGGGGCTTTTCGGATCGGCAGGATGGTGAGCAAGGGCGAGGAGCTCTTCACCGGGGTGGTGCCCATCCTCGTCGAGCTCGACGGCGACGTAAACGGCCACAAGTTCAGCGTGTCCGGCGAGGGCGAGGGCGATGCCACCTACGGCAAGCTCACCCTCAAGTTCATCTGCACCACCGGCAAGCTCCCCGTGCCCTGGCCCACCCTCGTGACCACCCTCACCTACGGCGTGCAGTGCTTCAGCCGCTACCCCGACCACATGAAGCAGCACGACTTCTTCAAGTCCGCCATGCCCGAAGGCTACGTCCAGGAGCGCACCATCTTCTTCAAGGACGACGGCAACTACAAGACCCGCGCCGAGGTGAAGTTCGAGGGCGACACCCTCGTGAACCGCATCGAGCTCAAGGGCATCGACTTCAAGGAGGACGGCAACATCCTCGGGCACAAGCTCGAGTACAACTACAACAGCCACAACGTCTATATCATGGCCGACAAGCAGAAGAACGGCATCAAGGTGAACTTCAAGATCCGCCACAACATCGAGGACGGCAGCGTGCAGCTCGCCGACCACTACCAGCAGAACACCCCCATCGGCGACGGCCCCGTGCTCCTCCCCGACAACCACTACCTCAGCACCCAGTCCGCCCTCAGCAAAGACCCCAACGAGAAGCGCGATCACATGGTCCTCCTCGAGTTCGTGACCGCCGCCGGGATCACTCTCGGCATGGACGAGCTCTACAAGTCCTAA,2.31741460481352,-0.12550121012279014,2.44291581493631
L_to_CTG,L,CTG,TLE2,TLE2,0,832,109,723,0,CTCTTTCTTCGGGCAGCCTCCCCACCACCCCACTTCAGCCTCCCCCACTCTTGCCGCCTCCATATCATCAAGCTCTGGTGGCGCCTGGGGGGCTTTTCGGATCGGCAGGATGGTGAGCAAGGGCGAGGAGCTGTTCACCGGGGTGGTGCCCATCCTGGTCGAGCTGGACGGCGACGTAAACGGCCACAAGTTCAGCGTGTCCGGCGAGGGCGAGGGCGATGCCACCTACGGCAAGCTGACCCTGAAGTTCATCTGCACCACCGGCAAGCTGCCCGTGCCCTGGCCCACCCTGGTGACCACCCTGACCTACGGCGTGCAGTGCTTCAGCCGCTACCCCGACCACATGAAGCAGCACGACTTCTTCAAGTCCGCCATGCCCGAAGGCTACGTCCAGGAGCGCACCATCTTCTTCAAGGACGACGGCAACTACAAGACCCGCGCCGAGGTGAAGTTCGAGGGCGACACCCTGGTGAACCGCATCGAGCTGAAGGGCATCGACTTCAAGGAGGACGGCAACATCCTGGGGCACAAGCTGGAGTACAACTACAACAGCCACAACGTCTATATCATGGCCGACAAGCAGAAGAACGGCATCAAGGTGAACTTCAAGATCCGCCACAACATCGAGGACGGCAGCGTGCAGCTGGCCGACCACTACCAGCAGAACACCCCCATCGGCGACGGCCCCGTGCTGCTGCCCGACAACCACTACCTGAGCACCCAGTCCGCCCTGAGCAAAGACCCCAACGAGAAGCGCGATCACATGGTCCTGCTGGAGTTCGTGACCGCCGCCGGGATCACTCTGGGCATGGACGAGCTGTACAAGTCCTAA,2.403729057312268,0.009913668476234795,2.393815388836033
L_to_CTT,L,CTT,TLE2,TLE2,0,832,109,723,0,CTCTTTCTTCGGGCAGCCTCCCCACCACCCCACTTCAGCCTCCCCCACTCTTGCCGCCTCCATATCATCAAGCTCTGGTGGCGCCTGGGGGGCTTTTCGGATCGGCAGGATGGTGAGCAAGGGCGAGGAGCTTTTCACCGGGGTGGTGCCCATCCTTGTCGAGCTTGACGGCGACGTAAACGGCCACAAGTTCAGCGTGTCCGGCGAGGGCGAGGGCGATGCCACCTACGGCAAGCTTACCCTTAAGTTCATCTGCACCACCGGCAAGCTTCCCGTGCCCTGGCCCACCCTTGTGACCACCCTTACCTACGGCGTGCAGTGCTTCAGCCGCTACCCCGACCACATGAAGCAGCACGACTTCTTCAAGTCCGCCATGCCCGAAGGCTACGTCCAGGAGCGCACCATCTTCTTCAAGGACGACGGCAACTACAAGACCCGCGCCGAGGTGAAGTTCGAGGGCGACACCCTTGTGAACCGCATCGAGCTTAAGGGCATCGACTTCAAGGAGGACGGCAACATCCTTGGGCACAAGCTTGAGTACAACTACAACAGCCACAACGTCTATATCATGGCCGACAAGCAGAAGAACGGCATCAAGGTGAACTTCAAGATCCGCCACAACATCGAGGACGGCAGCGTGCAGCTTGCCGACCACTACCAGCAGAACACCCCCATCGGCGACGGCCCCGTGCTTCTTCCCGACAACCACTACCTTAGCACCCAGTCCGCCCTTAGCAAAGACCCCAACGAGAAGCGCGATCACATGGTCCTTCTTGAGTTCGTGACCGCCGCCGGGATCACTCTTGGCATGGACGAGCTTTACAAGTCCTAA,2.403729057312268,0.02220563898739116,2.381523418324877
V_to_GTA,V,GTA,TLE2,TLE2,0,832,109,723,0,CTCTTTCTTCGGGCAGCCTCCCCACCACCCCACTTCAGCCTCCCCCACTCTTGCCGCCTCCATATCATCAAGCTCTGGTGGCGCCTGGGGGGCTTTTCGGATCGGCAGGATGGTAAGCAAGGGCGAGGAGCTGTTCACCGGGGTAGTACCCATCCTGGTAGAGCTGGACGGCGACGTAAACGGCCACAAGTTCAGCGTATCCGGCGAGGGCGAGGGCGATGCCACCTACGGCAAGCTGACCCTGAAGTTCATCTGCACCACCGGCAAGCTGCCCGTACCCTGGCCCACCCTCGTAACCACCCTGACCTACGGCGTACAGTGCTTCAGCCGCTACCCCGACCACATGAAGCAGCACGACTTCTTCAAGTCCGCCATGCCCGAAGGCTACGTACAGGAGCGCACCATCTTCTTCAAGGACGACGGCAACTACAAGACCCGCGCCGAGGTAAAGTTCGAGGGCGACACCCTGGTAAACCGCATCGAGCTGAAGGGCATCGACTTCAAGGAGGACGGCAACATCCTGGGGCACAAGCTGGAGTACAACTACAACAGCCACAACGTATATATCATGGCCGACAAGCAGAAGAACGGCATCAAGGTAAACTTCAAGATCCGCCACAACATCGAGGACGGCAGCGTACAGCTCGCCGACCACTACCAGCAGAACACCCCCATCGGCGACGGCCCCGTACTGCTGCCCGACAACCACTACCTGAGCACCCAGTCCGCCCTGAGCAAAGACCCCAACGAGAAGCGCGATCACATGGTACTGCTGGAGTTCGTAACCGCCGCCGGGATCACTCTCGGCATGGACGAGCTGTACAAGTCCTAA,2.3299295945405394,-0.08193077602355164,2.411860370564091
V_to_GTC,V,GTC,TLE2,TLE2,0,832,109,723,0,CTCTTTCTTCGGGCAGCCTCCCCACCACCCCACTTCAGCCTCCCCCACTCTTGCCGCCTCCATATCATCAAGCTCTGGTGGCGCCTGGGGGGCTTTTCGGATCGGCAGGATGGTCAGCAAGGGCGAGGAGCTGTTCACCGGGGTCGTCCCCATCCTGGTCGAGCTGGACGGCGACGTCAACGGCCACAAGTTCAGCGTCTCCGGCGAGGGCGAGGGCGATGCCACCTACGGCAAGCTGACCCTGAAGTTCATCTGCACCACCGGCAAGCTGCCCGTCCCCTGGCCCACCCTCGTCACCACCCTGACCTACGGCGTCCAGTGCTTCAGCCGCTACCCCGACCACATGAAGCAGCACGACTTCTTCAAGTCCGCCATGCCCGAAGGCTACGTCCAGGAGCGCACCATCTTCTTCAAGGACGACGGCAACTACAAGACCCGCGCCGAGGTCAAGTTCGAGGGCGACACCCTGGTCAACCGCATCGAGCTGAAGGGCATCGACTTCAAGGAGGACGGCAACATCCTGGGGCACAAGCTGGAGTACAACTACAACAGCCACAACGTCTATATCATGGCCGACAAGCAGAAGAACGGCATCAAGGTCAACTTCAAGATCCGCCACAACATCGAGGACGGCAGCGTCCAGCTCGCCGACCACTACCAGCAGAACACCCCCATCGGCGACGGCCCCGTCCTGCTGCCCGACAACCACTACCTGAGCACCCAGTCCGCCCTGAGCAAAGACCCCAACGAGAAGCGCGATCACATGGTCCTGCTGGAGTTCGTCACCGCCGCCGGGATCACTCTCGGCATGGACGAGCTGTACAAGTCCTAA,2.3508108210976193,-0.10711513455023244,2.457925955647852
V_to_GTG,V,GTG,TLE2,TLE2,0,832,109,723,0,CTCTTTCTTCGGGCAGCCTCCCCACCACCCCACTTCAGCCTCCCCCACTCTTGCCGCCTCCATATCATCAAGCTCTGGTGGCGCCTGGGGGGCTTTTCGGATCGGCAGGATGGTGAGCAAGGGCGAGGAGCTGTTCACCGGGGTGGTGCCCATCCTGGTGGAGCTGGACGGCGACGTGAACGGCCACAAGTTCAGCGTGTCCGGCGAGGGCGAGGGCGATGCCACCTACGGCAAGCTGACCCTGAAGTTCATCTGCACCACCGGCAAGCTGCCCGTGCCCTGGCCCACCCTCGTGACCACCCTGACCTACGGCGTGCAGTGCTTCAGCCGCTACCCCGACCACATGAAGCAGCACGACTTCTTCAAGTCCGCCATGCCCGAAGGCTACGTGCAGGAGCGCACCATCTTCTTCAAGGACGACGGCAACTACAAGACCCGCGCCGAGGTGAAGTTCGAGGGCGACACCCTGGTGAACCGCATCGAGCTGAAGGGCATCGACTTCAAGGAGGACGGCAACATCCTGGGGCACAAGCTGGAGTACAACTACAACAGCCACAACGTGTATATCATGGCCGACAAGCAGAAGAACGGCATCAAGGTGAACTTCAAGATCCGCCACAACATCGAGGACGGCAGCGTGCAGCTCGCCGACCACTACCAGCAGAACACCCCCATCGGCGACGGCCCCGTGCTGCTGCCCGACAACCACTACCTGAGCACCCAGTCCGCCCTGAGCAAAGACCCCAACGAGAAGCGCGATCACATGGTGCTGCTGGAGTTCGTGACCGCCGCCGGGATCACTCTCGGCATGGACGAGCTGTACAAGTCCTAA,2.2697544982259408,-0.03993820639305316,2.309692704618994
V_to_GTT,V,GTT,TLE2,TLE2,0,832,109,723,0,CTCTTTCTTCGGGCAGCCTCCCCACCACCCCACTTCAGCCTCCCCCACTCTTGCCGCCTCCATATCATCAAGCTCTGGTGGCGCCTGGGGGGCTTTTCGGATCGGCAGGATGGTTAGCAAGGGCGAGGAGCTGTTCACCGGGGTTGTTCCCATCCTGGTTGAGCTGGACGGCGACGTTAACGGCCACAAGTTCAGCGTTTCCGGCGAGGGCGAGGGCGATGCCACCTACGGCAAGCTGACCCTGAAGTTCATCTGCACCACCGGCAAGCTGCCCGTTCCCTGGCCCACCCTCGTTACCACCCTGACCTACGGCGTTCAGTGCTTCAGCCGCTACCCCGACCACATGAAGCAGCACGACTTCTTCAAGTCCGCCATGCCCGAAGGCTACGTTCAGGAGCGCACCATCTTCTTCAAGGACGACGGCAACTACAAGACCCGCGCCGAGGTTAAGTTCGAGGGCGACACCCTGGTTAACCGCATCGAGCTGAAGGGCATCGACTTCAAGGAGGACGGCAACATCCTGGGGCACAAGCTGGAGTACAACTACAACAGCCACAACGTTTATATCATGGCCGACAAGCAGAAGAACGGCATCAAGGTTAACTTCAAGATCCGCCACAACATCGAGGACGGCAGCGTTCAGCTCGCCGACCACTACCAGCAGAACACCCCCATCGGCGACGGCCCCGTTCTGCTGCCCGACAACCACTACCTGAGCACCCAGTCCGCCCTGAGCAAAGACCCCAACGAGAAGCGCGATCACATGGTTCTGCTGGAGTTCGTTACCGCCGCCGGGATCACTCTCGGCATGGACGAGCTGTACAAGTCCTAA,2.2697544982259408,-0.09886905768375606,2.368623555909697
F_to_TTC,F,TTC,TLE2,TLE2,0,832,109,723,0,CTCTTTCTTCGGGCAGCCTCCCCACCACCCCACTTCAGCCTCCCCCACTCTTGCCGCCTCCATATCATCAAGCTCTGGTGGCGCCTGGGGGGCTTTTCGGATCGGCAGGATGGTGAGCAAGGGCGAGGAGCTGTTCACCGGGGTGGTGCCCATCCTGGTCGAGCTGGACGGCGACGTAAACGGCCACAAGTTCAGCGTGTCCGGCGAGGGCGAGGGCGATGCCACCTACGGCAAGCTGACCCTGAAGTTCATCTGCACCACCGGCAAGCTGCCCGTGCCCTGGCCCACCCTCGTGACCACCCTGACCTACGGCGTGCAGTGCTTCAGCCGCTACCCCGACCACATGAAGCAGCACGACTTCTTCAAGTCCGCCATGCCCGAAGGCTACGTCCAGGAGCGCACCATCTTCTTCAAGGACGACGGCAACTACAAGACCCGCGCCGAGGTGAAGTTCGAGGGCGACACCCTGGTGAACCGCATCGAGCTGAAGGGCATCGACTTCAAGGAGGACGGCAACATCCTGGGGCACAAGCTGGAGTACAACTACAACAGCCACAACGTCTATATCATGGCCGACAAGCAGAAGAACGGCATCAAGGTGAACTTCAAGATCCGCCACAACATCGAGGACGGCAGCGTGCAGCTCGCCGACCACTACCAGCAGAACACCCCCATCGGCGACGGCCCCGTGCTGCTGCCCGACAACCACTACCTGAGCACCCAGTCCGCCCTGAGCAAAGACCCCAACGAGAAGCGCGATCACATGGTCCTGCTGGAGTTCGTGACCGCCGCCGGGATCACTCTCGGCATGGACGAGCTGTACAAGTCCTAA,2.403729057312268,-0.023528521428731512,2.4272575787409996
F_to_TTT,F,TTT,TLE2,TLE2,0,832,109,723,0,CTCTTTCTTCGGGCAGCCTCCCCACCACCCCACTTCAGCCTCCCCCACTCTTGCCGCCTCCATATCATCAAGCTCTGGTGGCGCCTGGGGGGCTTTTCGGATCGGCAGGATGGTGAGCAAGGGCGAGGAGCTGTTTACCGGGGTGGTGCCCATCCTGGTCGAGCTGGACGGCGACGTAAACGGCCACAAGTTTAGCGTGTCCGGCGAGGGCGAGGGCGATGCCACCTACGGCAAGCTGACCCTGAAGTTTATCTGCACCACCGGCAAGCTGCCCGTGCCCTGGCCCACCCTCGTGACCACCCTGACCTACGGCGTGCAGTGCTTTAGCCGCTACCCCGACCACATGAAGCAGCACGACTTTTTTAAGTCCGCCATGCCCGAAGGCTACGTCCAGGAGCGCACCATCTTTTTTAAGGACGACGGCAACTACAAGACCCGCGCCGAGGTGAAGTTTGAGGGCGACACCCTGGTGAACCGCATCGAGCTGAAGGGCATCGACTTTAAGGAGGACGGCAACATCCTGGGGCACAAGCTGGAGTACAACTACAACAGCCACAACGTCTATATCATGGCCGACAAGCAGAAGAACGGCATCAAGGTGAACTTTAAGATCCGCCACAACATCGAGGACGGCAGCGTGCAGCTCGCCGACCACTACCAGCAGAACACCCCCATCGGCGACGGCCCCGTGCTGCTGCCCGACAACCACTACCTGAGCACCCAGTCCGCCCTGAGCAAAGACCCCAACGAGAAGCGCGATCACATGGTCCTGCTGGAGTTTGTGACCGCCGCCGGGATCACTCTCGGCATGGACGAGCTGTACAAGTCCTAA,1.9733022873170727,0.05861810051251797,1.9146841868045548
C_to_TGC,C,TGC,TLE2,TLE2,0,832,109,723,0,CTCTTTCTTCGGGCAGCCTCCCCACCACCCCACTTCAGCCTCCCCCACTCTTGCCGCCTCCATATCATCAAGCTCTGGTGGCGCCTGGGGGGCTTTTCGGATCGGCAGGATGGTGAGCAAGGGCGAGGAGCTGTTCACCGGGGTGGTGCCCATCCTGGTCGAGCTGGACGGCGACGTAAACGGCCACAAGTTCAGCGTGTCCGGCGAGGGCGAGGGCGATGCCACCTACGGCAAGCTGACCCTGAAGTTCATCTGCACCACCGGCAAGCTGCCCGTGCCCTGGCCCACCCTCGTGACCACCCTGACCTACGGCGTGCAGTGCTTCAGCCGCTACCCCGACCACATGAAGCAGCACGACTTCTTCAAGTCCGCCATGCCCGAAGGCTACGTCCAGGAGCGCACCATCTTCTTCAAGGACGACGGCAACTACAAGACCCGCGCCGAGGTGAAGTTCGAGGGCGACACCCTGGTGAACCGCATCGAGCTGAAGGGCATCGACTTCAAGGAGGACGGCAACATCCTGGGGCACAAGCTGGAGTACAACTACAACAGCCACAACGTCTATATCATGGCCGACAAGCAGAAGAACGGCATCAAGGTGAACTTCAAGATCCGCCACAACATCGAGGACGGCAGCGTGCAGCTCGCCGACCACTACCAGCAGAACACCCCCATCGGCGACGGCCCCGTGCTGCTGCCCGACAACCACTACCTGAGCACCCAGTCCGCCCTGAGCAAAGACCCCAACGAGAAGCGCGATCACATGGTCCTGCTGGAGTTCGTGACCGCCGCCGGGATCACTCTCGGCATGGACGAGCTGTACAAGTCCTAA,2.403729057312268,-0.023528521428731512,2.4272575787409996
C_to_TGT,C,TGT,TLE2,TLE2,0,832,109,723,0,CTCTTTCTTCGGGCAGCCTCCCCACCACCCCACTTCAGCCTCCCCCACTCTTGCCGCCTCCATATCATCAAGCTCTGGTGGCGCCTGGGGGGCTTTTCGGATCGGCAGGATGGTGAGCAAGGGCGAGGAGCTGTTCACCGGGGTGGTGCCCATCCTGGTCGAGCTGGACGGCGACGTAAACGGCCACAAGTTCAGCGTGTCCGGCGAGGGCGAGGGCGATGCCACCTACGGCAAGCTGACCCTGAAGTTCATCTGTACCACCGGCAAGCTGCCCGTGCCCTGGCCCACCCTCGTGACCACCCTGACCTACGGCGTGCAGTGTTTCAGCCGCTACCCCGACCACATGAAGCAGCACGACTTCTTCAAGTCCGCCATGCCCGAAGGCTACGTCCAGGAGCGCACCATCTTCTTCAAGGACGACGGCAACTACAAGACCCGCGCCGAGGTGAAGTTCGAGGGCGACACCCTGGTGAACCGCATCGAGCTGAAGGGCATCGACTTCAAGGAGGACGGCAACATCCTGGGGCACAAGCTGGAGTACAACTACAACAGCCACAACGTCTATATCATGGCCGACAAGCAGAAGAACGGCATCAAGGTGAACTTCAAGATCCGCCACAACATCGAGGACGGCAGCGTGCAGCTCGCCGACCACTACCAGCAGAACACCCCCATCGGCGACGGCCCCGTGCTGCTGCCCGACAACCACTACCTGAGCACCCAGTCCGCCCTGAGCAAAGACCCCAACGAGAAGCGCGATCACATGGTCCTGCTGGAGTTCGTGACCGCCGCCGGGATCACTCTCGGCATGGACGAGCTGTACAAGTCCTAA,2.3859913805210304,-0.03695449359596046,2.4229458741169907
A_to_GCA,A,GCA,TLE2,TLE2,0,832,109,723,0,CTCTTTCTTCGGGCAGCCTCCCCACCACCCCACTTCAGCCTCCCCCACTCTTGCCGCCTCCATATCATCAAGCTCTGGTGGCGCCTGGGGGGCTTTTCGGATCGGCAGGATGGTGAGCAAGGGCGAGGAGCTGTTCACCGGGGTGGTGCCCATCCTGGTCGAGCTGGACGGCGACGTAAACGGCCACAAGTTCAGCGTGTCCGGCGAGGGCGAGGGCGATGCAACCTACGGCAAGCTGACCCTGAAGTTCATCTGCACCACCGGCAAGCTGCCCGTGCCCTGGCCCACCCTCGTGACCACCCTGACCTACGGCGTGCAGTGCTTCAGCCGCTACCCCGACCACATGAAGCAGCACGACTTCTTCAAGTCCGCAATGCCCGAAGGCTACGTCCAGGAGCGCACCATCTTCTTCAAGGACGACGGCAACTACAAGACCCGCGCAGAGGTGAAGTTCGAGGGCGACACCCTGGTGAACCGCATCGAGCTGAAGGGCATCGACTTCAAGGAGGACGGCAACATCCTGGGGCACAAGCTGGAGTACAACTACAACAGCCACAACGTCTATATCATGGCAGACAAGCAGAAGAACGGCATCAAGGTGAACTTCAAGATCCGCCACAACATCGAGGACGGCAGCGTGCAGCTCGCAGACCACTACCAGCAGAACACCCCCATCGGCGACGGCCCCGTGCTGCTGCCCGACAACCACTACCTGAGCACCCAGTCCGCACTGAGCAAAGACCCCAACGAGAAGCGCGATCACATGGTCCTGCTGGAGTTCGTGACCGCAGCAGGGATCACTCTCGGCATGGACGAGCTGTACAAGTCCTAA,2.34988492938567,-0.0062555818188754705,2.3561405112045457
A_to_GCC,A,GCC,TLE2,TLE2,0,832,109,723,0,CTCTTTCTTCGGGCAGCCTCCCCACCACCCCACTTCAGCCTCCCCCACTCTTGCCGCCTCCATATCATCAAGCTCTGGTGGCGCCTGGGGGGCTTTTCGGATCGGCAGGATGGTGAGCAAGGGCGAGGAGCTGTTCACCGGGGTGGTGCCCATCCTGGTCGAGCTGGACGGCGACGTAAACGGCCACAAGTTCAGCGTGTCCGGCGAGGGCGAGGGCGATGCCACCTACGGCAAGCTGACCCTGAAGTTCATCTGCACCACCGGCAAGCTGCCCGTGCCCTGGCCCACCCTCGTGACCACCCTGACCTACGGCGTGCAGTGCTTCAGCCGCTACCCCGACCACATGAAGCAGCACGACTTCTTCAAGTCCGCCATGCCCGAAGGCTACGTCCAGGAGCGCACCATCTTCTTCAAGGACGACGGCAACTACAAGACCCGCGCCGAGGTGAAGTTCGAGGGCGACACCCTGGTGAACCGCATCGAGCTGAAGGGCATCGACTTCAAGGAGGACGGCAACATCCTGGGGCACAAGCTGGAGTACAACTACAACAGCCACAACGTCTATATCATGGCCGACAAGCAGAAGAACGGCATCAAGGTGAACTTCAAGATCCGCCACAACATCGAGGACGGCAGCGTGCAGCTCGCCGACCACTACCAGCAGAACACCCCCATCGGCGACGGCCCCGTGCTGCTGCCCGACAACCACTACCTGAGCACCCAGTCCGCCCTGAGCAAAGACCCCAACGAGAAGCGCGATCACATGGTCCTGCTGGAGTTCGTGACCGCCGCCGGGATCACTCTCGGCATGGACGAGCTGTACAAGTCCTAA,2.403729057312268,-0.023528521428731512,2.4272575787409996
A_to_GCG,A,GCG,TLE2,TLE2,0,832,109,723,0,CTCTTTCTTCGGGCAGCCTCCCCACCACCCCACTTCAGCCTCCCCCACTCTTGCCGCCTCCATATCATCAAGCTCTGGTGGCGCCTGGGGGGCTTTTCGGATCGGCAGGATGGTGAGCAAGGGCGAGGAGCTGTTCACCGGGGTGGTGCCCATCCTGGTCGAGCTGGACGGCGACGTAAACGGCCACAAGTTCAGCGTGTCCGGCGAGGGCGAGGGCGATGCGACCTACGGCAAGCTGACCCTGAAGTTCATCTGCACCACCGGCAAGCTGCCCGTGCCCTGGCCCACCCTCGTGACCACCCTGACCTACGGCGTGCAGTGCTTCAGCCGCTACCCCGACCACATGAAGCAGCACGACTTCTTCAAGTCCGCGATGCCCGAAGGCTACGTCCAGGAGCGCACCATCTTCTTCAAGGACGACGGCAACTACAAGACCCGCGCGGAGGTGAAGTTCGAGGGCGACACCCTGGTGAACCGCATCGAGCTGAAGGGCATCGACTTCAAGGAGGACGGCAACATCCTGGGGCACAAGCTGGAGTACAACTACAACAGCCACAACGTCTATATCATGGCGGACAAGCAGAAGAACGGCATCAAGGTGAACTTCAAGATCCGCCACAACATCGAGGACGGCAGCGTGCAGCTCGCGGACCACTACCAGCAGAACACCCCCATCGGCGACGGCCCCGTGCTGCTGCCCGACAACCACTACCTGAGCACCCAGTCCGCGCTGAGCAAAGACCCCAACGAGAAGCGCGATCACATGGTCCTGCTGGAGTTCGTGACCGCGGCGGGGATCACTCTCGGCATGGACGAGCTGTACAAGTCCTAA,2.509048387595984,-0.04492010739071605,2.5539684949867003
A_to_GCT,A,GCT,TLE2,TLE2,0,832,109,723,0,CTCTTTCTTCGGGCAGCCTCCCCACCACCCCACTTCAGCCTCCCCCACTCTTGCCGCCTCCATATCATCAAGCTCTGGTGGCGCCTGGGGGGCTTTTCGGATCGGCAGGATGGTGAGCAAGGGCGAGGAGCTGTTCACCGGGGTGGTGCCCATCCTGGTCGAGCTGGACGGCGACGTAAACGGCCACAAGTTCAGCGTGTCCGGCGAGGGCGAGGGCGATGCTACCTACGGCAAGCTGACCCTGAAGTTCATCTGCACCACCGGCAAGCTGCCCGTGCCCTGGCCCACCCTCGTGACCACCCTGACCTACGGCGTGCAGTGCTTCAGCCGCTACCCCGACCACATGAAGCAGCACGACTTCTTCAAGTCCGCTATGCCCGAAGGCTACGTCCAGGAGCGCACCATCTTCTTCAAGGACGACGGCAACTACAAGACCCGCGCTGAGGTGAAGTTCGAGGGCGACACCCTGGTGAACCGCATCGAGCTGAAGGGCATCGACTTCAAGGAGGACGGCAACATCCTGGGGCACAAGCTGGAGTACAACTACAACAGCCACAACGTCTATATCATGGCTGACAAGCAGAAGAACGGCATCAAGGTGAACTTCAAGATCCGCCACAACATCGAGGACGGCAGCGTGCAGCTCGCTGACCACTACCAGCAGAACACCCCCATCGGCGACGGCCCCGTGCTGCTGCCCGACAACCACTACCTGAGCACCCAGTCCGCTCTGAGCAAAGACCCCAACGAGAAGCGCGATCACATGGTCCTGCTGGAGTTCGTGACCGCTGCTGGGATCACTCTCGGCATGGACGAGCTGTACAAGTCCTAA,2.4517593086519356,-0.024855529142824788,2.4766148377947603
G_to_GGA,G,GGA,TLE2,TLE2,0,832,109,723,0,CTCTTTCTTCGGGCAGCCTCCCCACCACCCCACTTCAGCCTCCCCCACTCTTGCCGCCTCCATATCATCAAGCTCTGGTGGCGCCTGGGGGGCTTTTCGGATCGGCAGGATGGTGAGCAAGGGAGAGGAGCTGTTCACCGGAGTGGTGCCCATCCTGGTCGAGCTGGACGGAGACGTAAACGGACACAAGTTCAGCGTGTCCGGAGAGGGAGAGGGAGATGCCACCTACGGAAAGCTGACCCTGAAGTTCATCTGCACCACCGGAAAGCTGCCCGTGCCCTGGCCCACCCTCGTGACCACCCTGACCTACGGAGTGCAGTGCTTCAGCCGCTACCCCGACCACATGAAGCAGCACGACTTCTTCAAGTCCGCCATGCCCGAAGGATACGTCCAGGAGCGCACCATCTTCTTCAAGGACGACGGAAACTACAAGACCCGCGCCGAGGTGAAGTTCGAGGGAGACACCCTGGTGAACCGCATCGAGCTGAAGGGAATCGACTTCAAGGAGGACGGAAACATCCTGGGACACAAGCTGGAGTACAACTACAACAGCCACAACGTCTATATCATGGCCGACAAGCAGAAGAACGGAATCAAGGTGAACTTCAAGATCCGCCACAACATCGAGGACGGAAGCGTGCAGCTCGCCGACCACTACCAGCAGAACACCCCCATCGGAGACGGACCCGTGCTGCTGCCCGACAACCACTACCTGAGCACCCAGTCCGCCCTGAGCAAAGACCCCAACGAGAAGCGCGATCACATGGTCCTGCTGGAGTTCGTGACCGCCGCCGGAATCACTCTCGGAATGGACGAGCTGTACAAGTCCTAA,1.858141469241243,-0.0442835448954985,1.9024250141367416
G_to_GGC,G,GGC,TLE2,TLE2,0,832,109,723,0,CTCTTTCTTCGGGCAGCCTCCCCACCACCCCACTTCAGCCTCCCCCACTCTTGCCGCCTCCATATCATCAAGCTCTGGTGGCGCCTGGGGGGCTTTTCGGATCGGCAGGATGGTGAGCAAGGGCGAGGAGCTGTTCACCGGCGTGGTGCCCATCCTGGTCGAGCTGGACGGCGACGTAAACGGCCACAAGTTCAGCGTGTCCGGCGAGGGCGAGGGCGATGCCACCTACGGCAAGCTGACCCTGAAGTTCATCTGCACCACCGGCAAGCTGCCCGTGCCCTGGCCCACCCTCGTGACCACCCTGACCTACGGCGTGCAGTGCTTCAGCCGCTACCCCGACCACATGAAGCAGCACGACTTCTTCAAGTCCGCCATGCCCGAAGGCTACGTCCAGGAGCGCACCATCTTCTTCAAGGACGACGGCAACTACAAGACCCGCGCCGAGGTGAAGTTCGAGGGCGACACCCTGGTGAACCGCATCGAGCTGAAGGGCATCGACTTCAAGGAGGACGGCAACATCCTGGGCCACAAGCTGGAGTACAACTACAACAGCCACAACGTCTATATCATGGCCGACAAGCAGAAGAACGGCATCAAGGTGAACTTCAAGATCCGCCACAACATCGAGGACGGCAGCGTGCAGCTCGCCGACCACTACCAGCAGAACACCCCCATCGGCGACGGCCCCGTGCTGCTGCCCGACAACCACTACCTGAGCACCCAGTCCGCCCTGAGCAAAGACCCCAACGAGAAGCGCGATCACATGGTCCTGCTGGAGTTCGTGACCGCCGCCGGCATCACTCTCGGCATGGACGAGCTGTACAAGTCCTAA,2.397677411739315,-0.10364057501196242,2.5013179867512774
G_to_GGG,G,GGG,TLE2,TLE2,0,832,109,723,0,CTCTTTCTTCGGGCAGCCTCCCCACCACCCCACTTCAGCCTCCCCCACTCTTGCCGCCTCCATATCATCAAGCTCTGGTGGCGCCTGGGGGGCTTTTCGGATCGGCAGGATGGTGAGCAAGGGGGAGGAGCTGTTCACCGGGGTGGTGCCCATCCTGGTCGAGCTGGACGGGGACGTAAACGGGCACAAGTTCAGCGTGTCCGGGGAGGGGGAGGGGGATGCCACCTACGGGAAGCTGACCCTGAAGTTCATCTGCACCACCGGGAAGCTGCCCGTGCCCTGGCCCACCCTCGTGACCACCCTGACCTACGGGGTGCAGTGCTTCAGCCGCTACCCCGACCACATGAAGCAGCACGACTTCTTCAAGTCCGCCATGCCCGAAGGGTACGTCCAGGAGCGCACCATCTTCTTCAAGGACGACGGGAACTACAAGACCCGCGCCGAGGTGAAGTTCGAGGGGGACACCCTGGTGAACCGCATCGAGCTGAAGGGGATCGACTTCAAGGAGGACGGGAACATCCTGGGGCACAAGCTGGAGTACAACTACAACAGCCACAACGTCTATATCATGGCCGACAAGCAGAAGAACGGGATCAAGGTGAACTTCAAGATCCGCCACAACATCGAGGACGGGAGCGTGCAGCTCGCCGACCACTACCAGCAGAACACCCCCATCGGGGACGGGCCCGTGCTGCTGCCCGACAACCACTACCTGAGCACCCAGTCCGCCCTGAGCAAAGACCCCAACGAGAAGCGCGATCACATGGTCCTGCTGGAGTTCGTGACCGCCGCCGGGATCACTCTCGGGATGGACGAGCTGTACAAGTCCTAA,1.765074187855336,-0.055368886760431876,1.8204430746157678
G_to_GGT,G,GGT,TLE2,TLE2,0,832,109,723,0,CTCTTTCTTCGGGCAGCCTCCCCACCACCCCACTTCAGCCTCCCCCACTCTTGCCGCCTCCATATCATCAAGCTCTGGTGGCGCCTGGGGGGCTTTTCGGATCGGCAGGATGGTGAGCAAGGGTGAGGAGCTGTTCACCGGTGTGGTGCCCATCCTGGTCGAGCTGGACGGTGACGTAAACGGTCACAAGTTCAGCGTGTCCGGTGAGGGTGAGGGTGATGCCACCTACGGTAAGCTGACCCTGAAGTTCATCTGCACCACCGGTAAGCTGCCCGTGCCCTGGCCCACCCTCGTGACCACCCTGACCTACGGTGTGCAGTGCTTCAGCCGCTACCCCGACCACATGAAGCAGCACGACTTCTTCAAGTCCGCCATGCCCGAAGGTTACGTCCAGGAGCGCACCATCTTCTTCAAGGACGACGGTAACTACAAGACCCGCGCCGAGGTGAAGTTCGAGGGTGACACCCTGGTGAACCGCATCGAGCTGAAGGGTATCGACTTCAAGGAGGACGGTAACATCCTGGGTCACAAGCTGGAGTACAACTACAACAGCCACAACGTCTATATCATGGCCGACAAGCAGAAGAACGGTATCAAGGTGAACTTCAAGATCCGCCACAACATCGAGGACGGTAGCGTGCAGCTCGCCGACCACTACCAGCAGAACACCCCCATCGGTGACGGTCCCGTGCTGCTGCCCGACAACCACTACCTGAGCACCCAGTCCGCCCTGAGCAAAGACCCCAACGAGAAGCGCGATCACATGGTCCTGCTGGAGTTCGTGACCGCCGCCGGTATCACTCTCGGTATGGACGAGCTGTACAAGTCCTAA,2.0233530104151938,-0.21729540746314618,2.24064841787834
P_to_CCA,P,CCA,TLE2,TLE2,0,832,109,723,0,CTCTTTCTTCGGGCAGCCTCCCCACCACCCCACTTCAGCCTCCCCCACTCTTGCCGCCTCCATATCATCAAGCTCTGGTGGCGCCTGGGGGGCTTTTCGGATCGGCAGGATGGTGAGCAAGGGCGAGGAGCTGTTCACCGGGGTGGTGCCAATCCTGGTCGAGCTGGACGGCGACGTAAACGGCCACAAGTTCAGCGTGTCCGGCGAGGGCGAGGGCGATGCCACCTACGGCAAGCTGACCCTGAAGTTCATCTGCACCACCGGCAAGCTGCCAGTGCCATGGCCAACCCTCGTGACCACCCTGACCTACGGCGTGCAGTGCTTCAGCCGCTACCCAGACCACATGAAGCAGCACGACTTCTTCAAGTCCGCCATGCCAGAAGGCTACGTCCAGGAGCGCACCATCTTCTTCAAGGACGACGGCAACTACAAGACCCGCGCCGAGGTGAAGTTCGAGGGCGACACCCTGGTGAACCGCATCGAGCTGAAGGGCATCGACTTCAAGGAGGACGGCAACATCCTGGGGCACAAGCTGGAGTACAACTACAACAGCCACAACGTCTATATCATGGCCGACAAGCAGAAGAACGGCATCAAGGTGAACTTCAAGATCCGCCACAACATCGAGGACGGCAGCGTGCAGCTCGCCGACCACTACCAGCAGAACACCCCAATCGGCGACGGCCCAGTGCTGCTGCCAGACAACCACTACCTGAGCACCCAGTCCGCCCTGAGCAAAGACCCAAACGAGAAGCGCGATCACATGGTCCTGCTGGAGTTCGTGACCGCCGCCGGGATCACTCTCGGCATGGACGAGCTGTACAAGTCCTAA,2.140178447387041,0.06965599401075578,2.070522453376285
P_to_CCC,P,CCC,TLE2,TLE2,0,832,109,723,0,CTCTTTCTTCGGGCAGCCTCCCCACCACCCCACTTCAGCCTCCCCCACTCTTGCCGCCTCCATATCATCAAGCTCTGGTGGCGCCTGGGGGGCTTTTCGGATCGGCAGGATGGTGAGCAAGGGCGAGGAGCTGTTCACCGGGGTGGTGCCCATCCTGGTCGAGCTGGACGGCGACGTAAACGGCCACAAGTTCAGCGTGTCCGGCGAGGGCGAGGGCGATGCCACCTACGGCAAGCTGACCCTGAAGTTCATCTGCACCACCGGCAAGCTGCCCGTGCCCTGGCCCACCCTCGTGACCACCCTGACCTACGGCGTGCAGTGCTTCAGCCGCTACCCCGACCACATGAAGCAGCACGACTTCTTCAAGTCCGCCATGCCCGAAGGCTACGTCCAGGAGCGCACCATCTTCTTCAAGGACGACGGCAACTACAAGACCCGCGCCGAGGTGAAGTTCGAGGGCGACACCCTGGTGAACCGCATCGAGCTGAAGGGCATCGACTTCAAGGAGGACGGCAACATCCTGGGGCACAAGCTGGAGTACAACTACAACAGCCACAACGTCTATATCATGGCCGACAAGCAGAAGAACGGCATCAAGGTGAACTTCAAGATCCGCCACAACATCGAGGACGGCAGCGTGCAGCTCGCCGACCACTACCAGCAGAACACCCCCATCGGCGACGGCCCCGTGCTGCTGCCCGACAACCACTACCTGAGCACCCAGTCCGCCCTGAGCAAAGACCCCAACGAGAAGCGCGATCACATGGTCCTGCTGGAGTTCGTGACCGCCGCCGGGATCACTCTCGGCATGGACGAGCTGTACAAGTCCTAA,2.403729057312268,-0.023528521428731512,2.4272575787409996
P_to_CCG,P,CCG,TLE2,TLE2,0,832,109,723,0,CTCTTTCTTCGGGCAGCCTCCCCACCACCCCACTTCAGCCTCCCCCACTCTTGCCGCCTCCATATCATCAAGCTCTGGTGGCGCCTGGGGGGCTTTTCGGATCGGCAGGATGGTGAGCAAGGGCGAGGAGCTGTTCACCGGGGTGGTGCCGATCCTGGTCGAGCTGGACGGCGACGTAAACGGCCACAAGTTCAGCGTGTCCGGCGAGGGCGAGGGCGATGCCACCTACGGCAAGCTGACCCTGAAGTTCATCTGCACCACCGGCAAGCTGCCGGTGCCGTGGCCGACCCTCGTGACCACCCTGACCTACGGCGTGCAGTGCTTCAGCCGCTACCCGGACCACATGAAGCAGCACGACTTCTTCAAGTCCGCCATGCCGGAAGGCTACGTCCAGGAGCGCACCATCTTCTTCAAGGACGACGGCAACTACAAGACCCGCGCCGAGGTGAAGTTCGAGGGCGACACCCTGGTGAACCGCATCGAGCTGAAGGGCATCGACTTCAAGGAGGACGGCAACATCCTGGGGCACAAGCTGGAGTACAACTACAACAGCCACAACGTCTATATCATGGCCGACAAGCAGAAGAACGGCATCAAGGTGAACTTCAAGATCCGCCACAACATCGAGGACGGCAGCGTGCAGCTCGCCGACCACTACCAGCAGAACACCCCGATCGGCGACGGCCCGGTGCTGCTGCCGGACAACCACTACCTGAGCACCCAGTCCGCCCTGAGCAAAGACCCGAACGAGAAGCGCGATCACATGGTCCTGCTGGAGTTCGTGACCGCCGCCGGGATCACTCTCGGCATGGACGAGCTGTACAAGTCCTAA,2.3998159489898434,-0.02757074031228734,2.4273866893021308
P_to_CCT,P,CCT,TLE2,TLE2,0,832,109,723,0,CTCTTTCTTCGGGCAGCCTCCCCACCACCCCACTTCAGCCTCCCCCACTCTTGCCGCCTCCATATCATCAAGCTCTGGTGGCGCCTGGGGGGCTTTTCGGATCGGCAGGATGGTGAGCAAGGGCGAGGAGCTGTTCACCGGGGTGGTGCCTATCCTGGTCGAGCTGGACGGCGACGTAAACGGCCACAAGTTCAGCGTGTCCGGCGAGGGCGAGGGCGATGCCACCTACGGCAAGCTGACCCTGAAGTTCATCTGCACCACCGGCAAGCTGCCTGTGCCTTGGCCTACCCTCGTGACCACCCTGACCTACGGCGTGCAGTGCTTCAGCCGCTACCCTGACCACATGAAGCAGCACGACTTCTTCAAGTCCGCCATGCCTGAAGGCTACGTCCAGGAGCGCACCATCTTCTTCAAGGACGACGGCAACTACAAGACCCGCGCCGAGGTGAAGTTCGAGGGCGACACCCTGGTGAACCGCATCGAGCTGAAGGGCATCGACTTCAAGGAGGACGGCAACATCCTGGGGCACAAGCTGGAGTACAACTACAACAGCCACAACGTCTATATCATGGCCGACAAGCAGAAGAACGGCATCAAGGTGAACTTCAAGATCCGCCACAACATCGAGGACGGCAGCGTGCAGCTCGCCGACCACTACCAGCAGAACACCCCTATCGGCGACGGCCCTGTGCTGCTGCCTGACAACCACTACCTGAGCACCCAGTCCGCCCTGAGCAAAGACCCTAACGAGAAGCGCGATCACATGGTCCTGCTGGAGTTCGTGACCGCCGCCGGGATCACTCTCGGCATGGACGAGCTGTACAAGTCCTAA,2.308554038616719,0.09013602513909186,2.2184180134776272
T_to_ACA,T,ACA,TLE2,TLE2,0,832,109,723,0,CTCTTTCTTCGGGCAGCCTCCCCACCACCCCACTTCAGCCTCCCCCACTCTTGCCGCCTCCATATCATCAAGCTCTGGTGGCGCCTGGGGGGCTTTTCGGATCGGCAGGATGGTGAGCAAGGGCGAGGAGCTGTTCACAGGGGTGGTGCCCATCCTGGTCGAGCTGGACGGCGACGTAAACGGCCACAAGTTCAGCGTGTCCGGCGAGGGCGAGGGCGATGCCACATACGGCAAGCTGACACTGAAGTTCATCTGCACAACAGGCAAGCTGCCCGTGCCCTGGCCCACACTCGTGACAACACTGACATACGGCGTGCAGTGCTTCAGCCGCTACCCCGACCACATGAAGCAGCACGACTTCTTCAAGTCCGCCATGCCCGAAGGCTACGTCCAGGAGCGCACAATCTTCTTCAAGGACGACGGCAACTACAAGACACGCGCCGAGGTGAAGTTCGAGGGCGACACACTGGTGAACCGCATCGAGCTGAAGGGCATCGACTTCAAGGAGGACGGCAACATCCTGGGGCACAAGCTGGAGTACAACTACAACAGCCACAACGTCTATATCATGGCCGACAAGCAGAAGAACGGCATCAAGGTGAACTTCAAGATCCGCCACAACATCGAGGACGGCAGCGTGCAGCTCGCCGACCACTACCAGCAGAACACACCCATCGGCGACGGCCCCGTGCTGCTGCCCGACAACCACTACCTGAGCACACAGTCCGCCCTGAGCAAAGACCCCAACGAGAAGCGCGATCACATGGTCCTGCTGGAGTTCGTGACAGCCGCCGGGATCACACTCGGCATGGACGAGCTGTACAAGTCCTAA,2.2048497209513713,0.09457523890258532,2.110274482048786
T_to_ACC,T,ACC,TLE2,TLE2,0,832,109,723,0,CTCTTTCTTCGGGCAGCCTCCCCACCACCCCACTTCAGCCTCCCCCACTCTTGCCGCCTCCATATCATCAAGCTCTGGTGGCGCCTGGGGGGCTTTTCGGATCGGCAGGATGGTGAGCAAGGGCGAGGAGCTGTTCACCGGGGTGGTGCCCATCCTGGTCGAGCTGGACGGCGACGTAAACGGCCACAAGTTCAGCGTGTCCGGCGAGGGCGAGGGCGATGCCACCTACGGCAAGCTGACCCTGAAGTTCATCTGCACCACCGGCAAGCTGCCCGTGCCCTGGCCCACCCTCGTGACCACCCTGACCTACGGCGTGCAGTGCTTCAGCCGCTACCCCGACCACATGAAGCAGCACGACTTCTTCAAGTCCGCCATGCCCGAAGGCTACGTCCAGGAGCGCACCATCTTCTTCAAGGACGACGGCAACTACAAGACCCGCGCCGAGGTGAAGTTCGAGGGCGACACCCTGGTGAACCGCATCGAGCTGAAGGGCATCGACTTCAAGGAGGACGGCAACATCCTGGGGCACAAGCTGGAGTACAACTACAACAGCCACAACGTCTATATCATGGCCGACAAGCAGAAGAACGGCATCAAGGTGAACTTCAAGATCCGCCACAACATCGAGGACGGCAGCGTGCAGCTCGCCGACCACTACCAGCAGAACACCCCCATCGGCGACGGCCCCGTGCTGCTGCCCGACAACCACTACCTGAGCACCCAGTCCGCCCTGAGCAAAGACCCCAACGAGAAGCGCGATCACATGGTCCTGCTGGAGTTCGTGACCGCCGCCGGGATCACCCTCGGCATGGACGAGCTGTACAAGTCCTAA,2.422777662315825,0.06364011492174271,2.359137547394082
T_to_ACG,T,ACG,TLE2,TLE2,0,832,109,723,0,CTCTTTCTTCGGGCAGCCTCCCCACCACCCCACTTCAGCCTCCCCCACTCTTGCCGCCTCCATATCATCAAGCTCTGGTGGCGCCTGGGGGGCTTTTCGGATCGGCAGGATGGTGAGCAAGGGCGAGGAGCTGTTCACGGGGGTGGTGCCCATCCTGGTCGAGCTGGACGGCGACGTAAACGGCCACAAGTTCAGCGTGTCCGGCGAGGGCGAGGGCGATGCCACGTACGGCAAGCTGACGCTGAAGTTCATCTGCACGACGGGCAAGCTGCCCGTGCCCTGGCCCACGCTCGTGACGACGCTGACGTACGGCGTGCAGTGCTTCAGCCGCTACCCCGACCACATGAAGCAGCACGACTTCTTCAAGTCCGCCATGCCCGAAGGCTACGTCCAGGAGCGCACGATCTTCTTCAAGGACGACGGCAACTACAAGACGCGCGCCGAGGTGAAGTTCGAGGGCGACACGCTGGTGAACCGCATCGAGCTGAAGGGCATCGACTTCAAGGAGGACGGCAACATCCTGGGGCACAAGCTGGAGTACAACTACAACAGCCACAACGTCTATATCATGGCCGACAAGCAGAAGAACGGCATCAAGGTGAACTTCAAGATCCGCCACAACATCGAGGACGGCAGCGTGCAGCTCGCCGACCACTACCAGCAGAACACGCCCATCGGCGACGGCCCCGTGCTGCTGCCCGACAACCACTACCTGAGCACGCAGTCCGCCCTGAGCAAAGACCCCAACGAGAAGCGCGATCACATGGTCCTGCTGGAGTTCGTGACGGCCGCCGGGATCACGCTCGGCATGGACGAGCTGTACAAGTCCTAA,2.3034266737551605,0.08614502013333114,2.2172816536218294
T_to_ACT,T,ACT,TLE2,TLE2,0,832,109,723,0,CTCTTTCTTCGGGCAGCCTCCCCACCACCCCACTTCAGCCTCCCCCACTCTTGCCGCCTCCATATCATCAAGCTCTGGTGGCGCCTGGGGGGCTTTTCGGATCGGCAGGATGGTGAGCAAGGGCGAGGAGCTGTTCACTGGGGTGGTGCCCATCCTGGTCGAGCTGGACGGCGACGTAAACGGCCACAAGTTCAGCGTGTCCGGCGAGGGCGAGGGCGATGCCACTTACGGCAAGCTGACTCTGAAGTTCATCTGCACTACTGGCAAGCTGCCCGTGCCCTGGCCCACTCTCGTGACTACTCTGACTTACGGCGTGCAGTGCTTCAGCCGCTACCCCGACCACATGAAGCAGCACGACTTCTTCAAGTCCGCCATGCCCGAAGGCTACGTCCAGGAGCGCACTATCTTCTTCAAGGACGACGGCAACTACAAGACTCGCGCCGAGGTGAAGTTCGAGGGCGACACTCTGGTGAACCGCATCGAGCTGAAGGGCATCGACTTCAAGGAGGACGGCAACATCCTGGGGCACAAGCTGGAGTACAACTACAACAGCCACAACGTCTATATCATGGCCGACAAGCAGAAGAACGGCATCAAGGTGAACTTCAAGATCCGCCACAACATCGAGGACGGCAGCGTGCAGCTCGCCGACCACTACCAGCAGAACACTCCCATCGGCGACGGCCCCGTGCTGCTGCCCGACAACCACTACCTGAGCACTCAGTCCGCCCTGAGCAAAGACCCCAACGAGAAGCGCGATCACATGGTCCTGCTGGAGTTCGTGACTGCCGCCGGGATCACTCTCGGCATGGACGAGCTGTACAAGTCCTAA,2.284378068751603,0.007406602552111126,2.2769714661994915
S_to_TCA,S,TCA,TLE2,TLE2,0,832,109,723,0,CTCTTTCTTCGGGCAGCCTCCCCACCACCCCACTTCAGCCTCCCCCACTCTTGCCGCCTCCATATCATCAAGCTCTGGTGGCGCCTGGGGGGCTTTTCGGATCGGCAGGATGGTGTCAAAGGGCGAGGAGCTGTTCACCGGGGTGGTGCCCATCCTGGTCGAGCTGGACGGCGACGTAAACGGCCACAAGTTCTCAGTGTCAGGCGAGGGCGAGGGCGATGCCACCTACGGCAAGCTGACCCTGAAGTTCATCTGCACCACCGGCAAGCTGCCCGTGCCCTGGCCCACCCTCGTGACCACCCTGACCTACGGCGTGCAGTGCTTCTCACGCTACCCCGACCACATGAAGCAGCACGACTTCTTCAAGTCAGCCATGCCCGAAGGCTACGTCCAGGAGCGCACCATCTTCTTCAAGGACGACGGCAACTACAAGACCCGCGCCGAGGTGAAGTTCGAGGGCGACACCCTGGTGAACCGCATCGAGCTGAAGGGCATCGACTTCAAGGAGGACGGCAACATCCTGGGGCACAAGCTGGAGTACAACTACAACTCACACAACGTCTATATCATGGCCGACAAGCAGAAGAACGGCATCAAGGTGAACTTCAAGATCCGCCACAACATCGAGGACGGCTCAGTGCAGCTCGCCGACCACTACCAGCAGAACACCCCCATCGGCGACGGCCCCGTGCTGCTGCCCGACAACCACTACCTGTCAACCCAGTCAGCCCTGTCAAAAGACCCCAACGAGAAGCGCGATCACATGGTCCTGCTGGAGTTCGTGACCGCCGCCGGGATCACTCTCGGCATGGACGAGCTGTACAAGTCATAA,2.3551092189839835,-0.05618739212430049,2.411296611108284
S_to_TCC,S,TCC,TLE2,TLE2,0,832,109,723,0,CTCTTTCTTCGGGCAGCCTCCCCACCACCCCACTTCAGCCTCCCCCACTCTTGCCGCCTCCATATCATCAAGCTCTGGTGGCGCCTGGGGGGCTTTTCGGATCGGCAGGATGGTGTCCAAGGGCGAGGAGCTGTTCACCGGGGTGGTGCCCATCCTGGTCGAGCTGGACGGCGACGTAAACGGCCACAAGTTCTCCGTGTCCGGCGAGGGCGAGGGCGATGCCACCTACGGCAAGCTGACCCTGAAGTTCATCTGCACCACCGGCAAGCTGCCCGTGCCCTGGCCCACCCTCGTGACCACCCTGACCTACGGCGTGCAGTGCTTCTCCCGCTACCCCGACCACATGAAGCAGCACGACTTCTTCAAGTCCGCCATGCCCGAAGGCTACGTCCAGGAGCGCACCATCTTCTTCAAGGACGACGGCAACTACAAGACCCGCGCCGAGGTGAAGTTCGAGGGCGACACCCTGGTGAACCGCATCGAGCTGAAGGGCATCGACTTCAAGGAGGACGGCAACATCCTGGGGCACAAGCTGGAGTACAACTACAACTCCCACAACGTCTATATCATGGCCGACAAGCAGAAGAACGGCATCAAGGTGAACTTCAAGATCCGCCACAACATCGAGGACGGCTCCGTGCAGCTCGCCGACCACTACCAGCAGAACACCCCCATCGGCGACGGCCCCGTGCTGCTGCCCGACAACCACTACCTGTCCACCCAGTCCGCCCTGTCCAAAGACCCCAACGAGAAGCGCGATCACATGGTCCTGCTGGAGTTCGTGACCGCCGCCGGGATCACTCTCGGCATGGACGAGCTGTACAAGTCCTAA,2.470720536911923,-0.04268807529515396,2.513408612207077
S_to_TCG,S,TCG,TLE2,TLE2,0,832,109,723,0,CTCTTTCTTCGGGCAGCCTCCCCACCACCCCACTTCAGCCTCCCCCACTCTTGCCGCCTCCATATCATCAAGCTCTGGTGGCGCCTGGGGGGCTTTTCGGATCGGCAGGATGGTGTCGAAGGGCGAGGAGCTGTTCACCGGGGTGGTGCCCATCCTGGTCGAGCTGGACGGCGACGTAAACGGCCACAAGTTCTCGGTGTCGGGCGAGGGCGAGGGCGATGCCACCTACGGCAAGCTGACCCTGAAGTTCATCTGCACCACCGGCAAGCTGCCCGTGCCCTGGCCCACCCTCGTGACCACCCTGACCTACGGCGTGCAGTGCTTCTCGCGCTACCCCGACCACATGAAGCAGCACGACTTCTTCAAGTCGGCCATGCCCGAAGGCTACGTCCAGGAGCGCACCATCTTCTTCAAGGACGACGGCAACTACAAGACCCGCGCCGAGGTGAAGTTCGAGGGCGACACCCTGGTGAACCGCATCGAGCTGAAGGGCATCGACTTCAAGGAGGACGGCAACATCCTGGGGCACAAGCTGGAGTACAACTACAACTCGCACAACGTCTATATCATGGCCGACAAGCAGAAGAACGGCATCAAGGTGAACTTCAAGATCCGCCACAACATCGAGGACGGCTCGGTGCAGCTCGCCGACCACTACCAGCAGAACACCCCCATCGGCGACGGCCCCGTGCTGCTGCCCGACAACCACTACCTGTCGACCCAGTCGGCCCTGTCGAAAGACCCCAACGAGAAGCGCGATCACATGGTCCTGCTGGAGTTCGTGACCGCCGCCGGGATCACTCTCGGCATGGACGAGCTGTACAAGTCGTAA,2.457049561271876,-0.04268807529515396,2.4997376365670303
S_to_TCT,S,TCT,TLE2,TLE2,0,832,109,723,0,CTCTTTCTTCGGGCAGCCTCCCCACCACCCCACTTCAGCCTCCCCCACTCTTGCCGCCTCCATATCATCAAGCTCTGGTGGCGCCTGGGGGGCTTTTCGGATCGGCAGGATGGTGTCTAAGGGCGAGGAGCTGTTCACCGGGGTGGTGCCCATCCTGGTCGAGCTGGACGGCGACGTAAACGGCCACAAGTTCTCTGTGTCTGGCGAGGGCGAGGGCGATGCCACCTACGGCAAGCTGACCCTGAAGTTCATCTGCACCACCGGCAAGCTGCCCGTGCCCTGGCCCACCCTCGTGACCACCCTGACCTACGGCGTGCAGTGCTTCTCTCGCTACCCCGACCACATGAAGCAGCACGACTTCTTCAAGTCTGCCATGCCCGAAGGCTACGTCCAGGAGCGCACCATCTTCTTCAAGGACGACGGCAACTACAAGACCCGCGCCGAGGTGAAGTTCGAGGGCGACACCCTGGTGAACCGCATCGAGCTGAAGGGCATCGACTTCAAGGAGGACGGCAACATCCTGGGGCACAAGCTGGAGTACAACTACAACTCTCACAACGTCTATATCATGGCCGACAAGCAGAAGAACGGCATCAAGGTGAACTTCAAGATCCGCCACAACATCGAGGACGGCTCTGTGCAGCTCGCCGACCACTACCAGCAGAACACCCCCATCGGCGACGGCCCCGTGCTGCTGCCCGACAACCACTACCTGTCTACCCAGTCTGCCCTGTCTAAAGACCCCAACGAGAAGCGCGATCACATGGTCCTGCTGGAGTTCGTGACCGCCGCCGGGATCACTCTCGGCATGGACGAGCTGTACAAGTCTTAA,2.385260405813436,-0.0779407552686015,2.4632011610820372
S_to_AGC,S,AGC,TLE2,TLE2,0,832,109,723,0,CTCTTTCTTCGGGCAGCCTCCCCACCACCCCACTTCAGCCTCCCCCACTCTTGCCGCCTCCATATCATCAAGCTCTGGTGGCGCCTGGGGGGCTTTTCGGATCGGCAGGATGGTGAGCAAGGGCGAGGAGCTGTTCACCGGGGTGGTGCCCATCCTGGTCGAGCTGGACGGCGACGTAAACGGCCACAAGTTCAGCGTGAGCGGCGAGGGCGAGGGCGATGCCACCTACGGCAAGCTGACCCTGAAGTTCATCTGCACCACCGGCAAGCTGCCCGTGCCCTGGCCCACCCTCGTGACCACCCTGACCTACGGCGTGCAGTGCTTCAGCCGCTACCCCGACCACATGAAGCAGCACGACTTCTTCAAGAGCGCCATGCCCGAAGGCTACGTCCAGGAGCGCACCATCTTCTTCAAGGACGACGGCAACTACAAGACCCGCGCCGAGGTGAAGTTCGAGGGCGACACCCTGGTGAACCGCATCGAGCTGAAGGGCATCGACTTCAAGGAGGACGGCAACATCCTGGGGCACAAGCTGGAGTACAACTACAACAGCCACAACGTCTATATCATGGCCGACAAGCAGAAGAACGGCATCAAGGTGAACTTCAAGATCCGCCACAACATCGAGGACGGCAGCGTGCAGCTCGCCGACCACTACCAGCAGAACACCCCCATCGGCGACGGCCCCGTGCTGCTGCCCGACAACCACTACCTGAGCACCCAGAGCGCCCTGAGCAAAGACCCCAACGAGAAGCGCGATCACATGGTCCTGCTGGAGTTCGTGACCGCCGCCGGGATCACTCTCGGCATGGACGAGCTGTACAAGAGCTAA,2.403729057312268,-0.023528521428731512,2.4272575787409996
S_to_AGT,S,AGT,TLE2,TLE2,0,832,109,723,0,CTCTTTCTTCGGGCAGCCTCCCCACCACCCCACTTCAGCCTCCCCCACTCTTGCCGCCTCCATATCATCAAGCTCTGGTGGCGCCTGGGGGGCTTTTCGGATCGGCAGGATGGTGAGTAAGGGCGAGGAGCTGTTCACCGGGGTGGTGCCCATCCTGGTCGAGCTGGACGGCGACGTAAACGGCCACAAGTTCAGTGTGAGTGGCGAGGGCGAGGGCGATGCCACCTACGGCAAGCTGACCCTGAAGTTCATCTGCACCACCGGCAAGCTGCCCGTGCCCTGGCCCACCCTCGTGACCACCCTGACCTACGGCGTGCAGTGCTTCAGTCGCTACCCCGACCACATGAAGCAGCACGACTTCTTCAAGAGTGCCATGCCCGAAGGCTACGTCCAGGAGCGCACCATCTTCTTCAAGGACGACGGCAACTACAAGACCCGCGCCGAGGTGAAGTTCGAGGGCGACACCCTGGTGAACCGCATCGAGCTGAAGGGCATCGACTTCAAGGAGGACGGCAACATCCTGGGGCACAAGCTGGAGTACAACTACAACAGTCACAACGTCTATATCATGGCCGACAAGCAGAAGAACGGCATCAAGGTGAACTTCAAGATCCGCCACAACATCGAGGACGGCAGTGTGCAGCTCGCCGACCACTACCAGCAGAACACCCCCATCGGCGACGGCCCCGTGCTGCTGCCCGACAACCACTACCTGAGTACCCAGAGTGCCCTGAGTAAAGACCCCAACGAGAAGCGCGATCACATGGTCCTGCTGGAGTTCGTGACCGCCGCCGGGATCACTCTCGGCATGGACGAGCTGTACAAGAGTTAA,2.1090427123053903,-0.01905755975306895,2.128100272058459
Y_to_TAC,Y,TAC,TLE2,TLE2,0,832,109,723,0,CTCTTTCTTCGGGCAGCCTCCCCACCACCCCACTTCAGCCTCCCCCACTCTTGCCGCCTCCATATCATCAAGCTCTGGTGGCGCCTGGGGGGCTTTTCGGATCGGCAGGATGGTGAGCAAGGGCGAGGAGCTGTTCACCGGGGTGGTGCCCATCCTGGTCGAGCTGGACGGCGACGTAAACGGCCACAAGTTCAGCGTGTCCGGCGAGGGCGAGGGCGATGCCACCTACGGCAAGCTGACCCTGAAGTTCATCTGCACCACCGGCAAGCTGCCCGTGCCCTGGCCCACCCTCGTGACCACCCTGACCTACGGCGTGCAGTGCTTCAGCCGCTACCCCGACCACATGAAGCAGCACGACTTCTTCAAGTCCGCCATGCCCGAAGGCTACGTCCAGGAGCGCACCATCTTCTTCAAGGACGACGGCAACTACAAGACCCGCGCCGAGGTGAAGTTCGAGGGCGACACCCTGGTGAACCGCATCGAGCTGAAGGGCATCGACTTCAAGGAGGACGGCAACATCCTGGGGCACAAGCTGGAGTACAACTACAACAGCCACAACGTCTACATCATGGCCGACAAGCAGAAGAACGGCATCAAGGTGAACTTCAAGATCCGCCACAACATCGAGGACGGCAGCGTGCAGCTCGCCGACCACTACCAGCAGAACACCCCCATCGGCGACGGCCCCGTGCTGCTGCCCGACAACCACTACCTGAGCACCCAGTCCGCCCTGAGCAAAGACCCCAACGAGAAGCGCGATCACATGGTCCTGCTGGAGTTCGTGACCGCCGCCGGGATCACTCTCGGCATGGACGAGCTGTACAAGTCCTAA,2.4773226297012894,-0.023528521428731512,2.500851151130021
Y_to_TAT,Y,TAT,TLE2,TLE2,0,832,109,723,0,CTCTTTCTTCGGGCAGCCTCCCCACCACCCCACTTCAGCCTCCCCCACTCTTGCCGCCTCCATATCATCAAGCTCTGGTGGCGCCTGGGGGGCTTTTCGGATCGGCAGGATGGTGAGCAAGGGCGAGGAGCTGTTCACCGGGGTGGTGCCCATCCTGGTCGAGCTGGACGGCGACGTAAACGGCCACAAGTTCAGCGTGTCCGGCGAGGGCGAGGGCGATGCCACCTATGGCAAGCTGACCCTGAAGTTCATCTGCACCACCGGCAAGCTGCCCGTGCCCTGGCCCACCCTCGTGACCACCCTGACCTATGGCGTGCAGTGCTTCAGCCGCTATCCCGACCACATGAAGCAGCACGACTTCTTCAAGTCCGCCATGCCCGAAGGCTATGTCCAGGAGCGCACCATCTTCTTCAAGGACGACGGCAACTATAAGACCCGCGCCGAGGTGAAGTTCGAGGGCGACACCCTGGTGAACCGCATCGAGCTGAAGGGCATCGACTTCAAGGAGGACGGCAACATCCTGGGGCACAAGCTGGAGTATAACTATAACAGCCACAACGTCTATATCATGGCCGACAAGCAGAAGAACGGCATCAAGGTGAACTTCAAGATCCGCCACAACATCGAGGACGGCAGCGTGCAGCTCGCCGACCACTATCAGCAGAACACCCCCATCGGCGACGGCCCCGTGCTGCTGCCCGACAACCACTATCTGAGCACCCAGTCCGCCCTGAGCAAAGACCCCAACGAGAAGCGCGATCACATGGTCCTGCTGGAGTTCGTGACCGCCGCCGGGATCACTCTCGGCATGGACGAGCTGTATAAGTCCTAA,2.403729057312268,0.021803496449759034,2.381925560862509
W_to_TGG,W,TGG,TLE2,TLE2,0,832,109,723,0,CTCTTTCTTCGGGCAGCCTCCCCACCACCCCACTTCAGCCTCCCCCACTCTTGCCGCCTCCATATCATCAAGCTCTGGTGGCGCCTGGGGGGCTTTTCGGATCGGCAGGATGGTGAGCAAGGGCGAGGAGCTGTTCACCGGGGTGGTGCCCATCCTGGTCGAGCTGGACGGCGACGTAAACGGCCACAAGTTCAGCGTGTCCGGCGAGGGCGAGGGCGATGCCACCTACGGCAAGCTGACCCTGAAGTTCATCTGCACCACCGGCAAGCTGCCCGTGCCCTGGCCCACCCTCGTGACCACCCTGACCTACGGCGTGCAGTGCTTCAGCCGCTACCCCGACCACATGAAGCAGCACGACTTCTTCAAGTCCGCCATGCCCGAAGGCTACGTCCAGGAGCGCACCATCTTCTTCAAGGACGACGGCAACTACAAGACCCGCGCCGAGGTGAAGTTCGAGGGCGACACCCTGGTGAACCGCATCGAGCTGAAGGGCATCGACTTCAAGGAGGACGGCAACATCCTGGGGCACAAGCTGGAGTACAACTACAACAGCCACAACGTCTATATCATGGCCGACAAGCAGAAGAACGGCATCAAGGTGAACTTCAAGATCCGCCACAACATCGAGGACGGCAGCGTGCAGCTCGCCGACCACTACCAGCAGAACACCCCCATCGGCGACGGCCCCGTGCTGCTGCCCGACAACCACTACCTGAGCACCCAGTCCGCCCTGAGCAAAGACCCCAACGAGAAGCGCGATCACATGGTCCTGCTGGAGTTCGTGACCGCCGCCGGGATCACTCTCGGCATGGACGAGCTGTACAAGTCCTAA,2.403729057312268,-0.023528521428731512,2.4272575787409996
Q_to_CAA,Q,CAA,TLE2,TLE2,0,832,109,723,0,CTCTTTCTTCGGGCAGCCTCCCCACCACCCCACTTCAGCCTCCCCCACTCTTGCCGCCTCCATATCATCAAGCTCTGGTGGCGCCTGGGGGGCTTTTCGGATCGGCAGGATGGTGAGCAAGGGCGAGGAGCTGTTCACCGGGGTGGTGCCCATCCTGGTCGAGCTGGACGGCGACGTAAACGGCCACAAGTTCAGCGTGTCCGGCGAGGGCGAGGGCGATGCCACCTACGGCAAGCTGACCCTGAAGTTCATCTGCACCACCGGCAAGCTGCCCGTGCCCTGGCCCACCCTCGTGACCACCCTGACCTACGGCGTGCAATGCTTCAGCCGCTACCCCGACCACATGAAGCAACACGACTTCTTCAAGTCCGCCATGCCCGAAGGCTACGTCCAAGAGCGCACCATCTTCTTCAAGGACGACGGCAACTACAAGACCCGCGCCGAGGTGAAGTTCGAGGGCGACACCCTGGTGAACCGCATCGAGCTGAAGGGCATCGACTTCAAGGAGGACGGCAACATCCTGGGGCACAAGCTGGAGTACAACTACAACAGCCACAACGTCTATATCATGGCCGACAAGCAAAAGAACGGCATCAAGGTGAACTTCAAGATCCGCCACAACATCGAGGACGGCAGCGTGCAACTCGCCGACCACTACCAACAAAACACCCCCATCGGCGACGGCCCCGTGCTGCTGCCCGACAACCACTACCTGAGCACCCAATCCGCCCTGAGCAAAGACCCCAACGAGAAGCGCGATCACATGGTCCTGCTGGAGTTCGTGACCGCCGCCGGGATCACTCTCGGCATGGACGAGCTGTACAAGTCCTAA,2.171274017298444,-0.05534622046740073,2.226620237765845
Q_to_CAG,Q,CAG,TLE2,TLE2,0,832,109,723,0,CTCTTTCTTCGGGCAGCCTCCCCACCACCCCACTTCAGCCTCCCCCACTCTTGCCGCCTCCATATCATCAAGCTCTGGTGGCGCCTGGGGGGCTTTTCGGATCGGCAGGATGGTGAGCAAGGGCGAGGAGCTGTTCACCGGGGTGGTGCCCATCCTGGTCGAGCTGGACGGCGACGTAAACGGCCACAAGTTCAGCGTGTCCGGCGAGGGCGAGGGCGATGCCACCTACGGCAAGCTGACCCTGAAGTTCATCTGCACCACCGGCAAGCTGCCCGTGCCCTGGCCCACCCTCGTGACCACCCTGACCTACGGCGTGCAGTGCTTCAGCCGCTACCCCGACCACATGAAGCAGCACGACTTCTTCAAGTCCGCCATGCCCGAAGGCTACGTCCAGGAGCGCACCATCTTCTTCAAGGACGACGGCAACTACAAGACCCGCGCCGAGGTGAAGTTCGAGGGCGACACCCTGGTGAACCGCATCGAGCTGAAGGGCATCGACTTCAAGGAGGACGGCAACATCCTGGGGCACAAGCTGGAGTACAACTACAACAGCCACAACGTCTATATCATGGCCGACAAGCAGAAGAACGGCATCAAGGTGAACTTCAAGATCCGCCACAACATCGAGGACGGCAGCGTGCAGCTCGCCGACCACTACCAGCAGAACACCCCCATCGGCGACGGCCCCGTGCTGCTGCCCGACAACCACTACCTGAGCACCCAGTCCGCCCTGAGCAAAGACCCCAACGAGAAGCGCGATCACATGGTCCTGCTGGAGTTCGTGACCGCCGCCGGGATCACTCTCGGCATGGACGAGCTGTACAAGTCCTAA,2.403729057312268,-0.023528521428731512,2.4272575787409996
N_to_AAC,N,AAC,TLE2,TLE2,0,832,109,723,0,CTCTTTCTTCGGGCAGCCTCCCCACCACCCCACTTCAGCCTCCCCCACTCTTGCCGCCTCCATATCATCAAGCTCTGGTGGCGCCTGGGGGGCTTTTCGGATCGGCAGGATGGTGAGCAAGGGCGAGGAGCTGTTCACCGGGGTGGTGCCCATCCTGGTCGAGCTGGACGGCGACGTAAACGGCCACAAGTTCAGCGTGTCCGGCGAGGGCGAGGGCGATGCCACCTACGGCAAGCTGACCCTGAAGTTCATCTGCACCACCGGCAAGCTGCCCGTGCCCTGGCCCACCCTCGTGACCACCCTGACCTACGGCGTGCAGTGCTTCAGCCGCTACCCCGACCACATGAAGCAGCACGACTTCTTCAAGTCCGCCATGCCCGAAGGCTACGTCCAGGAGCGCACCATCTTCTTCAAGGACGACGGCAACTACAAGACCCGCGCCGAGGTGAAGTTCGAGGGCGACACCCTGGTGAACCGCATCGAGCTGAAGGGCATCGACTTCAAGGAGGACGGCAACATCCTGGGGCACAAGCTGGAGTACAACTACAACAGCCACAACGTCTATATCATGGCCGACAAGCAGAAGAACGGCATCAAGGTGAACTTCAAGATCCGCCACAACATCGAGGACGGCAGCGTGCAGCTCGCCGACCACTACCAGCAGAACACCCCCATCGGCGACGGCCCCGTGCTGCTGCCCGACAACCACTACCTGAGCACCCAGTCCGCCCTGAGCAAAGACCCCAACGAGAAGCGCGATCACATGGTCCTGCTGGAGTTCGTGACCGCCGCCGGGATCACTCTCGGCATGGACGAGCTGTACAAGTCCTAA,2.403729057312268,-0.023528521428731512,2.4272575787409996
N_to_AAT,N,AAT,TLE2,TLE2,0,832,109,723,0,CTCTTTCTTCGGGCAGCCTCCCCACCACCCCACTTCAGCCTCCCCCACTCTTGCCGCCTCCATATCATCAAGCTCTGGTGGCGCCTGGGGGGCTTTTCGGATCGGCAGGATGGTGAGCAAGGGCGAGGAGCTGTTCACCGGGGTGGTGCCCATCCTGGTCGAGCTGGACGGCGACGTAAATGGCCACAAGTTCAGCGTGTCCGGCGAGGGCGAGGGCGATGCCACCTACGGCAAGCTGACCCTGAAGTTCATCTGCACCACCGGCAAGCTGCCCGTGCCCTGGCCCACCCTCGTGACCACCCTGACCTACGGCGTGCAGTGCTTCAGCCGCTACCCCGACCACATGAAGCAGCACGACTTCTTCAAGTCCGCCATGCCCGAAGGCTACGTCCAGGAGCGCACCATCTTCTTCAAGGACGACGGCAATTACAAGACCCGCGCCGAGGTGAAGTTCGAGGGCGACACCCTGGTGAATCGCATCGAGCTGAAGGGCATCGACTTCAAGGAGGACGGCAATATCCTGGGGCACAAGCTGGAGTACAATTACAATAGCCACAATGTCTATATCATGGCCGACAAGCAGAAGAATGGCATCAAGGTGAATTTCAAGATCCGCCACAATATCGAGGACGGCAGCGTGCAGCTCGCCGACCACTACCAGCAGAATACCCCCATCGGCGACGGCCCCGTGCTGCTGCCCGACAATCACTACCTGAGCACCCAGTCCGCCCTGAGCAAAGACCCCAATGAGAAGCGCGATCACATGGTCCTGCTGGAGTTCGTGACCGCCGCCGGGATCACTCTCGGCATGGACGAGCTGTACAAGTCCTAA,2.340025313402966,0.001805334349359089,2.338219979053607
H_to_CAC,H,CAC,TLE2,TLE2,0,832,109,723,0,CTCTTTCTTCGGGCAGCCTCCCCACCACCCCACTTCAGCCTCCCCCACTCTTGCCGCCTCCATATCATCAAGCTCTGGTGGCGCCTGGGGGGCTTTTCGGATCGGCAGGATGGTGAGCAAGGGCGAGGAGCTGTTCACCGGGGTGGTGCCCATCCTGGTCGAGCTGGACGGCGACGTAAACGGCCACAAGTTCAGCGTGTCCGGCGAGGGCGAGGGCGATGCCACCTACGGCAAGCTGACCCTGAAGTTCATCTGCACCACCGGCAAGCTGCCCGTGCCCTGGCCCACCCTCGTGACCACCCTGACCTACGGCGTGCAGTGCTTCAGCCGCTACCCCGACCACATGAAGCAGCACGACTTCTTCAAGTCCGCCATGCCCGAAGGCTACGTCCAGGAGCGCACCATCTTCTTCAAGGACGACGGCAACTACAAGACCCGCGCCGAGGTGAAGTTCGAGGGCGACACCCTGGTGAACCGCATCGAGCTGAAGGGCATCGACTTCAAGGAGGACGGCAACATCCTGGGGCACAAGCTGGAGTACAACTACAACAGCCACAACGTCTATATCATGGCCGACAAGCAGAAGAACGGCATCAAGGTGAACTTCAAGATCCGCCACAACATCGAGGACGGCAGCGTGCAGCTCGCCGACCACTACCAGCAGAACACCCCCATCGGCGACGGCCCCGTGCTGCTGCCCGACAACCACTACCTGAGCACCCAGTCCGCCCTGAGCAAAGACCCCAACGAGAAGCGCGATCACATGGTCCTGCTGGAGTTCGTGACCGCCGCCGGGATCACTCTCGGCATGGACGAGCTGTACAAGTCCTAA,2.403729057312268,-0.023528521428731512,2.4272575787409996
H_to_CAT,H,CAT,TLE2,TLE2,0,832,109,723,0,CTCTTTCTTCGGGCAGCCTCCCCACCACCCCACTTCAGCCTCCCCCACTCTTGCCGCCTCCATATCATCAAGCTCTGGTGGCGCCTGGGGGGCTTTTCGGATCGGCAGGATGGTGAGCAAGGGCGAGGAGCTGTTCACCGGGGTGGTGCCCATCCTGGTCGAGCTGGACGGCGACGTAAACGGCCATAAGTTCAGCGTGTCCGGCGAGGGCGAGGGCGATGCCACCTACGGCAAGCTGACCCTGAAGTTCATCTGCACCACCGGCAAGCTGCCCGTGCCCTGGCCCACCCTCGTGACCACCCTGACCTACGGCGTGCAGTGCTTCAGCCGCTACCCCGACCATATGAAGCAGCATGACTTCTTCAAGTCCGCCATGCCCGAAGGCTACGTCCAGGAGCGCACCATCTTCTTCAAGGACGACGGCAACTACAAGACCCGCGCCGAGGTGAAGTTCGAGGGCGACACCCTGGTGAACCGCATCGAGCTGAAGGGCATCGACTTCAAGGAGGACGGCAACATCCTGGGGCATAAGCTGGAGTACAACTACAACAGCCATAACGTCTATATCATGGCCGACAAGCAGAAGAACGGCATCAAGGTGAACTTCAAGATCCGCCATAACATCGAGGACGGCAGCGTGCAGCTCGCCGACCATTACCAGCAGAACACCCCCATCGGCGACGGCCCCGTGCTGCTGCCCGACAACCATTACCTGAGCACCCAGTCCGCCCTGAGCAAAGACCCCAACGAGAAGCGCGATCATATGGTCCTGCTGGAGTTCGTGACCGCCGCCGGGATCACTCTCGGCATGGACGAGCTGTACAAGTCCTAA,2.3031138270141516,0.05781587682569222,2.2452979501884593
E_to_GAA,E,GAA,TLE2,TLE2,0,832,109,723,0,CTCTTTCTTCGGGCAGCCTCCCCACCACCCCACTTCAGCCTCCCCCACTCTTGCCGCCTCCATATCATCAAGCTCTGGTGGCGCCTGGGGGGCTTTTCGGATCGGCAGGATGGTGAGCAAGGGCGAAGAACTGTTCACCGGGGTGGTGCCCATCCTGGTCGAACTGGACGGCGACGTAAACGGCCACAAGTTCAGCGTGTCCGGCGAAGGCGAAGGCGATGCCACCTACGGCAAGCTGACCCTGAAGTTCATCTGCACCACCGGCAAGCTGCCCGTGCCCTGGCCCACCCTCGTGACCACCCTGACCTACGGCGTGCAGTGCTTCAGCCGCTACCCCGACCACATGAAGCAGCACGACTTCTTCAAGTCCGCCATGCCCGAAGGCTACGTCCAGGAACGCACCATCTTCTTCAAGGACGACGGCAACTACAAGACCCGCGCCGAAGTGAAGTTCGAAGGCGACACCCTGGTGAACCGCATCGAACTGAAGGGCATCGACTTCAAGGAAGACGGCAACATCCTGGGGCACAAGCTGGAATACAACTACAACAGCCACAACGTCTATATCATGGCCGACAAGCAGAAGAACGGCATCAAGGTGAACTTCAAGATCCGCCACAACATCGAAGACGGCAGCGTGCAGCTCGCCGACCACTACCAGCAGAACACCCCCATCGGCGACGGCCCCGTGCTGCTGCCCGACAACCACTACCTGAGCACCCAGTCCGCCCTGAGCAAAGACCCCAACGAAAAGCGCGATCACATGGTCCTGCTGGAATTCGTGACCGCCGCCGGGATCACTCTCGGCATGGACGAACTGTACAAGTCCTAA,2.4061073417911647,0.032077214544910866,2.374030127246254
E_to_GAG,E,GAG,TLE2,TLE2,0,832,109,723,0,CTCTTTCTTCGGGCAGCCTCCCCACCACCCCACTTCAGCCTCCCCCACTCTTGCCGCCTCCATATCATCAAGCTCTGGTGGCGCCTGGGGGGCTTTTCGGATCGGCAGGATGGTGAGCAAGGGCGAGGAGCTGTTCACCGGGGTGGTGCCCATCCTGGTCGAGCTGGACGGCGACGTAAACGGCCACAAGTTCAGCGTGTCCGGCGAGGGCGAGGGCGATGCCACCTACGGCAAGCTGACCCTGAAGTTCATCTGCACCACCGGCAAGCTGCCCGTGCCCTGGCCCACCCTCGTGACCACCCTGACCTACGGCGTGCAGTGCTTCAGCCGCTACCCCGACCACATGAAGCAGCACGACTTCTTCAAGTCCGCCATGCCCGAGGGCTACGTCCAGGAGCGCACCATCTTCTTCAAGGACGACGGCAACTACAAGACCCGCGCCGAGGTGAAGTTCGAGGGCGACACCCTGGTGAACCGCATCGAGCTGAAGGGCATCGACTTCAAGGAGGACGGCAACATCCTGGGGCACAAGCTGGAGTACAACTACAACAGCCACAACGTCTATATCATGGCCGACAAGCAGAAGAACGGCATCAAGGTGAACTTCAAGATCCGCCACAACATCGAGGACGGCAGCGTGCAGCTCGCCGACCACTACCAGCAGAACACCCCCATCGGCGACGGCCCCGTGCTGCTGCCCGACAACCACTACCTGAGCACCCAGTCCGCCCTGAGCAAAGACCCCAACGAGAAGCGCGATCACATGGTCCTGCTGGAGTTCGTGACCGCCGCCGGGATCACTCTCGGCATGGACGAGCTGTACAAGTCCTAA,2.403729057312268,-0.023528521428731512,2.4272575787409996
D_to_GAC,D,GAC,TLE2,TLE2,0,832,109,723,0,CTCTTTCTTCGGGCAGCCTCCCCACCACCCCACTTCAGCCTCCCCCACTCTTGCCGCCTCCATATCATCAAGCTCTGGTGGCGCCTGGGGGGCTTTTCGGATCGGCAGGATGGTGAGCAAGGGCGAGGAGCTGTTCACCGGGGTGGTGCCCATCCTGGTCGAGCTGGACGGCGACGTAAACGGCCACAAGTTCAGCGTGTCCGGCGAGGGCGAGGGCGACGCCACCTACGGCAAGCTGACCCTGAAGTTCATCTGCACCACCGGCAAGCTGCCCGTGCCCTGGCCCACCCTCGTGACCACCCTGACCTACGGCGTGCAGTGCTTCAGCCGCTACCCCGACCACATGAAGCAGCACGACTTCTTCAAGTCCGCCATGCCCGAAGGCTACGTCCAGGAGCGCACCATCTTCTTCAAGGACGACGGCAACTACAAGACCCGCGCCGAGGTGAAGTTCGAGGGCGACACCCTGGTGAACCGCATCGAGCTGAAGGGCATCGACTTCAAGGAGGACGGCAACATCCTGGGGCACAAGCTGGAGTACAACTACAACAGCCACAACGTCTATATCATGGCCGACAAGCAGAAGAACGGCATCAAGGTGAACTTCAAGATCCGCCACAACATCGAGGACGGCAGCGTGCAGCTCGCCGACCACTACCAGCAGAACACCCCCATCGGCGACGGCCCCGTGCTGCTGCCCGACAACCACTACCTGAGCACCCAGTCCGCCCTGAGCAAAGACCCCAACGAGAAGCGCGACCACATGGTCCTGCTGGAGTTCGTGACCGCCGCCGGGATCACTCTCGGCATGGACGAGCTGTACAAGTCCTAA,2.4242550974811925,-0.023528521428731512,2.447783618909924
D_to_GAT,D,GAT,TLE2,TLE2,0,832,109,723,0,CTCTTTCTTCGGGCAGCCTCCCCACCACCCCACTTCAGCCTCCCCCACTCTTGCCGCCTCCATATCATCAAGCTCTGGTGGCGCCTGGGGGGCTTTTCGGATCGGCAGGATGGTGAGCAAGGGCGAGGAGCTGTTCACCGGGGTGGTGCCCATCCTGGTCGAGCTGGATGGCGATGTAAACGGCCACAAGTTCAGCGTGTCCGGCGAGGGCGAGGGCGATGCCACCTACGGCAAGCTGACCCTGAAGTTCATCTGCACCACCGGCAAGCTGCCCGTGCCCTGGCCCACCCTCGTGACCACCCTGACCTACGGCGTGCAGTGCTTCAGCCGCTACCCCGATCACATGAAGCAGCACGATTTCTTCAAGTCCGCCATGCCCGAAGGCTACGTCCAGGAGCGCACCATCTTCTTCAAGGATGATGGCAACTACAAGACCCGCGCCGAGGTGAAGTTCGAGGGCGATACCCTGGTGAACCGCATCGAGCTGAAGGGCATCGATTTCAAGGAGGATGGCAACATCCTGGGGCACAAGCTGGAGTACAACTACAACAGCCACAACGTCTATATCATGGCCGATAAGCAGAAGAACGGCATCAAGGTGAACTTCAAGATCCGCCACAACATCGAGGATGGCAGCGTGCAGCTCGCCGATCACTACCAGCAGAACACCCCCATCGGCGATGGCCCCGTGCTGCTGCCCGATAACCACTACCTGAGCACCCAGTCCGCCCTGAGCAAAGATCCCAACGAGAAGCGCGATCACATGGTCCTGCTGGAGTTCGTGACCGCCGCCGGGATCACTCTCGGCATGGATGAGCTGTACAAGTCCTAA,2.381455163541917,0.02636030869164245,2.355094854850275
K_to_AAA,K,AAA,TLE2,TLE2,0,832,109,723,0,CTCTTTCTTCGGGCAGCCTCCCCACCACCCCACTTCAGCCTCCCCCACTCTTGCCGCCTCCATATCATCAAGCTCTGGTGGCGCCTGGGGGGCTTTTCGGATCGGCAGGATGGTGAGCAAAGGCGAGGAGCTGTTCACCGGGGTGGTGCCCATCCTGGTCGAGCTGGACGGCGACGTAAACGGCCACAAATTCAGCGTGTCCGGCGAGGGCGAGGGCGATGCCACCTACGGCAAACTGACCCTGAAATTCATCTGCACCACCGGCAAACTGCCCGTGCCCTGGCCCACCCTCGTGACCACCCTGACCTACGGCGTGCAGTGCTTCAGCCGCTACCCCGACCACATGAAACAGCACGACTTCTTCAAATCCGCCATGCCCGAAGGCTACGTCCAGGAGCGCACCATCTTCTTCAAAGACGACGGCAACTACAAAACCCGCGCCGAGGTGAAATTCGAGGGCGACACCCTGGTGAACCGCATCGAGCTGAAAGGCATCGACTTCAAAGAGGACGGCAACATCCTGGGGCACAAACTGGAGTACAACTACAACAGCCACAACGTCTATATCATGGCCGACAAACAGAAAAACGGCATCAAAGTGAACTTCAAAATCCGCCACAACATCGAGGACGGCAGCGTGCAGCTCGCCGACCACTACCAGCAGAACACCCCCATCGGCGACGGCCCCGTGCTGCTGCCCGACAACCACTACCTGAGCACCCAGTCCGCCCTGAGCAAAGACCCCAACGAGAAACGCGATCACATGGTCCTGCTGGAGTTCGTGACCGCCGCCGGGATCACTCTCGGCATGGACGAGCTGTACAAATCCTAA,2.298250959951642,-0.2163088733782955,2.5145598333299377
K_to_AAG,K,AAG,TLE2,TLE2,0,832,109,723,0,CTCTTTCTTCGGGCAGCCTCCCCACCACCCCACTTCAGCCTCCCCCACTCTTGCCGCCTCCATATCATCAAGCTCTGGTGGCGCCTGGGGGGCTTTTCGGATCGGCAGGATGGTGAGCAAGGGCGAGGAGCTGTTCACCGGGGTGGTGCCCATCCTGGTCGAGCTGGACGGCGACGTAAACGGCCACAAGTTCAGCGTGTCCGGCGAGGGCGAGGGCGATGCCACCTACGGCAAGCTGACCCTGAAGTTCATCTGCACCACCGGCAAGCTGCCCGTGCCCTGGCCCACCCTCGTGACCACCCTGACCTACGGCGTGCAGTGCTTCAGCCGCTACCCCGACCACATGAAGCAGCACGACTTCTTCAAGTCCGCCATGCCCGAAGGCTACGTCCAGGAGCGCACCATCTTCTTCAAGGACGACGGCAACTACAAGACCCGCGCCGAGGTGAAGTTCGAGGGCGACACCCTGGTGAACCGCATCGAGCTGAAGGGCATCGACTTCAAGGAGGACGGCAACATCCTGGGGCACAAGCTGGAGTACAACTACAACAGCCACAACGTCTATATCATGGCCGACAAGCAGAAGAACGGCATCAAGGTGAACTTCAAGATCCGCCACAACATCGAGGACGGCAGCGTGCAGCTCGCCGACCACTACCAGCAGAACACCCCCATCGGCGACGGCCCCGTGCTGCTGCCCGACAACCACTACCTGAGCACCCAGTCCGCCCTGAGCAAGGACCCCAACGAGAAGCGCGATCACATGGTCCTGCTGGAGTTCGTGACCGCCGCCGGGATCACTCTCGGCATGGACGAGCTGTACAAGTCCTAA,2.403729057312268,-0.023528521428731512,2.4272575787409996
R_to_CGA,R,CGA,TLE2,TLE2,0,832,109,723,0,CTCTTTCTTCGGGCAGCCTCCCCACCACCCCACTTCAGCCTCCCCCACTCTTGCCGCCTCCATATCATCAAGCTCTGGTGGCGCCTGGGGGGCTTTTCGGATCGGCAGGATGGTGAGCAAGGGCGAGGAGCTGTTCACCGGGGTGGTGCCCATCCTGGTCGAGCTGGACGGCGACGTAAACGGCCACAAGTTCAGCGTGTCCGGCGAGGGCGAGGGCGATGCCACCTACGGCAAGCTGACCCTGAAGTTCATCTGCACCACCGGCAAGCTGCCCGTGCCCTGGCCCACCCTCGTGACCACCCTGACCTACGGCGTGCAGTGCTTCAGCCGATACCCCGACCACATGAAGCAGCACGACTTCTTCAAGTCCGCCATGCCCGAAGGCTACGTCCAGGAGCGAACCATCTTCTTCAAGGACGACGGCAACTACAAGACCCGAGCCGAGGTGAAGTTCGAGGGCGACACCCTGGTGAACCGAATCGAGCTGAAGGGCATCGACTTCAAGGAGGACGGCAACATCCTGGGGCACAAGCTGGAGTACAACTACAACAGCCACAACGTCTATATCATGGCCGACAAGCAGAAGAACGGCATCAAGGTGAACTTCAAGATCCGACACAACATCGAGGACGGCAGCGTGCAGCTCGCCGACCACTACCAGCAGAACACCCCCATCGGCGACGGCCCCGTGCTGCTGCCCGACAACCACTACCTGAGCACCCAGTCCGCCCTGAGCAAAGACCCCAACGAGAAGCGAGATCACATGGTCCTGCTGGAGTTCGTGACCGCCGCCGGGATCACTCTCGGCATGGACGAGCTGTACAAGTCCTAA,2.287706952785937,0.010734096863496547,2.2769728559224403
R_to_CGC,R,CGC,TLE2,TLE2,0,832,109,723,0,CTCTTTCTTCGGGCAGCCTCCCCACCACCCCACTTCAGCCTCCCCCACTCTTGCCGCCTCCATATCATCAAGCTCTGGTGGCGCCTGGGGGGCTTTTCGGATCGGCAGGATGGTGAGCAAGGGCGAGGAGCTGTTCACCGGGGTGGTGCCCATCCTGGTCGAGCTGGACGGCGACGTAAACGGCCACAAGTTCAGCGTGTCCGGCGAGGGCGAGGGCGATGCCACCTACGGCAAGCTGACCCTGAAGTTCATCTGCACCACCGGCAAGCTGCCCGTGCCCTGGCCCACCCTCGTGACCACCCTGACCTACGGCGTGCAGTGCTTCAGCCGCTACCCCGACCACATGAAGCAGCACGACTTCTTCAAGTCCGCCATGCCCGAAGGCTACGTCCAGGAGCGCACCATCTTCTTCAAGGACGACGGCAACTACAAGACCCGCGCCGAGGTGAAGTTCGAGGGCGACACCCTGGTGAACCGCATCGAGCTGAAGGGCATCGACTTCAAGGAGGACGGCAACATCCTGGGGCACAAGCTGGAGTACAACTACAACAGCCACAACGTCTATATCATGGCCGACAAGCAGAAGAACGGCATCAAGGTGAACTTCAAGATCCGCCACAACATCGAGGACGGCAGCGTGCAGCTCGCCGACCACTACCAGCAGAACACCCCCATCGGCGACGGCCCCGTGCTGCTGCCCGACAACCACTACCTGAGCACCCAGTCCGCCCTGAGCAAAGACCCCAACGAGAAGCGCGATCACATGGTCCTGCTGGAGTTCGTGACCGCCGCCGGGATCACTCTCGGCATGGACGAGCTGTACAAGTCCTAA,2.403729057312268,-0.023528521428731512,2.4272575787409996
R_to_CGG,R,CGG,TLE2,TLE2,0,832,109,723,0,CTCTTTCTTCGGGCAGCCTCCCCACCACCCCACTTCAGCCTCCCCCACTCTTGCCGCCTCCATATCATCAAGCTCTGGTGGCGCCTGGGGGGCTTTTCGGATCGGCAGGATGGTGAGCAAGGGCGAGGAGCTGTTCACCGGGGTGGTGCCCATCCTGGTCGAGCTGGACGGCGACGTAAACGGCCACAAGTTCAGCGTGTCCGGCGAGGGCGAGGGCGATGCCACCTACGGCAAGCTGACCCTGAAGTTCATCTGCACCACCGGCAAGCTGCCCGTGCCCTGGCCCACCCTCGTGACCACCCTGACCTACGGCGTGCAGTGCTTCAGCCGGTACCCCGACCACATGAAGCAGCACGACTTCTTCAAGTCCGCCATGCCCGAAGGCTACGTCCAGGAGCGGACCATCTTCTTCAAGGACGACGGCAACTACAAGACCCGGGCCGAGGTGAAGTTCGAGGGCGACACCCTGGTGAACCGGATCGAGCTGAAGGGCATCGACTTCAAGGAGGACGGCAACATCCTGGGGCACAAGCTGGAGTACAACTACAACAGCCACAACGTCTATATCATGGCCGACAAGCAGAAGAACGGCATCAAGGTGAACTTCAAGATCCGGCACAACATCGAGGACGGCAGCGTGCAGCTCGCCGACCACTACCAGCAGAACACCCCCATCGGCGACGGCCCCGTGCTGCTGCCCGACAACCACTACCTGAGCACCCAGTCCGCCCTGAGCAAAGACCCCAACGAGAAGCGGGATCACATGGTCCTGCTGGAGTTCGTGACCGCCGCCGGGATCACTCTCGGCATGGACGAGCTGTACAAGTCCTAA,2.3438167982439726,0.019013045961293676,2.324803752282679
R_to_CGT,R,CGT,TLE2,TLE2,0,832,109,723,0,CTCTTTCTTCGGGCAGCCTCCCCACCACCCCACTTCAGCCTCCCCCACTCTTGCCGCCTCCATATCATCAAGCTCTGGTGGCGCCTGGGGGGCTTTTCGGATCGGCAGGATGGTGAGCAAGGGCGAGGAGCTGTTCACCGGGGTGGTGCCCATCCTGGTCGAGCTGGACGGCGACGTAAACGGCCACAAGTTCAGCGTGTCCGGCGAGGGCGAGGGCGATGCCACCTACGGCAAGCTGACCCTGAAGTTCATCTGCACCACCGGCAAGCTGCCCGTGCCCTGGCCCACCCTCGTGACCACCCTGACCTACGGCGTGCAGTGCTTCAGCCGTTACCCCGACCACATGAAGCAGCACGACTTCTTCAAGTCCGCCATGCCCGAAGGCTACGTCCAGGAGCGTACCATCTTCTTCAAGGACGACGGCAACTACAAGACCCGTGCCGAGGTGAAGTTCGAGGGCGACACCCTGGTGAACCGTATCGAGCTGAAGGGCATCGACTTCAAGGAGGACGGCAACATCCTGGGGCACAAGCTGGAGTACAACTACAACAGCCACAACGTCTATATCATGGCCGACAAGCAGAAGAACGGCATCAAGGTGAACTTCAAGATCCGTCACAACATCGAGGACGGCAGCGTGCAGCTCGCCGACCACTACCAGCAGAACACCCCCATCGGCGACGGCCCCGTGCTGCTGCCCGACAACCACTACCTGAGCACCCAGTCCGCCCTGAGCAAAGACCCCAACGAGAAGCGTGATCACATGGTCCTGCTGGAGTTCGTGACCGCCGCCGGGATCACTCTCGGCATGGACGAGCTGTACAAGTCCTAA,2.554952112458796,-0.11036907396062431,2.6653211864194204
R_to_AGA,R,AGA,TLE2,TLE2,0,832,109,723,0,CTCTTTCTTCGGGCAGCCTCCCCACCACCCCACTTCAGCCTCCCCCACTCTTGCCGCCTCCATATCATCAAGCTCTGGTGGCGCCTGGGGGGCTTTTCGGATCGGCAGGATGGTGAGCAAGGGCGAGGAGCTGTTCACCGGGGTGGTGCCCATCCTGGTCGAGCTGGACGGCGACGTAAACGGCCACAAGTTCAGCGTGTCCGGCGAGGGCGAGGGCGATGCCACCTACGGCAAGCTGACCCTGAAGTTCATCTGCACCACCGGCAAGCTGCCCGTGCCCTGGCCCACCCTCGTGACCACCCTGACCTACGGCGTGCAGTGCTTCAGCAGATACCCCGACCACATGAAGCAGCACGACTTCTTCAAGTCCGCCATGCCCGAAGGCTACGTCCAGGAGAGAACCATCTTCTTCAAGGACGACGGCAACTACAAGACCAGAGCCGAGGTGAAGTTCGAGGGCGACACCCTGGTGAACAGAATCGAGCTGAAGGGCATCGACTTCAAGGAGGACGGCAACATCCTGGGGCACAAGCTGGAGTACAACTACAACAGCCACAACGTCTATATCATGGCCGACAAGCAGAAGAACGGCATCAAGGTGAACTTCAAGATCAGACACAACATCGAGGACGGCAGCGTGCAGCTCGCCGACCACTACCAGCAGAACACCCCCATCGGCGACGGCCCCGTGCTGCTGCCCGACAACCACTACCTGAGCACCCAGTCCGCCCTGAGCAAAGACCCCAACGAGAAGAGAGATCACATGGTCCTGCTGGAGTTCGTGACCGCCGCCGGGATCACTCTCGGCATGGACGAGCTGTACAAGTCCTAA,2.2632406440826145,-0.023195559979368292,2.286436204061983
R_to_AGG,R,AGG,TLE2,TLE2,0,832,109,723,0,CTCTTTCTTCGGGCAGCCTCCCCACCACCCCACTTCAGCCTCCCCCACTCTTGCCGCCTCCATATCATCAAGCTCTGGTGGCGCCTGGGGGGCTTTTCGGATCGGCAGGATGGTGAGCAAGGGCGAGGAGCTGTTCACCGGGGTGGTGCCCATCCTGGTCGAGCTGGACGGCGACGTAAACGGCCACAAGTTCAGCGTGTCCGGCGAGGGCGAGGGCGATGCCACCTACGGCAAGCTGACCCTGAAGTTCATCTGCACCACCGGCAAGCTGCCCGTGCCCTGGCCCACCCTCGTGACCACCCTGACCTACGGCGTGCAGTGCTTCAGCAGGTACCCCGACCACATGAAGCAGCACGACTTCTTCAAGTCCGCCATGCCCGAAGGCTACGTCCAGGAGAGGACCATCTTCTTCAAGGACGACGGCAACTACAAGACCAGGGCCGAGGTGAAGTTCGAGGGCGACACCCTGGTGAACAGGATCGAGCTGAAGGGCATCGACTTCAAGGAGGACGGCAACATCCTGGGGCACAAGCTGGAGTACAACTACAACAGCCACAACGTCTATATCATGGCCGACAAGCAGAAGAACGGCATCAAGGTGAACTTCAAGATCAGGCACAACATCGAGGACGGCAGCGTGCAGCTCGCCGACCACTACCAGCAGAACACCCCCATCGGCGACGGCCCCGTGCTGCTGCCCGACAACCACTACCTGAGCACCCAGTCCGCCCTGAGCAAAGACCCCAACGAGAAGAGGGATCACATGGTCCTGCTGGAGTTCGTGACCGCCGCCGGGATCACTCTCGGCATGGACGAGCTGTACAAGTCCTAA,2.243057974030979,-0.012001161877193373,2.2550591359081724
X_to_TAA,X,TAA,TLE2,TLE2,0,832,109,723,0,CTCTTTCTTCGGGCAGCCTCCCCACCACCCCACTTCAGCCTCCCCCACTCTTGCCGCCTCCATATCATCAAGCTCTGGTGGCGCCTGGGGGGCTTTTCGGATCGGCAGGATGGTGAGCAAGGGCGAGGAGCTGTTCACCGGGGTGGTGCCCATCCTGGTCGAGCTGGACGGCGACGTAAACGGCCACAAGTTCAGCGTGTCCGGCGAGGGCGAGGGCGATGCCACCTACGGCAAGCTGACCCTGAAGTTCATCTGCACCACCGGCAAGCTGCCCGTGCCCTGGCCCACCCTCGTGACCACCCTGACCTACGGCGTGCAGTGCTTCAGCCGCTACCCCGACCACATGAAGCAGCACGACTTCTTCAAGTCCGCCATGCCCGAAGGCTACGTCCAGGAGCGCACCATCTTCTTCAAGGACGACGGCAACTACAAGACCCGCGCCGAGGTGAAGTTCGAGGGCGACACCCTGGTGAACCGCATCGAGCTGAAGGGCATCGACTTCAAGGAGGACGGCAACATCCTGGGGCACAAGCTGGAGTACAACTACAACAGCCACAACGTCTATATCATGGCCGACAAGCAGAAGAACGGCATCAAGGTGAACTTCAAGATCCGCCACAACATCGAGGACGGCAGCGTGCAGCTCGCCGACCACTACCAGCAGAACACCCCCATCGGCGACGGCCCCGTGCTGCTGCCCGACAACCACTACCTGAGCACCCAGTCCGCCCTGAGCAAAGACCCCAACGAGAAGCGCGATCACATGGTCCTGCTGGAGTTCGTGACCGCCGCCGGGATCACTCTCGGCATGGACGAGCTGTACAAGTCCTAA,2.403729057312268,-0.023528521428731512,2.4272575787409996
X_to_TAG,X,TAG,TLE2,TLE2,0,832,109,723,0,CTCTTTCTTCGGGCAGCCTCCCCACCACCCCACTTCAGCCTCCCCCACTCTTGCCGCCTCCATATCATCAAGCTCTGGTGGCGCCTGGGGGGCTTTTCGGATCGGCAGGATGGTGAGCAAGGGCGAGGAGCTGTTCACCGGGGTGGTGCCCATCCTGGTCGAGCTGGACGGCGACGTAAACGGCCACAAGTTCAGCGTGTCCGGCGAGGGCGAGGGCGATGCCACCTACGGCAAGCTGACCCTGAAGTTCATCTGCACCACCGGCAAGCTGCCCGTGCCCTGGCCCACCCTCGTGACCACCCTGACCTACGGCGTGCAGTGCTTCAGCCGCTACCCCGACCACATGAAGCAGCACGACTTCTTCAAGTCCGCCATGCCCGAAGGCTACGTCCAGGAGCGCACCATCTTCTTCAAGGACGACGGCAACTACAAGACCCGCGCCGAGGTGAAGTTCGAGGGCGACACCCTGGTGAACCGCATCGAGCTGAAGGGCATCGACTTCAAGGAGGACGGCAACATCCTGGGGCACAAGCTGGAGTACAACTACAACAGCCACAACGTCTATATCATGGCCGACAAGCAGAAGAACGGCATCAAGGTGAACTTCAAGATCCGCCACAACATCGAGGACGGCAGCGTGCAGCTCGCCGACCACTACCAGCAGAACACCCCCATCGGCGACGGCCCCGTGCTGCTGCCCGACAACCACTACCTGAGCACCCAGTCCGCCCTGAGCAAAGACCCCAACGAGAAGCGCGATCACATGGTCCTGCTGGAGTTCGTGACCGCCGCCGGGATCACTCTCGGCATGGACGAGCTGTACAAGTCCTAG,2.2321819362733364,-0.07318353894502166,2.305365475218358
X_to_TGA,X,TGA,TLE2,TLE2,0,832,109,723,0,CTCTTTCTTCGGGCAGCCTCCCCACCACCCCACTTCAGCCTCCCCCACTCTTGCCGCCTCCATATCATCAAGCTCTGGTGGCGCCTGGGGGGCTTTTCGGATCGGCAGGATGGTGAGCAAGGGCGAGGAGCTGTTCACCGGGGTGGTGCCCATCCTGGTCGAGCTGGACGGCGACGTAAACGGCCACAAGTTCAGCGTGTCCGGCGAGGGCGAGGGCGATGCCACCTACGGCAAGCTGACCCTGAAGTTCATCTGCACCACCGGCAAGCTGCCCGTGCCCTGGCCCACCCTCGTGACCACCCTGACCTACGGCGTGCAGTGCTTCAGCCGCTACCCCGACCACATGAAGCAGCACGACTTCTTCAAGTCCGCCATGCCCGAAGGCTACGTCCAGGAGCGCACCATCTTCTTCAAGGACGACGGCAACTACAAGACCCGCGCCGAGGTGAAGTTCGAGGGCGACACCCTGGTGAACCGCATCGAGCTGAAGGGCATCGACTTCAAGGAGGACGGCAACATCCTGGGGCACAAGCTGGAGTACAACTACAACAGCCACAACGTCTATATCATGGCCGACAAGCAGAAGAACGGCATCAAGGTGAACTTCAAGATCCGCCACAACATCGAGGACGGCAGCGTGCAGCTCGCCGACCACTACCAGCAGAACACCCCCATCGGCGACGGCCCCGTGCTGCTGCCCGACAACCACTACCTGAGCACCCAGTCCGCCCTGAGCAAAGACCCCAACGAGAAGCGCGATCACATGGTCCTGCTGGAGTTCGTGACCGCCGCCGGGATCACTCTCGGCATGGACGAGCTGTACAAGTCCTGA,2.241840376952311,-0.026212762510999695,2.2680531394633108
