SYMBOL,Amino_Acid,Codon,UTR5,UTR3,fold,tx_size,utr5_size,cds_size,utr3_size,tx_sequence,co_pred_Huh-7.5,co_pred_A549,co_pred_Huh-7.5-co_pred_A549
original,original,original,SH3TC1,SH3TC1,2,1015,144,723,148,GTCCAGCTGGAGACAGCCCCGTGGGGCCAGCCAGCGCTGGGCCAGGAGCGGCCACCTGGTTCCTGCGTGCTACGGCCCTGTGGGCCTGGGAGCTGCCTCTGAGGAACACGCCGCAGGGCCAGGCATGTGAGGTCTCTGCGGGTCATGGTGAGCAAGGGCGAGGAGCTGTTCACCGGGGTGGTGCCCATCCTGGTCGAGCTGGACGGCGACGTAAACGGCCACAAGTTCAGCGTGTCCGGCGAGGGCGAGGGCGATGCCACCTACGGCAAGCTGACCCTGAAGTTCATCTGCACCACCGGCAAGCTGCCCGTGCCCTGGCCCACCCTCGTGACCACCCTGACCTACGGCGTGCAGTGCTTCAGCCGCTACCCCGACCACATGAAGCAGCACGACTTCTTCAAGTCCGCCATGCCCGAAGGCTACGTCCAGGAGCGCACCATCTTCTTCAAGGACGACGGCAACTACAAGACCCGCGCCGAGGTGAAGTTCGAGGGCGACACCCTGGTGAACCGCATCGAGCTGAAGGGCATCGACTTCAAGGAGGACGGCAACATCCTGGGGCACAAGCTGGAGTACAACTACAACAGCCACAACGTCTATATCATGGCCGACAAGCAGAAGAACGGCATCAAGGTGAACTTCAAGATCCGCCACAACATCGAGGACGGCAGCGTGCAGCTCGCCGACCACTACCAGCAGAACACCCCCATCGGCGACGGCCCCGTGCTGCTGCCCGACAACCACTACCTGAGCACCCAGTCCGCCCTGAGCAAAGACCCCAACGAGAAGCGCGATCACATGGTCCTGCTGGAGTTCGTGACCGCCGCCGGGATCACTCTCGGCATGGACGAGCTGTACAAGTCCTAAGGACAGCATCCAAGGGAGTGGGTTTTGTGCAAGGGCTGGGGGTCTCCTGCCTCTCCTGGTGTCGCCGGTGGCTCATTTTCTGGCAAATGGAGGCACGAACGCAGGGGCCAAATAGCAATAAATGGGTTTTGTTTTTTTTTTGCAATAA,0.6397355863317762,-0.12647348983541096,0.7662090761671871
M_to_ATG,M,ATG,SH3TC1,SH3TC1,2,1015,144,723,148,GTCCAGCTGGAGACAGCCCCGTGGGGCCAGCCAGCGCTGGGCCAGGAGCGGCCACCTGGTTCCTGCGTGCTACGGCCCTGTGGGCCTGGGAGCTGCCTCTGAGGAACACGCCGCAGGGCCAGGCATGTGAGGTCTCTGCGGGTCATGGTGAGCAAGGGCGAGGAGCTGTTCACCGGGGTGGTGCCCATCCTGGTCGAGCTGGACGGCGACGTAAACGGCCACAAGTTCAGCGTGTCCGGCGAGGGCGAGGGCGATGCCACCTACGGCAAGCTGACCCTGAAGTTCATCTGCACCACCGGCAAGCTGCCCGTGCCCTGGCCCACCCTCGTGACCACCCTGACCTACGGCGTGCAGTGCTTCAGCCGCTACCCCGACCACATGAAGCAGCACGACTTCTTCAAGTCCGCCATGCCCGAAGGCTACGTCCAGGAGCGCACCATCTTCTTCAAGGACGACGGCAACTACAAGACCCGCGCCGAGGTGAAGTTCGAGGGCGACACCCTGGTGAACCGCATCGAGCTGAAGGGCATCGACTTCAAGGAGGACGGCAACATCCTGGGGCACAAGCTGGAGTACAACTACAACAGCCACAACGTCTATATCATGGCCGACAAGCAGAAGAACGGCATCAAGGTGAACTTCAAGATCCGCCACAACATCGAGGACGGCAGCGTGCAGCTCGCCGACCACTACCAGCAGAACACCCCCATCGGCGACGGCCCCGTGCTGCTGCCCGACAACCACTACCTGAGCACCCAGTCCGCCCTGAGCAAAGACCCCAACGAGAAGCGCGATCACATGGTCCTGCTGGAGTTCGTGACCGCCGCCGGGATCACTCTCGGCATGGACGAGCTGTACAAGTCCTAAGGACAGCATCCAAGGGAGTGGGTTTTGTGCAAGGGCTGGGGGTCTCCTGCCTCTCCTGGTGTCGCCGGTGGCTCATTTTCTGGCAAATGGAGGCACGAACGCAGGGGCCAAATAGCAATAAATGGGTTTTGTTTTTTTTTTGCAATAA,0.6397355863317762,-0.12647348983541096,0.7662090761671871
I_to_ATA,I,ATA,SH3TC1,SH3TC1,2,1015,144,723,148,GTCCAGCTGGAGACAGCCCCGTGGGGCCAGCCAGCGCTGGGCCAGGAGCGGCCACCTGGTTCCTGCGTGCTACGGCCCTGTGGGCCTGGGAGCTGCCTCTGAGGAACACGCCGCAGGGCCAGGCATGTGAGGTCTCTGCGGGTCATGGTGAGCAAGGGCGAGGAGCTGTTCACCGGGGTGGTGCCCATACTGGTCGAGCTGGACGGCGACGTAAACGGCCACAAGTTCAGCGTGTCCGGCGAGGGCGAGGGCGATGCCACCTACGGCAAGCTGACCCTGAAGTTCATATGCACCACCGGCAAGCTGCCCGTGCCCTGGCCCACCCTCGTGACCACCCTGACCTACGGCGTGCAGTGCTTCAGCCGCTACCCCGACCACATGAAGCAGCACGACTTCTTCAAGTCCGCCATGCCCGAAGGCTACGTCCAGGAGCGCACCATATTCTTCAAGGACGACGGCAACTACAAGACCCGCGCCGAGGTGAAGTTCGAGGGCGACACCCTGGTGAACCGCATAGAGCTGAAGGGCATAGACTTCAAGGAGGACGGCAACATACTGGGGCACAAGCTGGAGTACAACTACAACAGCCACAACGTCTATATAATGGCCGACAAGCAGAAGAACGGCATAAAGGTGAACTTCAAGATACGCCACAACATAGAGGACGGCAGCGTGCAGCTCGCCGACCACTACCAGCAGAACACCCCCATAGGCGACGGCCCCGTGCTGCTGCCCGACAACCACTACCTGAGCACCCAGTCCGCCCTGAGCAAAGACCCCAACGAGAAGCGCGATCACATGGTCCTGCTGGAGTTCGTGACCGCCGCCGGGATAACTCTCGGCATGGACGAGCTGTACAAGTCCTAAGGACAGCATCCAAGGGAGTGGGTTTTGTGCAAGGGCTGGGGGTCTCCTGCCTCTCCTGGTGTCGCCGGTGGCTCATTTTCTGGCAAATGGAGGCACGAACGCAGGGGCCAAATAGCAATAAATGGGTTTTGTTTTTTTTTTGCAATAA,0.6792279203138745,-0.11958255700890054,0.798810477322775
I_to_ATC,I,ATC,SH3TC1,SH3TC1,2,1015,144,723,148,GTCCAGCTGGAGACAGCCCCGTGGGGCCAGCCAGCGCTGGGCCAGGAGCGGCCACCTGGTTCCTGCGTGCTACGGCCCTGTGGGCCTGGGAGCTGCCTCTGAGGAACACGCCGCAGGGCCAGGCATGTGAGGTCTCTGCGGGTCATGGTGAGCAAGGGCGAGGAGCTGTTCACCGGGGTGGTGCCCATCCTGGTCGAGCTGGACGGCGACGTAAACGGCCACAAGTTCAGCGTGTCCGGCGAGGGCGAGGGCGATGCCACCTACGGCAAGCTGACCCTGAAGTTCATCTGCACCACCGGCAAGCTGCCCGTGCCCTGGCCCACCCTCGTGACCACCCTGACCTACGGCGTGCAGTGCTTCAGCCGCTACCCCGACCACATGAAGCAGCACGACTTCTTCAAGTCCGCCATGCCCGAAGGCTACGTCCAGGAGCGCACCATCTTCTTCAAGGACGACGGCAACTACAAGACCCGCGCCGAGGTGAAGTTCGAGGGCGACACCCTGGTGAACCGCATCGAGCTGAAGGGCATCGACTTCAAGGAGGACGGCAACATCCTGGGGCACAAGCTGGAGTACAACTACAACAGCCACAACGTCTATATCATGGCCGACAAGCAGAAGAACGGCATCAAGGTGAACTTCAAGATCCGCCACAACATCGAGGACGGCAGCGTGCAGCTCGCCGACCACTACCAGCAGAACACCCCCATCGGCGACGGCCCCGTGCTGCTGCCCGACAACCACTACCTGAGCACCCAGTCCGCCCTGAGCAAAGACCCCAACGAGAAGCGCGATCACATGGTCCTGCTGGAGTTCGTGACCGCCGCCGGGATCACTCTCGGCATGGACGAGCTGTACAAGTCCTAAGGACAGCATCCAAGGGAGTGGGTTTTGTGCAAGGGCTGGGGGTCTCCTGCCTCTCCTGGTGTCGCCGGTGGCTCATTTTCTGGCAAATGGAGGCACGAACGCAGGGGCCAAATAGCAATAAATGGGTTTTGTTTTTTTTTTGCAATAA,0.6397355863317762,-0.12647348983541096,0.7662090761671871
I_to_ATT,I,ATT,SH3TC1,SH3TC1,2,1015,144,723,148,GTCCAGCTGGAGACAGCCCCGTGGGGCCAGCCAGCGCTGGGCCAGGAGCGGCCACCTGGTTCCTGCGTGCTACGGCCCTGTGGGCCTGGGAGCTGCCTCTGAGGAACACGCCGCAGGGCCAGGCATGTGAGGTCTCTGCGGGTCATGGTGAGCAAGGGCGAGGAGCTGTTCACCGGGGTGGTGCCCATTCTGGTCGAGCTGGACGGCGACGTAAACGGCCACAAGTTCAGCGTGTCCGGCGAGGGCGAGGGCGATGCCACCTACGGCAAGCTGACCCTGAAGTTCATTTGCACCACCGGCAAGCTGCCCGTGCCCTGGCCCACCCTCGTGACCACCCTGACCTACGGCGTGCAGTGCTTCAGCCGCTACCCCGACCACATGAAGCAGCACGACTTCTTCAAGTCCGCCATGCCCGAAGGCTACGTCCAGGAGCGCACCATTTTCTTCAAGGACGACGGCAACTACAAGACCCGCGCCGAGGTGAAGTTCGAGGGCGACACCCTGGTGAACCGCATTGAGCTGAAGGGCATTGACTTCAAGGAGGACGGCAACATTCTGGGGCACAAGCTGGAGTACAACTACAACAGCCACAACGTCTATATTATGGCCGACAAGCAGAAGAACGGCATTAAGGTGAACTTCAAGATTCGCCACAACATTGAGGACGGCAGCGTGCAGCTCGCCGACCACTACCAGCAGAACACCCCCATTGGCGACGGCCCCGTGCTGCTGCCCGACAACCACTACCTGAGCACCCAGTCCGCCCTGAGCAAAGACCCCAACGAGAAGCGCGATCACATGGTCCTGCTGGAGTTCGTGACCGCCGCCGGGATTACTCTCGGCATGGACGAGCTGTACAAGTCCTAAGGACAGCATCCAAGGGAGTGGGTTTTGTGCAAGGGCTGGGGGTCTCCTGCCTCTCCTGGTGTCGCCGGTGGCTCATTTTCTGGCAAATGGAGGCACGAACGCAGGGGCCAAATAGCAATAAATGGGTTTTGTTTTTTTTTTGCAATAA,0.6682097842031579,-0.08871520449669829,0.7569249886998561
L_to_TTA,L,TTA,SH3TC1,SH3TC1,2,1015,144,723,148,GTCCAGCTGGAGACAGCCCCGTGGGGCCAGCCAGCGCTGGGCCAGGAGCGGCCACCTGGTTCCTGCGTGCTACGGCCCTGTGGGCCTGGGAGCTGCCTCTGAGGAACACGCCGCAGGGCCAGGCATGTGAGGTCTCTGCGGGTCATGGTGAGCAAGGGCGAGGAGTTATTCACCGGGGTGGTGCCCATCTTAGTCGAGTTAGACGGCGACGTAAACGGCCACAAGTTCAGCGTGTCCGGCGAGGGCGAGGGCGATGCCACCTACGGCAAGTTAACCTTAAAGTTCATCTGCACCACCGGCAAGTTACCCGTGCCCTGGCCCACCTTAGTGACCACCTTAACCTACGGCGTGCAGTGCTTCAGCCGCTACCCCGACCACATGAAGCAGCACGACTTCTTCAAGTCCGCCATGCCCGAAGGCTACGTCCAGGAGCGCACCATCTTCTTCAAGGACGACGGCAACTACAAGACCCGCGCCGAGGTGAAGTTCGAGGGCGACACCTTAGTGAACCGCATCGAGTTAAAGGGCATCGACTTCAAGGAGGACGGCAACATCTTAGGGCACAAGTTAGAGTACAACTACAACAGCCACAACGTCTATATCATGGCCGACAAGCAGAAGAACGGCATCAAGGTGAACTTCAAGATCCGCCACAACATCGAGGACGGCAGCGTGCAGTTAGCCGACCACTACCAGCAGAACACCCCCATCGGCGACGGCCCCGTGTTATTACCCGACAACCACTACTTAAGCACCCAGTCCGCCTTAAGCAAAGACCCCAACGAGAAGCGCGATCACATGGTCTTATTAGAGTTCGTGACCGCCGCCGGGATCACTTTAGGCATGGACGAGTTATACAAGTCCTAAGGACAGCATCCAAGGGAGTGGGTTTTGTGCAAGGGCTGGGGGTCTCCTGCCTCTCCTGGTGTCGCCGGTGGCTCATTTTCTGGCAAATGGAGGCACGAACGCAGGGGCCAAATAGCAATAAATGGGTTTTGTTTTTTTTTTGCAATAA,0.6172861476357134,-0.19852172013686564,0.8158078677725791
L_to_TTG,L,TTG,SH3TC1,SH3TC1,2,1015,144,723,148,GTCCAGCTGGAGACAGCCCCGTGGGGCCAGCCAGCGCTGGGCCAGGAGCGGCCACCTGGTTCCTGCGTGCTACGGCCCTGTGGGCCTGGGAGCTGCCTCTGAGGAACACGCCGCAGGGCCAGGCATGTGAGGTCTCTGCGGGTCATGGTGAGCAAGGGCGAGGAGTTGTTCACCGGGGTGGTGCCCATCTTGGTCGAGTTGGACGGCGACGTAAACGGCCACAAGTTCAGCGTGTCCGGCGAGGGCGAGGGCGATGCCACCTACGGCAAGTTGACCTTGAAGTTCATCTGCACCACCGGCAAGTTGCCCGTGCCCTGGCCCACCTTGGTGACCACCTTGACCTACGGCGTGCAGTGCTTCAGCCGCTACCCCGACCACATGAAGCAGCACGACTTCTTCAAGTCCGCCATGCCCGAAGGCTACGTCCAGGAGCGCACCATCTTCTTCAAGGACGACGGCAACTACAAGACCCGCGCCGAGGTGAAGTTCGAGGGCGACACCTTGGTGAACCGCATCGAGTTGAAGGGCATCGACTTCAAGGAGGACGGCAACATCTTGGGGCACAAGTTGGAGTACAACTACAACAGCCACAACGTCTATATCATGGCCGACAAGCAGAAGAACGGCATCAAGGTGAACTTCAAGATCCGCCACAACATCGAGGACGGCAGCGTGCAGTTGGCCGACCACTACCAGCAGAACACCCCCATCGGCGACGGCCCCGTGTTGTTGCCCGACAACCACTACTTGAGCACCCAGTCCGCCTTGAGCAAAGACCCCAACGAGAAGCGCGATCACATGGTCTTGTTGGAGTTCGTGACCGCCGCCGGGATCACTTTGGGCATGGACGAGTTGTACAAGTCCTAAGGACAGCATCCAAGGGAGTGGGTTTTGTGCAAGGGCTGGGGGTCTCCTGCCTCTCCTGGTGTCGCCGGTGGCTCATTTTCTGGCAAATGGAGGCACGAACGCAGGGGCCAAATAGCAATAAATGGGTTTTGTTTTTTTTTTGCAATAA,0.6810894475815107,-0.12647348983541096,0.8075629374169216
L_to_CTA,L,CTA,SH3TC1,SH3TC1,2,1015,144,723,148,GTCCAGCTGGAGACAGCCCCGTGGGGCCAGCCAGCGCTGGGCCAGGAGCGGCCACCTGGTTCCTGCGTGCTACGGCCCTGTGGGCCTGGGAGCTGCCTCTGAGGAACACGCCGCAGGGCCAGGCATGTGAGGTCTCTGCGGGTCATGGTGAGCAAGGGCGAGGAGCTATTCACCGGGGTGGTGCCCATCCTAGTCGAGCTAGACGGCGACGTAAACGGCCACAAGTTCAGCGTGTCCGGCGAGGGCGAGGGCGATGCCACCTACGGCAAGCTAACCCTAAAGTTCATCTGCACCACCGGCAAGCTACCCGTGCCCTGGCCCACCCTAGTGACCACCCTAACCTACGGCGTGCAGTGCTTCAGCCGCTACCCCGACCACATGAAGCAGCACGACTTCTTCAAGTCCGCCATGCCCGAAGGCTACGTCCAGGAGCGCACCATCTTCTTCAAGGACGACGGCAACTACAAGACCCGCGCCGAGGTGAAGTTCGAGGGCGACACCCTAGTGAACCGCATCGAGCTAAAGGGCATCGACTTCAAGGAGGACGGCAACATCCTAGGGCACAAGCTAGAGTACAACTACAACAGCCACAACGTCTATATCATGGCCGACAAGCAGAAGAACGGCATCAAGGTGAACTTCAAGATCCGCCACAACATCGAGGACGGCAGCGTGCAGCTAGCCGACCACTACCAGCAGAACACCCCCATCGGCGACGGCCCCGTGCTACTACCCGACAACCACTACCTAAGCACCCAGTCCGCCCTAAGCAAAGACCCCAACGAGAAGCGCGATCACATGGTCCTACTAGAGTTCGTGACCGCCGCCGGGATCACTCTAGGCATGGACGAGCTATACAAGTCCTAAGGACAGCATCCAAGGGAGTGGGTTTTGTGCAAGGGCTGGGGGTCTCCTGCCTCTCCTGGTGTCGCCGGTGGCTCATTTTCTGGCAAATGGAGGCACGAACGCAGGGGCCAAATAGCAATAAATGGGTTTTGTTTTTTTTTTGCAATAA,0.6460529588192386,-0.2006703944984838,0.8467233533177224
L_to_CTC,L,CTC,SH3TC1,SH3TC1,2,1015,144,723,148,GTCCAGCTGGAGACAGCCCCGTGGGGCCAGCCAGCGCTGGGCCAGGAGCGGCCACCTGGTTCCTGCGTGCTACGGCCCTGTGGGCCTGGGAGCTGCCTCTGAGGAACACGCCGCAGGGCCAGGCATGTGAGGTCTCTGCGGGTCATGGTGAGCAAGGGCGAGGAGCTCTTCACCGGGGTGGTGCCCATCCTCGTCGAGCTCGACGGCGACGTAAACGGCCACAAGTTCAGCGTGTCCGGCGAGGGCGAGGGCGATGCCACCTACGGCAAGCTCACCCTCAAGTTCATCTGCACCACCGGCAAGCTCCCCGTGCCCTGGCCCACCCTCGTGACCACCCTCACCTACGGCGTGCAGTGCTTCAGCCGCTACCCCGACCACATGAAGCAGCACGACTTCTTCAAGTCCGCCATGCCCGAAGGCTACGTCCAGGAGCGCACCATCTTCTTCAAGGACGACGGCAACTACAAGACCCGCGCCGAGGTGAAGTTCGAGGGCGACACCCTCGTGAACCGCATCGAGCTCAAGGGCATCGACTTCAAGGAGGACGGCAACATCCTCGGGCACAAGCTCGAGTACAACTACAACAGCCACAACGTCTATATCATGGCCGACAAGCAGAAGAACGGCATCAAGGTGAACTTCAAGATCCGCCACAACATCGAGGACGGCAGCGTGCAGCTCGCCGACCACTACCAGCAGAACACCCCCATCGGCGACGGCCCCGTGCTCCTCCCCGACAACCACTACCTCAGCACCCAGTCCGCCCTCAGCAAAGACCCCAACGAGAAGCGCGATCACATGGTCCTCCTCGAGTTCGTGACCGCCGCCGGGATCACTCTCGGCATGGACGAGCTCTACAAGTCCTAAGGACAGCATCCAAGGGAGTGGGTTTTGTGCAAGGGCTGGGGGTCTCCTGCCTCTCCTGGTGTCGCCGGTGGCTCATTTTCTGGCAAATGGAGGCACGAACGCAGGGGCCAAATAGCAATAAATGGGTTTTGTTTTTTTTTTGCAATAA,0.6611110918537016,-0.12161156198501231,0.782722653838714
L_to_CTG,L,CTG,SH3TC1,SH3TC1,2,1015,144,723,148,GTCCAGCTGGAGACAGCCCCGTGGGGCCAGCCAGCGCTGGGCCAGGAGCGGCCACCTGGTTCCTGCGTGCTACGGCCCTGTGGGCCTGGGAGCTGCCTCTGAGGAACACGCCGCAGGGCCAGGCATGTGAGGTCTCTGCGGGTCATGGTGAGCAAGGGCGAGGAGCTGTTCACCGGGGTGGTGCCCATCCTGGTCGAGCTGGACGGCGACGTAAACGGCCACAAGTTCAGCGTGTCCGGCGAGGGCGAGGGCGATGCCACCTACGGCAAGCTGACCCTGAAGTTCATCTGCACCACCGGCAAGCTGCCCGTGCCCTGGCCCACCCTGGTGACCACCCTGACCTACGGCGTGCAGTGCTTCAGCCGCTACCCCGACCACATGAAGCAGCACGACTTCTTCAAGTCCGCCATGCCCGAAGGCTACGTCCAGGAGCGCACCATCTTCTTCAAGGACGACGGCAACTACAAGACCCGCGCCGAGGTGAAGTTCGAGGGCGACACCCTGGTGAACCGCATCGAGCTGAAGGGCATCGACTTCAAGGAGGACGGCAACATCCTGGGGCACAAGCTGGAGTACAACTACAACAGCCACAACGTCTATATCATGGCCGACAAGCAGAAGAACGGCATCAAGGTGAACTTCAAGATCCGCCACAACATCGAGGACGGCAGCGTGCAGCTGGCCGACCACTACCAGCAGAACACCCCCATCGGCGACGGCCCCGTGCTGCTGCCCGACAACCACTACCTGAGCACCCAGTCCGCCCTGAGCAAAGACCCCAACGAGAAGCGCGATCACATGGTCCTGCTGGAGTTCGTGACCGCCGCCGGGATCACTCTGGGCATGGACGAGCTGTACAAGTCCTAAGGACAGCATCCAAGGGAGTGGGTTTTGTGCAAGGGCTGGGGGTCTCCTGCCTCTCCTGGTGTCGCCGGTGGCTCATTTTCTGGCAAATGGAGGCACGAACGCAGGGGCCAAATAGCAATAAATGGGTTTTGTTTTTTTTTTGCAATAA,0.6671939747390204,-0.12647348983541096,0.7936674645744314
L_to_CTT,L,CTT,SH3TC1,SH3TC1,2,1015,144,723,148,GTCCAGCTGGAGACAGCCCCGTGGGGCCAGCCAGCGCTGGGCCAGGAGCGGCCACCTGGTTCCTGCGTGCTACGGCCCTGTGGGCCTGGGAGCTGCCTCTGAGGAACACGCCGCAGGGCCAGGCATGTGAGGTCTCTGCGGGTCATGGTGAGCAAGGGCGAGGAGCTTTTCACCGGGGTGGTGCCCATCCTTGTCGAGCTTGACGGCGACGTAAACGGCCACAAGTTCAGCGTGTCCGGCGAGGGCGAGGGCGATGCCACCTACGGCAAGCTTACCCTTAAGTTCATCTGCACCACCGGCAAGCTTCCCGTGCCCTGGCCCACCCTTGTGACCACCCTTACCTACGGCGTGCAGTGCTTCAGCCGCTACCCCGACCACATGAAGCAGCACGACTTCTTCAAGTCCGCCATGCCCGAAGGCTACGTCCAGGAGCGCACCATCTTCTTCAAGGACGACGGCAACTACAAGACCCGCGCCGAGGTGAAGTTCGAGGGCGACACCCTTGTGAACCGCATCGAGCTTAAGGGCATCGACTTCAAGGAGGACGGCAACATCCTTGGGCACAAGCTTGAGTACAACTACAACAGCCACAACGTCTATATCATGGCCGACAAGCAGAAGAACGGCATCAAGGTGAACTTCAAGATCCGCCACAACATCGAGGACGGCAGCGTGCAGCTTGCCGACCACTACCAGCAGAACACCCCCATCGGCGACGGCCCCGTGCTTCTTCCCGACAACCACTACCTTAGCACCCAGTCCGCCCTTAGCAAAGACCCCAACGAGAAGCGCGATCACATGGTCCTTCTTGAGTTCGTGACCGCCGCCGGGATCACTCTTGGCATGGACGAGCTTTACAAGTCCTAAGGACAGCATCCAAGGGAGTGGGTTTTGTGCAAGGGCTGGGGGTCTCCTGCCTCTCCTGGTGTCGCCGGTGGCTCATTTTCTGGCAAATGGAGGCACGAACGCAGGGGCCAAATAGCAATAAATGGGTTTTGTTTTTTTTTTGCAATAA,0.6515304288281857,-0.12036485436903523,0.7718952831972209
V_to_GTA,V,GTA,SH3TC1,SH3TC1,2,1015,144,723,148,GTCCAGCTGGAGACAGCCCCGTGGGGCCAGCCAGCGCTGGGCCAGGAGCGGCCACCTGGTTCCTGCGTGCTACGGCCCTGTGGGCCTGGGAGCTGCCTCTGAGGAACACGCCGCAGGGCCAGGCATGTGAGGTCTCTGCGGGTCATGGTAAGCAAGGGCGAGGAGCTGTTCACCGGGGTAGTACCCATCCTGGTAGAGCTGGACGGCGACGTAAACGGCCACAAGTTCAGCGTATCCGGCGAGGGCGAGGGCGATGCCACCTACGGCAAGCTGACCCTGAAGTTCATCTGCACCACCGGCAAGCTGCCCGTACCCTGGCCCACCCTCGTAACCACCCTGACCTACGGCGTACAGTGCTTCAGCCGCTACCCCGACCACATGAAGCAGCACGACTTCTTCAAGTCCGCCATGCCCGAAGGCTACGTACAGGAGCGCACCATCTTCTTCAAGGACGACGGCAACTACAAGACCCGCGCCGAGGTAAAGTTCGAGGGCGACACCCTGGTAAACCGCATCGAGCTGAAGGGCATCGACTTCAAGGAGGACGGCAACATCCTGGGGCACAAGCTGGAGTACAACTACAACAGCCACAACGTATATATCATGGCCGACAAGCAGAAGAACGGCATCAAGGTAAACTTCAAGATCCGCCACAACATCGAGGACGGCAGCGTACAGCTCGCCGACCACTACCAGCAGAACACCCCCATCGGCGACGGCCCCGTACTGCTGCCCGACAACCACTACCTGAGCACCCAGTCCGCCCTGAGCAAAGACCCCAACGAGAAGCGCGATCACATGGTACTGCTGGAGTTCGTAACCGCCGCCGGGATCACTCTCGGCATGGACGAGCTGTACAAGTCCTAAGGACAGCATCCAAGGGAGTGGGTTTTGTGCAAGGGCTGGGGGTCTCCTGCCTCTCCTGGTGTCGCCGGTGGCTCATTTTCTGGCAAATGGAGGCACGAACGCAGGGGCCAAATAGCAATAAATGGGTTTTGTTTTTTTTTTGCAATAA,0.6371987315546421,-0.12688710103496667,0.7640858325896088
V_to_GTC,V,GTC,SH3TC1,SH3TC1,2,1015,144,723,148,GTCCAGCTGGAGACAGCCCCGTGGGGCCAGCCAGCGCTGGGCCAGGAGCGGCCACCTGGTTCCTGCGTGCTACGGCCCTGTGGGCCTGGGAGCTGCCTCTGAGGAACACGCCGCAGGGCCAGGCATGTGAGGTCTCTGCGGGTCATGGTCAGCAAGGGCGAGGAGCTGTTCACCGGGGTCGTCCCCATCCTGGTCGAGCTGGACGGCGACGTCAACGGCCACAAGTTCAGCGTCTCCGGCGAGGGCGAGGGCGATGCCACCTACGGCAAGCTGACCCTGAAGTTCATCTGCACCACCGGCAAGCTGCCCGTCCCCTGGCCCACCCTCGTCACCACCCTGACCTACGGCGTCCAGTGCTTCAGCCGCTACCCCGACCACATGAAGCAGCACGACTTCTTCAAGTCCGCCATGCCCGAAGGCTACGTCCAGGAGCGCACCATCTTCTTCAAGGACGACGGCAACTACAAGACCCGCGCCGAGGTCAAGTTCGAGGGCGACACCCTGGTCAACCGCATCGAGCTGAAGGGCATCGACTTCAAGGAGGACGGCAACATCCTGGGGCACAAGCTGGAGTACAACTACAACAGCCACAACGTCTATATCATGGCCGACAAGCAGAAGAACGGCATCAAGGTCAACTTCAAGATCCGCCACAACATCGAGGACGGCAGCGTCCAGCTCGCCGACCACTACCAGCAGAACACCCCCATCGGCGACGGCCCCGTCCTGCTGCCCGACAACCACTACCTGAGCACCCAGTCCGCCCTGAGCAAAGACCCCAACGAGAAGCGCGATCACATGGTCCTGCTGGAGTTCGTCACCGCCGCCGGGATCACTCTCGGCATGGACGAGCTGTACAAGTCCTAAGGACAGCATCCAAGGGAGTGGGTTTTGTGCAAGGGCTGGGGGTCTCCTGCCTCTCCTGGTGTCGCCGGTGGCTCATTTTCTGGCAAATGGAGGCACGAACGCAGGGGCCAAATAGCAATAAATGGGTTTTGTTTTTTTTTTGCAATAA,0.6213338498939087,-0.09660407850425251,0.7179379283981613
V_to_GTG,V,GTG,SH3TC1,SH3TC1,2,1015,144,723,148,GTCCAGCTGGAGACAGCCCCGTGGGGCCAGCCAGCGCTGGGCCAGGAGCGGCCACCTGGTTCCTGCGTGCTACGGCCCTGTGGGCCTGGGAGCTGCCTCTGAGGAACACGCCGCAGGGCCAGGCATGTGAGGTCTCTGCGGGTCATGGTGAGCAAGGGCGAGGAGCTGTTCACCGGGGTGGTGCCCATCCTGGTGGAGCTGGACGGCGACGTGAACGGCCACAAGTTCAGCGTGTCCGGCGAGGGCGAGGGCGATGCCACCTACGGCAAGCTGACCCTGAAGTTCATCTGCACCACCGGCAAGCTGCCCGTGCCCTGGCCCACCCTCGTGACCACCCTGACCTACGGCGTGCAGTGCTTCAGCCGCTACCCCGACCACATGAAGCAGCACGACTTCTTCAAGTCCGCCATGCCCGAAGGCTACGTGCAGGAGCGCACCATCTTCTTCAAGGACGACGGCAACTACAAGACCCGCGCCGAGGTGAAGTTCGAGGGCGACACCCTGGTGAACCGCATCGAGCTGAAGGGCATCGACTTCAAGGAGGACGGCAACATCCTGGGGCACAAGCTGGAGTACAACTACAACAGCCACAACGTGTATATCATGGCCGACAAGCAGAAGAACGGCATCAAGGTGAACTTCAAGATCCGCCACAACATCGAGGACGGCAGCGTGCAGCTCGCCGACCACTACCAGCAGAACACCCCCATCGGCGACGGCCCCGTGCTGCTGCCCGACAACCACTACCTGAGCACCCAGTCCGCCCTGAGCAAAGACCCCAACGAGAAGCGCGATCACATGGTGCTGCTGGAGTTCGTGACCGCCGCCGGGATCACTCTCGGCATGGACGAGCTGTACAAGTCCTAAGGACAGCATCCAAGGGAGTGGGTTTTGTGCAAGGGCTGGGGGTCTCCTGCCTCTCCTGGTGTCGCCGGTGGCTCATTTTCTGGCAAATGGAGGCACGAACGCAGGGGCCAAATAGCAATAAATGGGTTTTGTTTTTTTTTTGCAATAA,0.6523984117661383,-0.20782409053063053,0.8602225022967689
V_to_GTT,V,GTT,SH3TC1,SH3TC1,2,1015,144,723,148,GTCCAGCTGGAGACAGCCCCGTGGGGCCAGCCAGCGCTGGGCCAGGAGCGGCCACCTGGTTCCTGCGTGCTACGGCCCTGTGGGCCTGGGAGCTGCCTCTGAGGAACACGCCGCAGGGCCAGGCATGTGAGGTCTCTGCGGGTCATGGTTAGCAAGGGCGAGGAGCTGTTCACCGGGGTTGTTCCCATCCTGGTTGAGCTGGACGGCGACGTTAACGGCCACAAGTTCAGCGTTTCCGGCGAGGGCGAGGGCGATGCCACCTACGGCAAGCTGACCCTGAAGTTCATCTGCACCACCGGCAAGCTGCCCGTTCCCTGGCCCACCCTCGTTACCACCCTGACCTACGGCGTTCAGTGCTTCAGCCGCTACCCCGACCACATGAAGCAGCACGACTTCTTCAAGTCCGCCATGCCCGAAGGCTACGTTCAGGAGCGCACCATCTTCTTCAAGGACGACGGCAACTACAAGACCCGCGCCGAGGTTAAGTTCGAGGGCGACACCCTGGTTAACCGCATCGAGCTGAAGGGCATCGACTTCAAGGAGGACGGCAACATCCTGGGGCACAAGCTGGAGTACAACTACAACAGCCACAACGTTTATATCATGGCCGACAAGCAGAAGAACGGCATCAAGGTTAACTTCAAGATCCGCCACAACATCGAGGACGGCAGCGTTCAGCTCGCCGACCACTACCAGCAGAACACCCCCATCGGCGACGGCCCCGTTCTGCTGCCCGACAACCACTACCTGAGCACCCAGTCCGCCCTGAGCAAAGACCCCAACGAGAAGCGCGATCACATGGTTCTGCTGGAGTTCGTTACCGCCGCCGGGATCACTCTCGGCATGGACGAGCTGTACAAGTCCTAAGGACAGCATCCAAGGGAGTGGGTTTTGTGCAAGGGCTGGGGGTCTCCTGCCTCTCCTGGTGTCGCCGGTGGCTCATTTTCTGGCAAATGGAGGCACGAACGCAGGGGCCAAATAGCAATAAATGGGTTTTGTTTTTTTTTTGCAATAA,0.6523984117661383,-0.06850452788063367,0.720902939646772
F_to_TTC,F,TTC,SH3TC1,SH3TC1,2,1015,144,723,148,GTCCAGCTGGAGACAGCCCCGTGGGGCCAGCCAGCGCTGGGCCAGGAGCGGCCACCTGGTTCCTGCGTGCTACGGCCCTGTGGGCCTGGGAGCTGCCTCTGAGGAACACGCCGCAGGGCCAGGCATGTGAGGTCTCTGCGGGTCATGGTGAGCAAGGGCGAGGAGCTGTTCACCGGGGTGGTGCCCATCCTGGTCGAGCTGGACGGCGACGTAAACGGCCACAAGTTCAGCGTGTCCGGCGAGGGCGAGGGCGATGCCACCTACGGCAAGCTGACCCTGAAGTTCATCTGCACCACCGGCAAGCTGCCCGTGCCCTGGCCCACCCTCGTGACCACCCTGACCTACGGCGTGCAGTGCTTCAGCCGCTACCCCGACCACATGAAGCAGCACGACTTCTTCAAGTCCGCCATGCCCGAAGGCTACGTCCAGGAGCGCACCATCTTCTTCAAGGACGACGGCAACTACAAGACCCGCGCCGAGGTGAAGTTCGAGGGCGACACCCTGGTGAACCGCATCGAGCTGAAGGGCATCGACTTCAAGGAGGACGGCAACATCCTGGGGCACAAGCTGGAGTACAACTACAACAGCCACAACGTCTATATCATGGCCGACAAGCAGAAGAACGGCATCAAGGTGAACTTCAAGATCCGCCACAACATCGAGGACGGCAGCGTGCAGCTCGCCGACCACTACCAGCAGAACACCCCCATCGGCGACGGCCCCGTGCTGCTGCCCGACAACCACTACCTGAGCACCCAGTCCGCCCTGAGCAAAGACCCCAACGAGAAGCGCGATCACATGGTCCTGCTGGAGTTCGTGACCGCCGCCGGGATCACTCTCGGCATGGACGAGCTGTACAAGTCCTAAGGACAGCATCCAAGGGAGTGGGTTTTGTGCAAGGGCTGGGGGTCTCCTGCCTCTCCTGGTGTCGCCGGTGGCTCATTTTCTGGCAAATGGAGGCACGAACGCAGGGGCCAAATAGCAATAAATGGGTTTTGTTTTTTTTTTGCAATAA,0.6397355863317762,-0.12647348983541096,0.7662090761671871
F_to_TTT,F,TTT,SH3TC1,SH3TC1,2,1015,144,723,148,GTCCAGCTGGAGACAGCCCCGTGGGGCCAGCCAGCGCTGGGCCAGGAGCGGCCACCTGGTTCCTGCGTGCTACGGCCCTGTGGGCCTGGGAGCTGCCTCTGAGGAACACGCCGCAGGGCCAGGCATGTGAGGTCTCTGCGGGTCATGGTGAGCAAGGGCGAGGAGCTGTTTACCGGGGTGGTGCCCATCCTGGTCGAGCTGGACGGCGACGTAAACGGCCACAAGTTTAGCGTGTCCGGCGAGGGCGAGGGCGATGCCACCTACGGCAAGCTGACCCTGAAGTTTATCTGCACCACCGGCAAGCTGCCCGTGCCCTGGCCCACCCTCGTGACCACCCTGACCTACGGCGTGCAGTGCTTTAGCCGCTACCCCGACCACATGAAGCAGCACGACTTTTTTAAGTCCGCCATGCCCGAAGGCTACGTCCAGGAGCGCACCATCTTTTTTAAGGACGACGGCAACTACAAGACCCGCGCCGAGGTGAAGTTTGAGGGCGACACCCTGGTGAACCGCATCGAGCTGAAGGGCATCGACTTTAAGGAGGACGGCAACATCCTGGGGCACAAGCTGGAGTACAACTACAACAGCCACAACGTCTATATCATGGCCGACAAGCAGAAGAACGGCATCAAGGTGAACTTTAAGATCCGCCACAACATCGAGGACGGCAGCGTGCAGCTCGCCGACCACTACCAGCAGAACACCCCCATCGGCGACGGCCCCGTGCTGCTGCCCGACAACCACTACCTGAGCACCCAGTCCGCCCTGAGCAAAGACCCCAACGAGAAGCGCGATCACATGGTCCTGCTGGAGTTTGTGACCGCCGCCGGGATCACTCTCGGCATGGACGAGCTGTACAAGTCCTAAGGACAGCATCCAAGGGAGTGGGTTTTGTGCAAGGGCTGGGGGTCTCCTGCCTCTCCTGGTGTCGCCGGTGGCTCATTTTCTGGCAAATGGAGGCACGAACGCAGGGGCCAAATAGCAATAAATGGGTTTTGTTTTTTTTTTGCAATAA,0.7132365288111017,-0.1317570180497046,0.8449935468608063
C_to_TGC,C,TGC,SH3TC1,SH3TC1,2,1015,144,723,148,GTCCAGCTGGAGACAGCCCCGTGGGGCCAGCCAGCGCTGGGCCAGGAGCGGCCACCTGGTTCCTGCGTGCTACGGCCCTGTGGGCCTGGGAGCTGCCTCTGAGGAACACGCCGCAGGGCCAGGCATGTGAGGTCTCTGCGGGTCATGGTGAGCAAGGGCGAGGAGCTGTTCACCGGGGTGGTGCCCATCCTGGTCGAGCTGGACGGCGACGTAAACGGCCACAAGTTCAGCGTGTCCGGCGAGGGCGAGGGCGATGCCACCTACGGCAAGCTGACCCTGAAGTTCATCTGCACCACCGGCAAGCTGCCCGTGCCCTGGCCCACCCTCGTGACCACCCTGACCTACGGCGTGCAGTGCTTCAGCCGCTACCCCGACCACATGAAGCAGCACGACTTCTTCAAGTCCGCCATGCCCGAAGGCTACGTCCAGGAGCGCACCATCTTCTTCAAGGACGACGGCAACTACAAGACCCGCGCCGAGGTGAAGTTCGAGGGCGACACCCTGGTGAACCGCATCGAGCTGAAGGGCATCGACTTCAAGGAGGACGGCAACATCCTGGGGCACAAGCTGGAGTACAACTACAACAGCCACAACGTCTATATCATGGCCGACAAGCAGAAGAACGGCATCAAGGTGAACTTCAAGATCCGCCACAACATCGAGGACGGCAGCGTGCAGCTCGCCGACCACTACCAGCAGAACACCCCCATCGGCGACGGCCCCGTGCTGCTGCCCGACAACCACTACCTGAGCACCCAGTCCGCCCTGAGCAAAGACCCCAACGAGAAGCGCGATCACATGGTCCTGCTGGAGTTCGTGACCGCCGCCGGGATCACTCTCGGCATGGACGAGCTGTACAAGTCCTAAGGACAGCATCCAAGGGAGTGGGTTTTGTGCAAGGGCTGGGGGTCTCCTGCCTCTCCTGGTGTCGCCGGTGGCTCATTTTCTGGCAAATGGAGGCACGAACGCAGGGGCCAAATAGCAATAAATGGGTTTTGTTTTTTTTTTGCAATAA,0.6397355863317762,-0.12647348983541096,0.7662090761671871
C_to_TGT,C,TGT,SH3TC1,SH3TC1,2,1015,144,723,148,GTCCAGCTGGAGACAGCCCCGTGGGGCCAGCCAGCGCTGGGCCAGGAGCGGCCACCTGGTTCCTGCGTGCTACGGCCCTGTGGGCCTGGGAGCTGCCTCTGAGGAACACGCCGCAGGGCCAGGCATGTGAGGTCTCTGCGGGTCATGGTGAGCAAGGGCGAGGAGCTGTTCACCGGGGTGGTGCCCATCCTGGTCGAGCTGGACGGCGACGTAAACGGCCACAAGTTCAGCGTGTCCGGCGAGGGCGAGGGCGATGCCACCTACGGCAAGCTGACCCTGAAGTTCATCTGTACCACCGGCAAGCTGCCCGTGCCCTGGCCCACCCTCGTGACCACCCTGACCTACGGCGTGCAGTGTTTCAGCCGCTACCCCGACCACATGAAGCAGCACGACTTCTTCAAGTCCGCCATGCCCGAAGGCTACGTCCAGGAGCGCACCATCTTCTTCAAGGACGACGGCAACTACAAGACCCGCGCCGAGGTGAAGTTCGAGGGCGACACCCTGGTGAACCGCATCGAGCTGAAGGGCATCGACTTCAAGGAGGACGGCAACATCCTGGGGCACAAGCTGGAGTACAACTACAACAGCCACAACGTCTATATCATGGCCGACAAGCAGAAGAACGGCATCAAGGTGAACTTCAAGATCCGCCACAACATCGAGGACGGCAGCGTGCAGCTCGCCGACCACTACCAGCAGAACACCCCCATCGGCGACGGCCCCGTGCTGCTGCCCGACAACCACTACCTGAGCACCCAGTCCGCCCTGAGCAAAGACCCCAACGAGAAGCGCGATCACATGGTCCTGCTGGAGTTCGTGACCGCCGCCGGGATCACTCTCGGCATGGACGAGCTGTACAAGTCCTAAGGACAGCATCCAAGGGAGTGGGTTTTGTGCAAGGGCTGGGGGTCTCCTGCCTCTCCTGGTGTCGCCGGTGGCTCATTTTCTGGCAAATGGAGGCACGAACGCAGGGGCCAAATAGCAATAAATGGGTTTTGTTTTTTTTTTGCAATAA,0.6352412895385222,-0.1662950983486864,0.8015363878872086
A_to_GCA,A,GCA,SH3TC1,SH3TC1,2,1015,144,723,148,GTCCAGCTGGAGACAGCCCCGTGGGGCCAGCCAGCGCTGGGCCAGGAGCGGCCACCTGGTTCCTGCGTGCTACGGCCCTGTGGGCCTGGGAGCTGCCTCTGAGGAACACGCCGCAGGGCCAGGCATGTGAGGTCTCTGCGGGTCATGGTGAGCAAGGGCGAGGAGCTGTTCACCGGGGTGGTGCCCATCCTGGTCGAGCTGGACGGCGACGTAAACGGCCACAAGTTCAGCGTGTCCGGCGAGGGCGAGGGCGATGCAACCTACGGCAAGCTGACCCTGAAGTTCATCTGCACCACCGGCAAGCTGCCCGTGCCCTGGCCCACCCTCGTGACCACCCTGACCTACGGCGTGCAGTGCTTCAGCCGCTACCCCGACCACATGAAGCAGCACGACTTCTTCAAGTCCGCAATGCCCGAAGGCTACGTCCAGGAGCGCACCATCTTCTTCAAGGACGACGGCAACTACAAGACCCGCGCAGAGGTGAAGTTCGAGGGCGACACCCTGGTGAACCGCATCGAGCTGAAGGGCATCGACTTCAAGGAGGACGGCAACATCCTGGGGCACAAGCTGGAGTACAACTACAACAGCCACAACGTCTATATCATGGCAGACAAGCAGAAGAACGGCATCAAGGTGAACTTCAAGATCCGCCACAACATCGAGGACGGCAGCGTGCAGCTCGCAGACCACTACCAGCAGAACACCCCCATCGGCGACGGCCCCGTGCTGCTGCCCGACAACCACTACCTGAGCACCCAGTCCGCACTGAGCAAAGACCCCAACGAGAAGCGCGATCACATGGTCCTGCTGGAGTTCGTGACCGCAGCAGGGATCACTCTCGGCATGGACGAGCTGTACAAGTCCTAAGGACAGCATCCAAGGGAGTGGGTTTTGTGCAAGGGCTGGGGGTCTCCTGCCTCTCCTGGTGTCGCCGGTGGCTCATTTTCTGGCAAATGGAGGCACGAACGCAGGGGCCAAATAGCAATAAATGGGTTTTGTTTTTTTTTTGCAATAA,0.5615697449495745,-0.07262698476851226,0.6341967297180867
A_to_GCC,A,GCC,SH3TC1,SH3TC1,2,1015,144,723,148,GTCCAGCTGGAGACAGCCCCGTGGGGCCAGCCAGCGCTGGGCCAGGAGCGGCCACCTGGTTCCTGCGTGCTACGGCCCTGTGGGCCTGGGAGCTGCCTCTGAGGAACACGCCGCAGGGCCAGGCATGTGAGGTCTCTGCGGGTCATGGTGAGCAAGGGCGAGGAGCTGTTCACCGGGGTGGTGCCCATCCTGGTCGAGCTGGACGGCGACGTAAACGGCCACAAGTTCAGCGTGTCCGGCGAGGGCGAGGGCGATGCCACCTACGGCAAGCTGACCCTGAAGTTCATCTGCACCACCGGCAAGCTGCCCGTGCCCTGGCCCACCCTCGTGACCACCCTGACCTACGGCGTGCAGTGCTTCAGCCGCTACCCCGACCACATGAAGCAGCACGACTTCTTCAAGTCCGCCATGCCCGAAGGCTACGTCCAGGAGCGCACCATCTTCTTCAAGGACGACGGCAACTACAAGACCCGCGCCGAGGTGAAGTTCGAGGGCGACACCCTGGTGAACCGCATCGAGCTGAAGGGCATCGACTTCAAGGAGGACGGCAACATCCTGGGGCACAAGCTGGAGTACAACTACAACAGCCACAACGTCTATATCATGGCCGACAAGCAGAAGAACGGCATCAAGGTGAACTTCAAGATCCGCCACAACATCGAGGACGGCAGCGTGCAGCTCGCCGACCACTACCAGCAGAACACCCCCATCGGCGACGGCCCCGTGCTGCTGCCCGACAACCACTACCTGAGCACCCAGTCCGCCCTGAGCAAAGACCCCAACGAGAAGCGCGATCACATGGTCCTGCTGGAGTTCGTGACCGCCGCCGGGATCACTCTCGGCATGGACGAGCTGTACAAGTCCTAAGGACAGCATCCAAGGGAGTGGGTTTTGTGCAAGGGCTGGGGGTCTCCTGCCTCTCCTGGTGTCGCCGGTGGCTCATTTTCTGGCAAATGGAGGCACGAACGCAGGGGCCAAATAGCAATAAATGGGTTTTGTTTTTTTTTTGCAATAA,0.6397355863317762,-0.12647348983541096,0.7662090761671871
A_to_GCG,A,GCG,SH3TC1,SH3TC1,2,1015,144,723,148,GTCCAGCTGGAGACAGCCCCGTGGGGCCAGCCAGCGCTGGGCCAGGAGCGGCCACCTGGTTCCTGCGTGCTACGGCCCTGTGGGCCTGGGAGCTGCCTCTGAGGAACACGCCGCAGGGCCAGGCATGTGAGGTCTCTGCGGGTCATGGTGAGCAAGGGCGAGGAGCTGTTCACCGGGGTGGTGCCCATCCTGGTCGAGCTGGACGGCGACGTAAACGGCCACAAGTTCAGCGTGTCCGGCGAGGGCGAGGGCGATGCGACCTACGGCAAGCTGACCCTGAAGTTCATCTGCACCACCGGCAAGCTGCCCGTGCCCTGGCCCACCCTCGTGACCACCCTGACCTACGGCGTGCAGTGCTTCAGCCGCTACCCCGACCACATGAAGCAGCACGACTTCTTCAAGTCCGCGATGCCCGAAGGCTACGTCCAGGAGCGCACCATCTTCTTCAAGGACGACGGCAACTACAAGACCCGCGCGGAGGTGAAGTTCGAGGGCGACACCCTGGTGAACCGCATCGAGCTGAAGGGCATCGACTTCAAGGAGGACGGCAACATCCTGGGGCACAAGCTGGAGTACAACTACAACAGCCACAACGTCTATATCATGGCGGACAAGCAGAAGAACGGCATCAAGGTGAACTTCAAGATCCGCCACAACATCGAGGACGGCAGCGTGCAGCTCGCGGACCACTACCAGCAGAACACCCCCATCGGCGACGGCCCCGTGCTGCTGCCCGACAACCACTACCTGAGCACCCAGTCCGCGCTGAGCAAAGACCCCAACGAGAAGCGCGATCACATGGTCCTGCTGGAGTTCGTGACCGCGGCGGGGATCACTCTCGGCATGGACGAGCTGTACAAGTCCTAAGGACAGCATCCAAGGGAGTGGGTTTTGTGCAAGGGCTGGGGGTCTCCTGCCTCTCCTGGTGTCGCCGGTGGCTCATTTTCTGGCAAATGGAGGCACGAACGCAGGGGCCAAATAGCAATAAATGGGTTTTGTTTTTTTTTTGCAATAA,0.5883228251795338,-0.1477992066138776,0.7361220317934114
A_to_GCT,A,GCT,SH3TC1,SH3TC1,2,1015,144,723,148,GTCCAGCTGGAGACAGCCCCGTGGGGCCAGCCAGCGCTGGGCCAGGAGCGGCCACCTGGTTCCTGCGTGCTACGGCCCTGTGGGCCTGGGAGCTGCCTCTGAGGAACACGCCGCAGGGCCAGGCATGTGAGGTCTCTGCGGGTCATGGTGAGCAAGGGCGAGGAGCTGTTCACCGGGGTGGTGCCCATCCTGGTCGAGCTGGACGGCGACGTAAACGGCCACAAGTTCAGCGTGTCCGGCGAGGGCGAGGGCGATGCTACCTACGGCAAGCTGACCCTGAAGTTCATCTGCACCACCGGCAAGCTGCCCGTGCCCTGGCCCACCCTCGTGACCACCCTGACCTACGGCGTGCAGTGCTTCAGCCGCTACCCCGACCACATGAAGCAGCACGACTTCTTCAAGTCCGCTATGCCCGAAGGCTACGTCCAGGAGCGCACCATCTTCTTCAAGGACGACGGCAACTACAAGACCCGCGCTGAGGTGAAGTTCGAGGGCGACACCCTGGTGAACCGCATCGAGCTGAAGGGCATCGACTTCAAGGAGGACGGCAACATCCTGGGGCACAAGCTGGAGTACAACTACAACAGCCACAACGTCTATATCATGGCTGACAAGCAGAAGAACGGCATCAAGGTGAACTTCAAGATCCGCCACAACATCGAGGACGGCAGCGTGCAGCTCGCTGACCACTACCAGCAGAACACCCCCATCGGCGACGGCCCCGTGCTGCTGCCCGACAACCACTACCTGAGCACCCAGTCCGCTCTGAGCAAAGACCCCAACGAGAAGCGCGATCACATGGTCCTGCTGGAGTTCGTGACCGCTGCTGGGATCACTCTCGGCATGGACGAGCTGTACAAGTCCTAAGGACAGCATCCAAGGGAGTGGGTTTTGTGCAAGGGCTGGGGGTCTCCTGCCTCTCCTGGTGTCGCCGGTGGCTCATTTTCTGGCAAATGGAGGCACGAACGCAGGGGCCAAATAGCAATAAATGGGTTTTGTTTTTTTTTTGCAATAA,0.5969547221566962,-0.03300812638660822,0.6299628485433044
G_to_GGA,G,GGA,SH3TC1,SH3TC1,2,1015,144,723,148,GTCCAGCTGGAGACAGCCCCGTGGGGCCAGCCAGCGCTGGGCCAGGAGCGGCCACCTGGTTCCTGCGTGCTACGGCCCTGTGGGCCTGGGAGCTGCCTCTGAGGAACACGCCGCAGGGCCAGGCATGTGAGGTCTCTGCGGGTCATGGTGAGCAAGGGAGAGGAGCTGTTCACCGGAGTGGTGCCCATCCTGGTCGAGCTGGACGGAGACGTAAACGGACACAAGTTCAGCGTGTCCGGAGAGGGAGAGGGAGATGCCACCTACGGAAAGCTGACCCTGAAGTTCATCTGCACCACCGGAAAGCTGCCCGTGCCCTGGCCCACCCTCGTGACCACCCTGACCTACGGAGTGCAGTGCTTCAGCCGCTACCCCGACCACATGAAGCAGCACGACTTCTTCAAGTCCGCCATGCCCGAAGGATACGTCCAGGAGCGCACCATCTTCTTCAAGGACGACGGAAACTACAAGACCCGCGCCGAGGTGAAGTTCGAGGGAGACACCCTGGTGAACCGCATCGAGCTGAAGGGAATCGACTTCAAGGAGGACGGAAACATCCTGGGACACAAGCTGGAGTACAACTACAACAGCCACAACGTCTATATCATGGCCGACAAGCAGAAGAACGGAATCAAGGTGAACTTCAAGATCCGCCACAACATCGAGGACGGAAGCGTGCAGCTCGCCGACCACTACCAGCAGAACACCCCCATCGGAGACGGACCCGTGCTGCTGCCCGACAACCACTACCTGAGCACCCAGTCCGCCCTGAGCAAAGACCCCAACGAGAAGCGCGATCACATGGTCCTGCTGGAGTTCGTGACCGCCGCCGGAATCACTCTCGGAATGGACGAGCTGTACAAGTCCTAAGGACAGCATCCAAGGGAGTGGGTTTTGTGCAAGGGCTGGGGGTCTCCTGCCTCTCCTGGTGTCGCCGGTGGCTCATTTTCTGGCAAATGGAGGCACGAACGCAGGGGCCAAATAGCAATAAATGGGTTTTGTTTTTTTTTTGCAATAA,0.560838315354666,-0.04327070551373124,0.6041090208683972
G_to_GGC,G,GGC,SH3TC1,SH3TC1,2,1015,144,723,148,GTCCAGCTGGAGACAGCCCCGTGGGGCCAGCCAGCGCTGGGCCAGGAGCGGCCACCTGGTTCCTGCGTGCTACGGCCCTGTGGGCCTGGGAGCTGCCTCTGAGGAACACGCCGCAGGGCCAGGCATGTGAGGTCTCTGCGGGTCATGGTGAGCAAGGGCGAGGAGCTGTTCACCGGCGTGGTGCCCATCCTGGTCGAGCTGGACGGCGACGTAAACGGCCACAAGTTCAGCGTGTCCGGCGAGGGCGAGGGCGATGCCACCTACGGCAAGCTGACCCTGAAGTTCATCTGCACCACCGGCAAGCTGCCCGTGCCCTGGCCCACCCTCGTGACCACCCTGACCTACGGCGTGCAGTGCTTCAGCCGCTACCCCGACCACATGAAGCAGCACGACTTCTTCAAGTCCGCCATGCCCGAAGGCTACGTCCAGGAGCGCACCATCTTCTTCAAGGACGACGGCAACTACAAGACCCGCGCCGAGGTGAAGTTCGAGGGCGACACCCTGGTGAACCGCATCGAGCTGAAGGGCATCGACTTCAAGGAGGACGGCAACATCCTGGGCCACAAGCTGGAGTACAACTACAACAGCCACAACGTCTATATCATGGCCGACAAGCAGAAGAACGGCATCAAGGTGAACTTCAAGATCCGCCACAACATCGAGGACGGCAGCGTGCAGCTCGCCGACCACTACCAGCAGAACACCCCCATCGGCGACGGCCCCGTGCTGCTGCCCGACAACCACTACCTGAGCACCCAGTCCGCCCTGAGCAAAGACCCCAACGAGAAGCGCGATCACATGGTCCTGCTGGAGTTCGTGACCGCCGCCGGCATCACTCTCGGCATGGACGAGCTGTACAAGTCCTAAGGACAGCATCCAAGGGAGTGGGTTTTGTGCAAGGGCTGGGGGTCTCCTGCCTCTCCTGGTGTCGCCGGTGGCTCATTTTCTGGCAAATGGAGGCACGAACGCAGGGGCCAAATAGCAATAAATGGGTTTTGTTTTTTTTTTGCAATAA,0.6397355863317762,-0.05186614601351656,0.6916017323452928
G_to_GGG,G,GGG,SH3TC1,SH3TC1,2,1015,144,723,148,GTCCAGCTGGAGACAGCCCCGTGGGGCCAGCCAGCGCTGGGCCAGGAGCGGCCACCTGGTTCCTGCGTGCTACGGCCCTGTGGGCCTGGGAGCTGCCTCTGAGGAACACGCCGCAGGGCCAGGCATGTGAGGTCTCTGCGGGTCATGGTGAGCAAGGGGGAGGAGCTGTTCACCGGGGTGGTGCCCATCCTGGTCGAGCTGGACGGGGACGTAAACGGGCACAAGTTCAGCGTGTCCGGGGAGGGGGAGGGGGATGCCACCTACGGGAAGCTGACCCTGAAGTTCATCTGCACCACCGGGAAGCTGCCCGTGCCCTGGCCCACCCTCGTGACCACCCTGACCTACGGGGTGCAGTGCTTCAGCCGCTACCCCGACCACATGAAGCAGCACGACTTCTTCAAGTCCGCCATGCCCGAAGGGTACGTCCAGGAGCGCACCATCTTCTTCAAGGACGACGGGAACTACAAGACCCGCGCCGAGGTGAAGTTCGAGGGGGACACCCTGGTGAACCGCATCGAGCTGAAGGGGATCGACTTCAAGGAGGACGGGAACATCCTGGGGCACAAGCTGGAGTACAACTACAACAGCCACAACGTCTATATCATGGCCGACAAGCAGAAGAACGGGATCAAGGTGAACTTCAAGATCCGCCACAACATCGAGGACGGGAGCGTGCAGCTCGCCGACCACTACCAGCAGAACACCCCCATCGGGGACGGGCCCGTGCTGCTGCCCGACAACCACTACCTGAGCACCCAGTCCGCCCTGAGCAAAGACCCCAACGAGAAGCGCGATCACATGGTCCTGCTGGAGTTCGTGACCGCCGCCGGGATCACTCTCGGGATGGACGAGCTGTACAAGTCCTAAGGACAGCATCCAAGGGAGTGGGTTTTGTGCAAGGGCTGGGGGTCTCCTGCCTCTCCTGGTGTCGCCGGTGGCTCATTTTCTGGCAAATGGAGGCACGAACGCAGGGGCCAAATAGCAATAAATGGGTTTTGTTTTTTTTTTGCAATAA,0.5965606490566188,-0.13998405971197753,0.7365447087685963
G_to_GGT,G,GGT,SH3TC1,SH3TC1,2,1015,144,723,148,GTCCAGCTGGAGACAGCCCCGTGGGGCCAGCCAGCGCTGGGCCAGGAGCGGCCACCTGGTTCCTGCGTGCTACGGCCCTGTGGGCCTGGGAGCTGCCTCTGAGGAACACGCCGCAGGGCCAGGCATGTGAGGTCTCTGCGGGTCATGGTGAGCAAGGGTGAGGAGCTGTTCACCGGTGTGGTGCCCATCCTGGTCGAGCTGGACGGTGACGTAAACGGTCACAAGTTCAGCGTGTCCGGTGAGGGTGAGGGTGATGCCACCTACGGTAAGCTGACCCTGAAGTTCATCTGCACCACCGGTAAGCTGCCCGTGCCCTGGCCCACCCTCGTGACCACCCTGACCTACGGTGTGCAGTGCTTCAGCCGCTACCCCGACCACATGAAGCAGCACGACTTCTTCAAGTCCGCCATGCCCGAAGGTTACGTCCAGGAGCGCACCATCTTCTTCAAGGACGACGGTAACTACAAGACCCGCGCCGAGGTGAAGTTCGAGGGTGACACCCTGGTGAACCGCATCGAGCTGAAGGGTATCGACTTCAAGGAGGACGGTAACATCCTGGGTCACAAGCTGGAGTACAACTACAACAGCCACAACGTCTATATCATGGCCGACAAGCAGAAGAACGGTATCAAGGTGAACTTCAAGATCCGCCACAACATCGAGGACGGTAGCGTGCAGCTCGCCGACCACTACCAGCAGAACACCCCCATCGGTGACGGTCCCGTGCTGCTGCCCGACAACCACTACCTGAGCACCCAGTCCGCCCTGAGCAAAGACCCCAACGAGAAGCGCGATCACATGGTCCTGCTGGAGTTCGTGACCGCCGCCGGTATCACTCTCGGTATGGACGAGCTGTACAAGTCCTAAGGACAGCATCCAAGGGAGTGGGTTTTGTGCAAGGGCTGGGGGTCTCCTGCCTCTCCTGGTGTCGCCGGTGGCTCATTTTCTGGCAAATGGAGGCACGAACGCAGGGGCCAAATAGCAATAAATGGGTTTTGTTTTTTTTTTGCAATAA,0.5943491269636659,0.20795665151893591,0.38639247544473
P_to_CCA,P,CCA,SH3TC1,SH3TC1,2,1015,144,723,148,GTCCAGCTGGAGACAGCCCCGTGGGGCCAGCCAGCGCTGGGCCAGGAGCGGCCACCTGGTTCCTGCGTGCTACGGCCCTGTGGGCCTGGGAGCTGCCTCTGAGGAACACGCCGCAGGGCCAGGCATGTGAGGTCTCTGCGGGTCATGGTGAGCAAGGGCGAGGAGCTGTTCACCGGGGTGGTGCCAATCCTGGTCGAGCTGGACGGCGACGTAAACGGCCACAAGTTCAGCGTGTCCGGCGAGGGCGAGGGCGATGCCACCTACGGCAAGCTGACCCTGAAGTTCATCTGCACCACCGGCAAGCTGCCAGTGCCATGGCCAACCCTCGTGACCACCCTGACCTACGGCGTGCAGTGCTTCAGCCGCTACCCAGACCACATGAAGCAGCACGACTTCTTCAAGTCCGCCATGCCAGAAGGCTACGTCCAGGAGCGCACCATCTTCTTCAAGGACGACGGCAACTACAAGACCCGCGCCGAGGTGAAGTTCGAGGGCGACACCCTGGTGAACCGCATCGAGCTGAAGGGCATCGACTTCAAGGAGGACGGCAACATCCTGGGGCACAAGCTGGAGTACAACTACAACAGCCACAACGTCTATATCATGGCCGACAAGCAGAAGAACGGCATCAAGGTGAACTTCAAGATCCGCCACAACATCGAGGACGGCAGCGTGCAGCTCGCCGACCACTACCAGCAGAACACCCCAATCGGCGACGGCCCAGTGCTGCTGCCAGACAACCACTACCTGAGCACCCAGTCCGCCCTGAGCAAAGACCCAAACGAGAAGCGCGATCACATGGTCCTGCTGGAGTTCGTGACCGCCGCCGGGATCACTCTCGGCATGGACGAGCTGTACAAGTCCTAAGGACAGCATCCAAGGGAGTGGGTTTTGTGCAAGGGCTGGGGGTCTCCTGCCTCTCCTGGTGTCGCCGGTGGCTCATTTTCTGGCAAATGGAGGCACGAACGCAGGGGCCAAATAGCAATAAATGGGTTTTGTTTTTTTTTTGCAATAA,0.6419369893082468,-0.11515660803310593,0.7570935973413527
P_to_CCC,P,CCC,SH3TC1,SH3TC1,2,1015,144,723,148,GTCCAGCTGGAGACAGCCCCGTGGGGCCAGCCAGCGCTGGGCCAGGAGCGGCCACCTGGTTCCTGCGTGCTACGGCCCTGTGGGCCTGGGAGCTGCCTCTGAGGAACACGCCGCAGGGCCAGGCATGTGAGGTCTCTGCGGGTCATGGTGAGCAAGGGCGAGGAGCTGTTCACCGGGGTGGTGCCCATCCTGGTCGAGCTGGACGGCGACGTAAACGGCCACAAGTTCAGCGTGTCCGGCGAGGGCGAGGGCGATGCCACCTACGGCAAGCTGACCCTGAAGTTCATCTGCACCACCGGCAAGCTGCCCGTGCCCTGGCCCACCCTCGTGACCACCCTGACCTACGGCGTGCAGTGCTTCAGCCGCTACCCCGACCACATGAAGCAGCACGACTTCTTCAAGTCCGCCATGCCCGAAGGCTACGTCCAGGAGCGCACCATCTTCTTCAAGGACGACGGCAACTACAAGACCCGCGCCGAGGTGAAGTTCGAGGGCGACACCCTGGTGAACCGCATCGAGCTGAAGGGCATCGACTTCAAGGAGGACGGCAACATCCTGGGGCACAAGCTGGAGTACAACTACAACAGCCACAACGTCTATATCATGGCCGACAAGCAGAAGAACGGCATCAAGGTGAACTTCAAGATCCGCCACAACATCGAGGACGGCAGCGTGCAGCTCGCCGACCACTACCAGCAGAACACCCCCATCGGCGACGGCCCCGTGCTGCTGCCCGACAACCACTACCTGAGCACCCAGTCCGCCCTGAGCAAAGACCCCAACGAGAAGCGCGATCACATGGTCCTGCTGGAGTTCGTGACCGCCGCCGGGATCACTCTCGGCATGGACGAGCTGTACAAGTCCTAAGGACAGCATCCAAGGGAGTGGGTTTTGTGCAAGGGCTGGGGGTCTCCTGCCTCTCCTGGTGTCGCCGGTGGCTCATTTTCTGGCAAATGGAGGCACGAACGCAGGGGCCAAATAGCAATAAATGGGTTTTGTTTTTTTTTTGCAATAA,0.6397355863317762,-0.12647348983541096,0.7662090761671871
P_to_CCG,P,CCG,SH3TC1,SH3TC1,2,1015,144,723,148,GTCCAGCTGGAGACAGCCCCGTGGGGCCAGCCAGCGCTGGGCCAGGAGCGGCCACCTGGTTCCTGCGTGCTACGGCCCTGTGGGCCTGGGAGCTGCCTCTGAGGAACACGCCGCAGGGCCAGGCATGTGAGGTCTCTGCGGGTCATGGTGAGCAAGGGCGAGGAGCTGTTCACCGGGGTGGTGCCGATCCTGGTCGAGCTGGACGGCGACGTAAACGGCCACAAGTTCAGCGTGTCCGGCGAGGGCGAGGGCGATGCCACCTACGGCAAGCTGACCCTGAAGTTCATCTGCACCACCGGCAAGCTGCCGGTGCCGTGGCCGACCCTCGTGACCACCCTGACCTACGGCGTGCAGTGCTTCAGCCGCTACCCGGACCACATGAAGCAGCACGACTTCTTCAAGTCCGCCATGCCGGAAGGCTACGTCCAGGAGCGCACCATCTTCTTCAAGGACGACGGCAACTACAAGACCCGCGCCGAGGTGAAGTTCGAGGGCGACACCCTGGTGAACCGCATCGAGCTGAAGGGCATCGACTTCAAGGAGGACGGCAACATCCTGGGGCACAAGCTGGAGTACAACTACAACAGCCACAACGTCTATATCATGGCCGACAAGCAGAAGAACGGCATCAAGGTGAACTTCAAGATCCGCCACAACATCGAGGACGGCAGCGTGCAGCTCGCCGACCACTACCAGCAGAACACCCCGATCGGCGACGGCCCGGTGCTGCTGCCGGACAACCACTACCTGAGCACCCAGTCCGCCCTGAGCAAAGACCCGAACGAGAAGCGCGATCACATGGTCCTGCTGGAGTTCGTGACCGCCGCCGGGATCACTCTCGGCATGGACGAGCTGTACAAGTCCTAAGGACAGCATCCAAGGGAGTGGGTTTTGTGCAAGGGCTGGGGGTCTCCTGCCTCTCCTGGTGTCGCCGGTGGCTCATTTTCTGGCAAATGGAGGCACGAACGCAGGGGCCAAATAGCAATAAATGGGTTTTGTTTTTTTTTTGCAATAA,0.6485123633318174,-0.08770885503297114,0.7362212183647885
P_to_CCT,P,CCT,SH3TC1,SH3TC1,2,1015,144,723,148,GTCCAGCTGGAGACAGCCCCGTGGGGCCAGCCAGCGCTGGGCCAGGAGCGGCCACCTGGTTCCTGCGTGCTACGGCCCTGTGGGCCTGGGAGCTGCCTCTGAGGAACACGCCGCAGGGCCAGGCATGTGAGGTCTCTGCGGGTCATGGTGAGCAAGGGCGAGGAGCTGTTCACCGGGGTGGTGCCTATCCTGGTCGAGCTGGACGGCGACGTAAACGGCCACAAGTTCAGCGTGTCCGGCGAGGGCGAGGGCGATGCCACCTACGGCAAGCTGACCCTGAAGTTCATCTGCACCACCGGCAAGCTGCCTGTGCCTTGGCCTACCCTCGTGACCACCCTGACCTACGGCGTGCAGTGCTTCAGCCGCTACCCTGACCACATGAAGCAGCACGACTTCTTCAAGTCCGCCATGCCTGAAGGCTACGTCCAGGAGCGCACCATCTTCTTCAAGGACGACGGCAACTACAAGACCCGCGCCGAGGTGAAGTTCGAGGGCGACACCCTGGTGAACCGCATCGAGCTGAAGGGCATCGACTTCAAGGAGGACGGCAACATCCTGGGGCACAAGCTGGAGTACAACTACAACAGCCACAACGTCTATATCATGGCCGACAAGCAGAAGAACGGCATCAAGGTGAACTTCAAGATCCGCCACAACATCGAGGACGGCAGCGTGCAGCTCGCCGACCACTACCAGCAGAACACCCCTATCGGCGACGGCCCTGTGCTGCTGCCTGACAACCACTACCTGAGCACCCAGTCCGCCCTGAGCAAAGACCCTAACGAGAAGCGCGATCACATGGTCCTGCTGGAGTTCGTGACCGCCGCCGGGATCACTCTCGGCATGGACGAGCTGTACAAGTCCTAAGGACAGCATCCAAGGGAGTGGGTTTTGTGCAAGGGCTGGGGGTCTCCTGCCTCTCCTGGTGTCGCCGGTGGCTCATTTTCTGGCAAATGGAGGCACGAACGCAGGGGCCAAATAGCAATAAATGGGTTTTGTTTTTTTTTTGCAATAA,0.709587528805368,-0.09877739909782227,0.8083649279031903
T_to_ACA,T,ACA,SH3TC1,SH3TC1,2,1015,144,723,148,GTCCAGCTGGAGACAGCCCCGTGGGGCCAGCCAGCGCTGGGCCAGGAGCGGCCACCTGGTTCCTGCGTGCTACGGCCCTGTGGGCCTGGGAGCTGCCTCTGAGGAACACGCCGCAGGGCCAGGCATGTGAGGTCTCTGCGGGTCATGGTGAGCAAGGGCGAGGAGCTGTTCACAGGGGTGGTGCCCATCCTGGTCGAGCTGGACGGCGACGTAAACGGCCACAAGTTCAGCGTGTCCGGCGAGGGCGAGGGCGATGCCACATACGGCAAGCTGACACTGAAGTTCATCTGCACAACAGGCAAGCTGCCCGTGCCCTGGCCCACACTCGTGACAACACTGACATACGGCGTGCAGTGCTTCAGCCGCTACCCCGACCACATGAAGCAGCACGACTTCTTCAAGTCCGCCATGCCCGAAGGCTACGTCCAGGAGCGCACAATCTTCTTCAAGGACGACGGCAACTACAAGACACGCGCCGAGGTGAAGTTCGAGGGCGACACACTGGTGAACCGCATCGAGCTGAAGGGCATCGACTTCAAGGAGGACGGCAACATCCTGGGGCACAAGCTGGAGTACAACTACAACAGCCACAACGTCTATATCATGGCCGACAAGCAGAAGAACGGCATCAAGGTGAACTTCAAGATCCGCCACAACATCGAGGACGGCAGCGTGCAGCTCGCCGACCACTACCAGCAGAACACACCCATCGGCGACGGCCCCGTGCTGCTGCCCGACAACCACTACCTGAGCACACAGTCCGCCCTGAGCAAAGACCCCAACGAGAAGCGCGATCACATGGTCCTGCTGGAGTTCGTGACAGCCGCCGGGATCACACTCGGCATGGACGAGCTGTACAAGTCCTAAGGACAGCATCCAAGGGAGTGGGTTTTGTGCAAGGGCTGGGGGTCTCCTGCCTCTCCTGGTGTCGCCGGTGGCTCATTTTCTGGCAAATGGAGGCACGAACGCAGGGGCCAAATAGCAATAAATGGGTTTTGTTTTTTTTTTGCAATAA,0.527703091146106,-0.1316361676847948,0.6593392588309008
T_to_ACC,T,ACC,SH3TC1,SH3TC1,2,1015,144,723,148,GTCCAGCTGGAGACAGCCCCGTGGGGCCAGCCAGCGCTGGGCCAGGAGCGGCCACCTGGTTCCTGCGTGCTACGGCCCTGTGGGCCTGGGAGCTGCCTCTGAGGAACACGCCGCAGGGCCAGGCATGTGAGGTCTCTGCGGGTCATGGTGAGCAAGGGCGAGGAGCTGTTCACCGGGGTGGTGCCCATCCTGGTCGAGCTGGACGGCGACGTAAACGGCCACAAGTTCAGCGTGTCCGGCGAGGGCGAGGGCGATGCCACCTACGGCAAGCTGACCCTGAAGTTCATCTGCACCACCGGCAAGCTGCCCGTGCCCTGGCCCACCCTCGTGACCACCCTGACCTACGGCGTGCAGTGCTTCAGCCGCTACCCCGACCACATGAAGCAGCACGACTTCTTCAAGTCCGCCATGCCCGAAGGCTACGTCCAGGAGCGCACCATCTTCTTCAAGGACGACGGCAACTACAAGACCCGCGCCGAGGTGAAGTTCGAGGGCGACACCCTGGTGAACCGCATCGAGCTGAAGGGCATCGACTTCAAGGAGGACGGCAACATCCTGGGGCACAAGCTGGAGTACAACTACAACAGCCACAACGTCTATATCATGGCCGACAAGCAGAAGAACGGCATCAAGGTGAACTTCAAGATCCGCCACAACATCGAGGACGGCAGCGTGCAGCTCGCCGACCACTACCAGCAGAACACCCCCATCGGCGACGGCCCCGTGCTGCTGCCCGACAACCACTACCTGAGCACCCAGTCCGCCCTGAGCAAAGACCCCAACGAGAAGCGCGATCACATGGTCCTGCTGGAGTTCGTGACCGCCGCCGGGATCACCCTCGGCATGGACGAGCTGTACAAGTCCTAAGGACAGCATCCAAGGGAGTGGGTTTTGTGCAAGGGCTGGGGGTCTCCTGCCTCTCCTGGTGTCGCCGGTGGCTCATTTTCTGGCAAATGGAGGCACGAACGCAGGGGCCAAATAGCAATAAATGGGTTTTGTTTTTTTTTTGCAATAA,0.6408233818008175,-0.12647348983541096,0.7672968716362285
T_to_ACG,T,ACG,SH3TC1,SH3TC1,2,1015,144,723,148,GTCCAGCTGGAGACAGCCCCGTGGGGCCAGCCAGCGCTGGGCCAGGAGCGGCCACCTGGTTCCTGCGTGCTACGGCCCTGTGGGCCTGGGAGCTGCCTCTGAGGAACACGCCGCAGGGCCAGGCATGTGAGGTCTCTGCGGGTCATGGTGAGCAAGGGCGAGGAGCTGTTCACGGGGGTGGTGCCCATCCTGGTCGAGCTGGACGGCGACGTAAACGGCCACAAGTTCAGCGTGTCCGGCGAGGGCGAGGGCGATGCCACGTACGGCAAGCTGACGCTGAAGTTCATCTGCACGACGGGCAAGCTGCCCGTGCCCTGGCCCACGCTCGTGACGACGCTGACGTACGGCGTGCAGTGCTTCAGCCGCTACCCCGACCACATGAAGCAGCACGACTTCTTCAAGTCCGCCATGCCCGAAGGCTACGTCCAGGAGCGCACGATCTTCTTCAAGGACGACGGCAACTACAAGACGCGCGCCGAGGTGAAGTTCGAGGGCGACACGCTGGTGAACCGCATCGAGCTGAAGGGCATCGACTTCAAGGAGGACGGCAACATCCTGGGGCACAAGCTGGAGTACAACTACAACAGCCACAACGTCTATATCATGGCCGACAAGCAGAAGAACGGCATCAAGGTGAACTTCAAGATCCGCCACAACATCGAGGACGGCAGCGTGCAGCTCGCCGACCACTACCAGCAGAACACGCCCATCGGCGACGGCCCCGTGCTGCTGCCCGACAACCACTACCTGAGCACGCAGTCCGCCCTGAGCAAAGACCCCAACGAGAAGCGCGATCACATGGTCCTGCTGGAGTTCGTGACGGCCGCCGGGATCACGCTCGGCATGGACGAGCTGTACAAGTCCTAAGGACAGCATCCAAGGGAGTGGGTTTTGTGCAAGGGCTGGGGGTCTCCTGCCTCTCCTGGTGTCGCCGGTGGCTCATTTTCTGGCAAATGGAGGCACGAACGCAGGGGCCAAATAGCAATAAATGGGTTTTGTTTTTTTTTTGCAATAA,0.6319303438486603,-0.24241470708339963,0.8743450509320599
T_to_ACT,T,ACT,SH3TC1,SH3TC1,2,1015,144,723,148,GTCCAGCTGGAGACAGCCCCGTGGGGCCAGCCAGCGCTGGGCCAGGAGCGGCCACCTGGTTCCTGCGTGCTACGGCCCTGTGGGCCTGGGAGCTGCCTCTGAGGAACACGCCGCAGGGCCAGGCATGTGAGGTCTCTGCGGGTCATGGTGAGCAAGGGCGAGGAGCTGTTCACTGGGGTGGTGCCCATCCTGGTCGAGCTGGACGGCGACGTAAACGGCCACAAGTTCAGCGTGTCCGGCGAGGGCGAGGGCGATGCCACTTACGGCAAGCTGACTCTGAAGTTCATCTGCACTACTGGCAAGCTGCCCGTGCCCTGGCCCACTCTCGTGACTACTCTGACTTACGGCGTGCAGTGCTTCAGCCGCTACCCCGACCACATGAAGCAGCACGACTTCTTCAAGTCCGCCATGCCCGAAGGCTACGTCCAGGAGCGCACTATCTTCTTCAAGGACGACGGCAACTACAAGACTCGCGCCGAGGTGAAGTTCGAGGGCGACACTCTGGTGAACCGCATCGAGCTGAAGGGCATCGACTTCAAGGAGGACGGCAACATCCTGGGGCACAAGCTGGAGTACAACTACAACAGCCACAACGTCTATATCATGGCCGACAAGCAGAAGAACGGCATCAAGGTGAACTTCAAGATCCGCCACAACATCGAGGACGGCAGCGTGCAGCTCGCCGACCACTACCAGCAGAACACTCCCATCGGCGACGGCCCCGTGCTGCTGCCCGACAACCACTACCTGAGCACTCAGTCCGCCCTGAGCAAAGACCCCAACGAGAAGCGCGATCACATGGTCCTGCTGGAGTTCGTGACTGCCGCCGGGATCACTCTCGGCATGGACGAGCTGTACAAGTCCTAAGGACAGCATCCAAGGGAGTGGGTTTTGTGCAAGGGCTGGGGGTCTCCTGCCTCTCCTGGTGTCGCCGGTGGCTCATTTTCTGGCAAATGGAGGCACGAACGCAGGGGCCAAATAGCAATAAATGGGTTTTGTTTTTTTTTTGCAATAA,0.5969641823530855,-0.1552963103288025,0.752260492681888
S_to_TCA,S,TCA,SH3TC1,SH3TC1,2,1015,144,723,148,GTCCAGCTGGAGACAGCCCCGTGGGGCCAGCCAGCGCTGGGCCAGGAGCGGCCACCTGGTTCCTGCGTGCTACGGCCCTGTGGGCCTGGGAGCTGCCTCTGAGGAACACGCCGCAGGGCCAGGCATGTGAGGTCTCTGCGGGTCATGGTGTCAAAGGGCGAGGAGCTGTTCACCGGGGTGGTGCCCATCCTGGTCGAGCTGGACGGCGACGTAAACGGCCACAAGTTCTCAGTGTCAGGCGAGGGCGAGGGCGATGCCACCTACGGCAAGCTGACCCTGAAGTTCATCTGCACCACCGGCAAGCTGCCCGTGCCCTGGCCCACCCTCGTGACCACCCTGACCTACGGCGTGCAGTGCTTCTCACGCTACCCCGACCACATGAAGCAGCACGACTTCTTCAAGTCAGCCATGCCCGAAGGCTACGTCCAGGAGCGCACCATCTTCTTCAAGGACGACGGCAACTACAAGACCCGCGCCGAGGTGAAGTTCGAGGGCGACACCCTGGTGAACCGCATCGAGCTGAAGGGCATCGACTTCAAGGAGGACGGCAACATCCTGGGGCACAAGCTGGAGTACAACTACAACTCACACAACGTCTATATCATGGCCGACAAGCAGAAGAACGGCATCAAGGTGAACTTCAAGATCCGCCACAACATCGAGGACGGCTCAGTGCAGCTCGCCGACCACTACCAGCAGAACACCCCCATCGGCGACGGCCCCGTGCTGCTGCCCGACAACCACTACCTGTCAACCCAGTCAGCCCTGTCAAAAGACCCCAACGAGAAGCGCGATCACATGGTCCTGCTGGAGTTCGTGACCGCCGCCGGGATCACTCTCGGCATGGACGAGCTGTACAAGTCATAAGGACAGCATCCAAGGGAGTGGGTTTTGTGCAAGGGCTGGGGGTCTCCTGCCTCTCCTGGTGTCGCCGGTGGCTCATTTTCTGGCAAATGGAGGCACGAACGCAGGGGCCAAATAGCAATAAATGGGTTTTGTTTTTTTTTTGCAATAA,0.6815810002878979,0.030687591584244056,0.6508934087036539
S_to_TCC,S,TCC,SH3TC1,SH3TC1,2,1015,144,723,148,GTCCAGCTGGAGACAGCCCCGTGGGGCCAGCCAGCGCTGGGCCAGGAGCGGCCACCTGGTTCCTGCGTGCTACGGCCCTGTGGGCCTGGGAGCTGCCTCTGAGGAACACGCCGCAGGGCCAGGCATGTGAGGTCTCTGCGGGTCATGGTGTCCAAGGGCGAGGAGCTGTTCACCGGGGTGGTGCCCATCCTGGTCGAGCTGGACGGCGACGTAAACGGCCACAAGTTCTCCGTGTCCGGCGAGGGCGAGGGCGATGCCACCTACGGCAAGCTGACCCTGAAGTTCATCTGCACCACCGGCAAGCTGCCCGTGCCCTGGCCCACCCTCGTGACCACCCTGACCTACGGCGTGCAGTGCTTCTCCCGCTACCCCGACCACATGAAGCAGCACGACTTCTTCAAGTCCGCCATGCCCGAAGGCTACGTCCAGGAGCGCACCATCTTCTTCAAGGACGACGGCAACTACAAGACCCGCGCCGAGGTGAAGTTCGAGGGCGACACCCTGGTGAACCGCATCGAGCTGAAGGGCATCGACTTCAAGGAGGACGGCAACATCCTGGGGCACAAGCTGGAGTACAACTACAACTCCCACAACGTCTATATCATGGCCGACAAGCAGAAGAACGGCATCAAGGTGAACTTCAAGATCCGCCACAACATCGAGGACGGCTCCGTGCAGCTCGCCGACCACTACCAGCAGAACACCCCCATCGGCGACGGCCCCGTGCTGCTGCCCGACAACCACTACCTGTCCACCCAGTCCGCCCTGTCCAAAGACCCCAACGAGAAGCGCGATCACATGGTCCTGCTGGAGTTCGTGACCGCCGCCGGGATCACTCTCGGCATGGACGAGCTGTACAAGTCCTAAGGACAGCATCCAAGGGAGTGGGTTTTGTGCAAGGGCTGGGGGTCTCCTGCCTCTCCTGGTGTCGCCGGTGGCTCATTTTCTGGCAAATGGAGGCACGAACGCAGGGGCCAAATAGCAATAAATGGGTTTTGTTTTTTTTTTGCAATAA,0.6820897443095804,0.06625968487930747,0.6158300594302729
S_to_TCG,S,TCG,SH3TC1,SH3TC1,2,1015,144,723,148,GTCCAGCTGGAGACAGCCCCGTGGGGCCAGCCAGCGCTGGGCCAGGAGCGGCCACCTGGTTCCTGCGTGCTACGGCCCTGTGGGCCTGGGAGCTGCCTCTGAGGAACACGCCGCAGGGCCAGGCATGTGAGGTCTCTGCGGGTCATGGTGTCGAAGGGCGAGGAGCTGTTCACCGGGGTGGTGCCCATCCTGGTCGAGCTGGACGGCGACGTAAACGGCCACAAGTTCTCGGTGTCGGGCGAGGGCGAGGGCGATGCCACCTACGGCAAGCTGACCCTGAAGTTCATCTGCACCACCGGCAAGCTGCCCGTGCCCTGGCCCACCCTCGTGACCACCCTGACCTACGGCGTGCAGTGCTTCTCGCGCTACCCCGACCACATGAAGCAGCACGACTTCTTCAAGTCGGCCATGCCCGAAGGCTACGTCCAGGAGCGCACCATCTTCTTCAAGGACGACGGCAACTACAAGACCCGCGCCGAGGTGAAGTTCGAGGGCGACACCCTGGTGAACCGCATCGAGCTGAAGGGCATCGACTTCAAGGAGGACGGCAACATCCTGGGGCACAAGCTGGAGTACAACTACAACTCGCACAACGTCTATATCATGGCCGACAAGCAGAAGAACGGCATCAAGGTGAACTTCAAGATCCGCCACAACATCGAGGACGGCTCGGTGCAGCTCGCCGACCACTACCAGCAGAACACCCCCATCGGCGACGGCCCCGTGCTGCTGCCCGACAACCACTACCTGTCGACCCAGTCGGCCCTGTCGAAAGACCCCAACGAGAAGCGCGATCACATGGTCCTGCTGGAGTTCGTGACCGCCGCCGGGATCACTCTCGGCATGGACGAGCTGTACAAGTCGTAAGGACAGCATCCAAGGGAGTGGGTTTTGTGCAAGGGCTGGGGGTCTCCTGCCTCTCCTGGTGTCGCCGGTGGCTCATTTTCTGGCAAATGGAGGCACGAACGCAGGGGCCAAATAGCAATAAATGGGTTTTGTTTTTTTTTTGCAATAA,0.654675742226941,0.04388785482173363,0.6107878874052074
S_to_TCT,S,TCT,SH3TC1,SH3TC1,2,1015,144,723,148,GTCCAGCTGGAGACAGCCCCGTGGGGCCAGCCAGCGCTGGGCCAGGAGCGGCCACCTGGTTCCTGCGTGCTACGGCCCTGTGGGCCTGGGAGCTGCCTCTGAGGAACACGCCGCAGGGCCAGGCATGTGAGGTCTCTGCGGGTCATGGTGTCTAAGGGCGAGGAGCTGTTCACCGGGGTGGTGCCCATCCTGGTCGAGCTGGACGGCGACGTAAACGGCCACAAGTTCTCTGTGTCTGGCGAGGGCGAGGGCGATGCCACCTACGGCAAGCTGACCCTGAAGTTCATCTGCACCACCGGCAAGCTGCCCGTGCCCTGGCCCACCCTCGTGACCACCCTGACCTACGGCGTGCAGTGCTTCTCTCGCTACCCCGACCACATGAAGCAGCACGACTTCTTCAAGTCTGCCATGCCCGAAGGCTACGTCCAGGAGCGCACCATCTTCTTCAAGGACGACGGCAACTACAAGACCCGCGCCGAGGTGAAGTTCGAGGGCGACACCCTGGTGAACCGCATCGAGCTGAAGGGCATCGACTTCAAGGAGGACGGCAACATCCTGGGGCACAAGCTGGAGTACAACTACAACTCTCACAACGTCTATATCATGGCCGACAAGCAGAAGAACGGCATCAAGGTGAACTTCAAGATCCGCCACAACATCGAGGACGGCTCTGTGCAGCTCGCCGACCACTACCAGCAGAACACCCCCATCGGCGACGGCCCCGTGCTGCTGCCCGACAACCACTACCTGTCTACCCAGTCTGCCCTGTCTAAAGACCCCAACGAGAAGCGCGATCACATGGTCCTGCTGGAGTTCGTGACCGCCGCCGGGATCACTCTCGGCATGGACGAGCTGTACAAGTCTTAAGGACAGCATCCAAGGGAGTGGGTTTTGTGCAAGGGCTGGGGGTCTCCTGCCTCTCCTGGTGTCGCCGGTGGCTCATTTTCTGGCAAATGGAGGCACGAACGCAGGGGCCAAATAGCAATAAATGGGTTTTGTTTTTTTTTTGCAATAA,0.6387345770805446,0.10566296040303852,0.533071616677506
S_to_AGC,S,AGC,SH3TC1,SH3TC1,2,1015,144,723,148,GTCCAGCTGGAGACAGCCCCGTGGGGCCAGCCAGCGCTGGGCCAGGAGCGGCCACCTGGTTCCTGCGTGCTACGGCCCTGTGGGCCTGGGAGCTGCCTCTGAGGAACACGCCGCAGGGCCAGGCATGTGAGGTCTCTGCGGGTCATGGTGAGCAAGGGCGAGGAGCTGTTCACCGGGGTGGTGCCCATCCTGGTCGAGCTGGACGGCGACGTAAACGGCCACAAGTTCAGCGTGAGCGGCGAGGGCGAGGGCGATGCCACCTACGGCAAGCTGACCCTGAAGTTCATCTGCACCACCGGCAAGCTGCCCGTGCCCTGGCCCACCCTCGTGACCACCCTGACCTACGGCGTGCAGTGCTTCAGCCGCTACCCCGACCACATGAAGCAGCACGACTTCTTCAAGAGCGCCATGCCCGAAGGCTACGTCCAGGAGCGCACCATCTTCTTCAAGGACGACGGCAACTACAAGACCCGCGCCGAGGTGAAGTTCGAGGGCGACACCCTGGTGAACCGCATCGAGCTGAAGGGCATCGACTTCAAGGAGGACGGCAACATCCTGGGGCACAAGCTGGAGTACAACTACAACAGCCACAACGTCTATATCATGGCCGACAAGCAGAAGAACGGCATCAAGGTGAACTTCAAGATCCGCCACAACATCGAGGACGGCAGCGTGCAGCTCGCCGACCACTACCAGCAGAACACCCCCATCGGCGACGGCCCCGTGCTGCTGCCCGACAACCACTACCTGAGCACCCAGAGCGCCCTGAGCAAAGACCCCAACGAGAAGCGCGATCACATGGTCCTGCTGGAGTTCGTGACCGCCGCCGGGATCACTCTCGGCATGGACGAGCTGTACAAGAGCTAAGGACAGCATCCAAGGGAGTGGGTTTTGTGCAAGGGCTGGGGGTCTCCTGCCTCTCCTGGTGTCGCCGGTGGCTCATTTTCTGGCAAATGGAGGCACGAACGCAGGGGCCAAATAGCAATAAATGGGTTTTGTTTTTTTTTTGCAATAA,0.639226842310094,-0.1100250299984754,0.7492518723085694
S_to_AGT,S,AGT,SH3TC1,SH3TC1,2,1015,144,723,148,GTCCAGCTGGAGACAGCCCCGTGGGGCCAGCCAGCGCTGGGCCAGGAGCGGCCACCTGGTTCCTGCGTGCTACGGCCCTGTGGGCCTGGGAGCTGCCTCTGAGGAACACGCCGCAGGGCCAGGCATGTGAGGTCTCTGCGGGTCATGGTGAGTAAGGGCGAGGAGCTGTTCACCGGGGTGGTGCCCATCCTGGTCGAGCTGGACGGCGACGTAAACGGCCACAAGTTCAGTGTGAGTGGCGAGGGCGAGGGCGATGCCACCTACGGCAAGCTGACCCTGAAGTTCATCTGCACCACCGGCAAGCTGCCCGTGCCCTGGCCCACCCTCGTGACCACCCTGACCTACGGCGTGCAGTGCTTCAGTCGCTACCCCGACCACATGAAGCAGCACGACTTCTTCAAGAGTGCCATGCCCGAAGGCTACGTCCAGGAGCGCACCATCTTCTTCAAGGACGACGGCAACTACAAGACCCGCGCCGAGGTGAAGTTCGAGGGCGACACCCTGGTGAACCGCATCGAGCTGAAGGGCATCGACTTCAAGGAGGACGGCAACATCCTGGGGCACAAGCTGGAGTACAACTACAACAGTCACAACGTCTATATCATGGCCGACAAGCAGAAGAACGGCATCAAGGTGAACTTCAAGATCCGCCACAACATCGAGGACGGCAGTGTGCAGCTCGCCGACCACTACCAGCAGAACACCCCCATCGGCGACGGCCCCGTGCTGCTGCCCGACAACCACTACCTGAGTACCCAGAGTGCCCTGAGTAAAGACCCCAACGAGAAGCGCGATCACATGGTCCTGCTGGAGTTCGTGACCGCCGCCGGGATCACTCTCGGCATGGACGAGCTGTACAAGAGTTAAGGACAGCATCCAAGGGAGTGGGTTTTGTGCAAGGGCTGGGGGTCTCCTGCCTCTCCTGGTGTCGCCGGTGGCTCATTTTCTGGCAAATGGAGGCACGAACGCAGGGGCCAAATAGCAATAAATGGGTTTTGTTTTTTTTTTGCAATAA,0.6501409833566363,0.004344360821453716,0.6457966225351826
Y_to_TAC,Y,TAC,SH3TC1,SH3TC1,2,1015,144,723,148,GTCCAGCTGGAGACAGCCCCGTGGGGCCAGCCAGCGCTGGGCCAGGAGCGGCCACCTGGTTCCTGCGTGCTACGGCCCTGTGGGCCTGGGAGCTGCCTCTGAGGAACACGCCGCAGGGCCAGGCATGTGAGGTCTCTGCGGGTCATGGTGAGCAAGGGCGAGGAGCTGTTCACCGGGGTGGTGCCCATCCTGGTCGAGCTGGACGGCGACGTAAACGGCCACAAGTTCAGCGTGTCCGGCGAGGGCGAGGGCGATGCCACCTACGGCAAGCTGACCCTGAAGTTCATCTGCACCACCGGCAAGCTGCCCGTGCCCTGGCCCACCCTCGTGACCACCCTGACCTACGGCGTGCAGTGCTTCAGCCGCTACCCCGACCACATGAAGCAGCACGACTTCTTCAAGTCCGCCATGCCCGAAGGCTACGTCCAGGAGCGCACCATCTTCTTCAAGGACGACGGCAACTACAAGACCCGCGCCGAGGTGAAGTTCGAGGGCGACACCCTGGTGAACCGCATCGAGCTGAAGGGCATCGACTTCAAGGAGGACGGCAACATCCTGGGGCACAAGCTGGAGTACAACTACAACAGCCACAACGTCTACATCATGGCCGACAAGCAGAAGAACGGCATCAAGGTGAACTTCAAGATCCGCCACAACATCGAGGACGGCAGCGTGCAGCTCGCCGACCACTACCAGCAGAACACCCCCATCGGCGACGGCCCCGTGCTGCTGCCCGACAACCACTACCTGAGCACCCAGTCCGCCCTGAGCAAAGACCCCAACGAGAAGCGCGATCACATGGTCCTGCTGGAGTTCGTGACCGCCGCCGGGATCACTCTCGGCATGGACGAGCTGTACAAGTCCTAAGGACAGCATCCAAGGGAGTGGGTTTTGTGCAAGGGCTGGGGGTCTCCTGCCTCTCCTGGTGTCGCCGGTGGCTCATTTTCTGGCAAATGGAGGCACGAACGCAGGGGCCAAATAGCAATAAATGGGTTTTGTTTTTTTTTTGCAATAA,0.6397355863317762,-0.07216467398248617,0.7119002603142623
Y_to_TAT,Y,TAT,SH3TC1,SH3TC1,2,1015,144,723,148,GTCCAGCTGGAGACAGCCCCGTGGGGCCAGCCAGCGCTGGGCCAGGAGCGGCCACCTGGTTCCTGCGTGCTACGGCCCTGTGGGCCTGGGAGCTGCCTCTGAGGAACACGCCGCAGGGCCAGGCATGTGAGGTCTCTGCGGGTCATGGTGAGCAAGGGCGAGGAGCTGTTCACCGGGGTGGTGCCCATCCTGGTCGAGCTGGACGGCGACGTAAACGGCCACAAGTTCAGCGTGTCCGGCGAGGGCGAGGGCGATGCCACCTATGGCAAGCTGACCCTGAAGTTCATCTGCACCACCGGCAAGCTGCCCGTGCCCTGGCCCACCCTCGTGACCACCCTGACCTATGGCGTGCAGTGCTTCAGCCGCTATCCCGACCACATGAAGCAGCACGACTTCTTCAAGTCCGCCATGCCCGAAGGCTATGTCCAGGAGCGCACCATCTTCTTCAAGGACGACGGCAACTATAAGACCCGCGCCGAGGTGAAGTTCGAGGGCGACACCCTGGTGAACCGCATCGAGCTGAAGGGCATCGACTTCAAGGAGGACGGCAACATCCTGGGGCACAAGCTGGAGTATAACTATAACAGCCACAACGTCTATATCATGGCCGACAAGCAGAAGAACGGCATCAAGGTGAACTTCAAGATCCGCCACAACATCGAGGACGGCAGCGTGCAGCTCGCCGACCACTATCAGCAGAACACCCCCATCGGCGACGGCCCCGTGCTGCTGCCCGACAACCACTATCTGAGCACCCAGTCCGCCCTGAGCAAAGACCCCAACGAGAAGCGCGATCACATGGTCCTGCTGGAGTTCGTGACCGCCGCCGGGATCACTCTCGGCATGGACGAGCTGTATAAGTCCTAAGGACAGCATCCAAGGGAGTGGGTTTTGTGCAAGGGCTGGGGGTCTCCTGCCTCTCCTGGTGTCGCCGGTGGCTCATTTTCTGGCAAATGGAGGCACGAACGCAGGGGCCAAATAGCAATAAATGGGTTTTGTTTTTTTTTTGCAATAA,0.5856941656234631,-0.07228900140991626,0.6579831670333793
W_to_TGG,W,TGG,SH3TC1,SH3TC1,2,1015,144,723,148,GTCCAGCTGGAGACAGCCCCGTGGGGCCAGCCAGCGCTGGGCCAGGAGCGGCCACCTGGTTCCTGCGTGCTACGGCCCTGTGGGCCTGGGAGCTGCCTCTGAGGAACACGCCGCAGGGCCAGGCATGTGAGGTCTCTGCGGGTCATGGTGAGCAAGGGCGAGGAGCTGTTCACCGGGGTGGTGCCCATCCTGGTCGAGCTGGACGGCGACGTAAACGGCCACAAGTTCAGCGTGTCCGGCGAGGGCGAGGGCGATGCCACCTACGGCAAGCTGACCCTGAAGTTCATCTGCACCACCGGCAAGCTGCCCGTGCCCTGGCCCACCCTCGTGACCACCCTGACCTACGGCGTGCAGTGCTTCAGCCGCTACCCCGACCACATGAAGCAGCACGACTTCTTCAAGTCCGCCATGCCCGAAGGCTACGTCCAGGAGCGCACCATCTTCTTCAAGGACGACGGCAACTACAAGACCCGCGCCGAGGTGAAGTTCGAGGGCGACACCCTGGTGAACCGCATCGAGCTGAAGGGCATCGACTTCAAGGAGGACGGCAACATCCTGGGGCACAAGCTGGAGTACAACTACAACAGCCACAACGTCTATATCATGGCCGACAAGCAGAAGAACGGCATCAAGGTGAACTTCAAGATCCGCCACAACATCGAGGACGGCAGCGTGCAGCTCGCCGACCACTACCAGCAGAACACCCCCATCGGCGACGGCCCCGTGCTGCTGCCCGACAACCACTACCTGAGCACCCAGTCCGCCCTGAGCAAAGACCCCAACGAGAAGCGCGATCACATGGTCCTGCTGGAGTTCGTGACCGCCGCCGGGATCACTCTCGGCATGGACGAGCTGTACAAGTCCTAAGGACAGCATCCAAGGGAGTGGGTTTTGTGCAAGGGCTGGGGGTCTCCTGCCTCTCCTGGTGTCGCCGGTGGCTCATTTTCTGGCAAATGGAGGCACGAACGCAGGGGCCAAATAGCAATAAATGGGTTTTGTTTTTTTTTTGCAATAA,0.6397355863317762,-0.12647348983541096,0.7662090761671871
Q_to_CAA,Q,CAA,SH3TC1,SH3TC1,2,1015,144,723,148,GTCCAGCTGGAGACAGCCCCGTGGGGCCAGCCAGCGCTGGGCCAGGAGCGGCCACCTGGTTCCTGCGTGCTACGGCCCTGTGGGCCTGGGAGCTGCCTCTGAGGAACACGCCGCAGGGCCAGGCATGTGAGGTCTCTGCGGGTCATGGTGAGCAAGGGCGAGGAGCTGTTCACCGGGGTGGTGCCCATCCTGGTCGAGCTGGACGGCGACGTAAACGGCCACAAGTTCAGCGTGTCCGGCGAGGGCGAGGGCGATGCCACCTACGGCAAGCTGACCCTGAAGTTCATCTGCACCACCGGCAAGCTGCCCGTGCCCTGGCCCACCCTCGTGACCACCCTGACCTACGGCGTGCAATGCTTCAGCCGCTACCCCGACCACATGAAGCAACACGACTTCTTCAAGTCCGCCATGCCCGAAGGCTACGTCCAAGAGCGCACCATCTTCTTCAAGGACGACGGCAACTACAAGACCCGCGCCGAGGTGAAGTTCGAGGGCGACACCCTGGTGAACCGCATCGAGCTGAAGGGCATCGACTTCAAGGAGGACGGCAACATCCTGGGGCACAAGCTGGAGTACAACTACAACAGCCACAACGTCTATATCATGGCCGACAAGCAAAAGAACGGCATCAAGGTGAACTTCAAGATCCGCCACAACATCGAGGACGGCAGCGTGCAACTCGCCGACCACTACCAACAAAACACCCCCATCGGCGACGGCCCCGTGCTGCTGCCCGACAACCACTACCTGAGCACCCAATCCGCCCTGAGCAAAGACCCCAACGAGAAGCGCGATCACATGGTCCTGCTGGAGTTCGTGACCGCCGCCGGGATCACTCTCGGCATGGACGAGCTGTACAAGTCCTAAGGACAGCATCCAAGGGAGTGGGTTTTGTGCAAGGGCTGGGGGTCTCCTGCCTCTCCTGGTGTCGCCGGTGGCTCATTTTCTGGCAAATGGAGGCACGAACGCAGGGGCCAAATAGCAATAAATGGGTTTTGTTTTTTTTTTGCAATAA,0.5044046877356063,-0.09144431083631695,0.5958489985719233
Q_to_CAG,Q,CAG,SH3TC1,SH3TC1,2,1015,144,723,148,GTCCAGCTGGAGACAGCCCCGTGGGGCCAGCCAGCGCTGGGCCAGGAGCGGCCACCTGGTTCCTGCGTGCTACGGCCCTGTGGGCCTGGGAGCTGCCTCTGAGGAACACGCCGCAGGGCCAGGCATGTGAGGTCTCTGCGGGTCATGGTGAGCAAGGGCGAGGAGCTGTTCACCGGGGTGGTGCCCATCCTGGTCGAGCTGGACGGCGACGTAAACGGCCACAAGTTCAGCGTGTCCGGCGAGGGCGAGGGCGATGCCACCTACGGCAAGCTGACCCTGAAGTTCATCTGCACCACCGGCAAGCTGCCCGTGCCCTGGCCCACCCTCGTGACCACCCTGACCTACGGCGTGCAGTGCTTCAGCCGCTACCCCGACCACATGAAGCAGCACGACTTCTTCAAGTCCGCCATGCCCGAAGGCTACGTCCAGGAGCGCACCATCTTCTTCAAGGACGACGGCAACTACAAGACCCGCGCCGAGGTGAAGTTCGAGGGCGACACCCTGGTGAACCGCATCGAGCTGAAGGGCATCGACTTCAAGGAGGACGGCAACATCCTGGGGCACAAGCTGGAGTACAACTACAACAGCCACAACGTCTATATCATGGCCGACAAGCAGAAGAACGGCATCAAGGTGAACTTCAAGATCCGCCACAACATCGAGGACGGCAGCGTGCAGCTCGCCGACCACTACCAGCAGAACACCCCCATCGGCGACGGCCCCGTGCTGCTGCCCGACAACCACTACCTGAGCACCCAGTCCGCCCTGAGCAAAGACCCCAACGAGAAGCGCGATCACATGGTCCTGCTGGAGTTCGTGACCGCCGCCGGGATCACTCTCGGCATGGACGAGCTGTACAAGTCCTAAGGACAGCATCCAAGGGAGTGGGTTTTGTGCAAGGGCTGGGGGTCTCCTGCCTCTCCTGGTGTCGCCGGTGGCTCATTTTCTGGCAAATGGAGGCACGAACGCAGGGGCCAAATAGCAATAAATGGGTTTTGTTTTTTTTTTGCAATAA,0.6397355863317762,-0.12647348983541096,0.7662090761671871
N_to_AAC,N,AAC,SH3TC1,SH3TC1,2,1015,144,723,148,GTCCAGCTGGAGACAGCCCCGTGGGGCCAGCCAGCGCTGGGCCAGGAGCGGCCACCTGGTTCCTGCGTGCTACGGCCCTGTGGGCCTGGGAGCTGCCTCTGAGGAACACGCCGCAGGGCCAGGCATGTGAGGTCTCTGCGGGTCATGGTGAGCAAGGGCGAGGAGCTGTTCACCGGGGTGGTGCCCATCCTGGTCGAGCTGGACGGCGACGTAAACGGCCACAAGTTCAGCGTGTCCGGCGAGGGCGAGGGCGATGCCACCTACGGCAAGCTGACCCTGAAGTTCATCTGCACCACCGGCAAGCTGCCCGTGCCCTGGCCCACCCTCGTGACCACCCTGACCTACGGCGTGCAGTGCTTCAGCCGCTACCCCGACCACATGAAGCAGCACGACTTCTTCAAGTCCGCCATGCCCGAAGGCTACGTCCAGGAGCGCACCATCTTCTTCAAGGACGACGGCAACTACAAGACCCGCGCCGAGGTGAAGTTCGAGGGCGACACCCTGGTGAACCGCATCGAGCTGAAGGGCATCGACTTCAAGGAGGACGGCAACATCCTGGGGCACAAGCTGGAGTACAACTACAACAGCCACAACGTCTATATCATGGCCGACAAGCAGAAGAACGGCATCAAGGTGAACTTCAAGATCCGCCACAACATCGAGGACGGCAGCGTGCAGCTCGCCGACCACTACCAGCAGAACACCCCCATCGGCGACGGCCCCGTGCTGCTGCCCGACAACCACTACCTGAGCACCCAGTCCGCCCTGAGCAAAGACCCCAACGAGAAGCGCGATCACATGGTCCTGCTGGAGTTCGTGACCGCCGCCGGGATCACTCTCGGCATGGACGAGCTGTACAAGTCCTAAGGACAGCATCCAAGGGAGTGGGTTTTGTGCAAGGGCTGGGGGTCTCCTGCCTCTCCTGGTGTCGCCGGTGGCTCATTTTCTGGCAAATGGAGGCACGAACGCAGGGGCCAAATAGCAATAAATGGGTTTTGTTTTTTTTTTGCAATAA,0.6397355863317762,-0.12647348983541096,0.7662090761671871
N_to_AAT,N,AAT,SH3TC1,SH3TC1,2,1015,144,723,148,GTCCAGCTGGAGACAGCCCCGTGGGGCCAGCCAGCGCTGGGCCAGGAGCGGCCACCTGGTTCCTGCGTGCTACGGCCCTGTGGGCCTGGGAGCTGCCTCTGAGGAACACGCCGCAGGGCCAGGCATGTGAGGTCTCTGCGGGTCATGGTGAGCAAGGGCGAGGAGCTGTTCACCGGGGTGGTGCCCATCCTGGTCGAGCTGGACGGCGACGTAAATGGCCACAAGTTCAGCGTGTCCGGCGAGGGCGAGGGCGATGCCACCTACGGCAAGCTGACCCTGAAGTTCATCTGCACCACCGGCAAGCTGCCCGTGCCCTGGCCCACCCTCGTGACCACCCTGACCTACGGCGTGCAGTGCTTCAGCCGCTACCCCGACCACATGAAGCAGCACGACTTCTTCAAGTCCGCCATGCCCGAAGGCTACGTCCAGGAGCGCACCATCTTCTTCAAGGACGACGGCAATTACAAGACCCGCGCCGAGGTGAAGTTCGAGGGCGACACCCTGGTGAATCGCATCGAGCTGAAGGGCATCGACTTCAAGGAGGACGGCAATATCCTGGGGCACAAGCTGGAGTACAATTACAATAGCCACAATGTCTATATCATGGCCGACAAGCAGAAGAATGGCATCAAGGTGAATTTCAAGATCCGCCACAATATCGAGGACGGCAGCGTGCAGCTCGCCGACCACTACCAGCAGAATACCCCCATCGGCGACGGCCCCGTGCTGCTGCCCGACAATCACTACCTGAGCACCCAGTCCGCCCTGAGCAAAGACCCCAATGAGAAGCGCGATCACATGGTCCTGCTGGAGTTCGTGACCGCCGCCGGGATCACTCTCGGCATGGACGAGCTGTACAAGTCCTAAGGACAGCATCCAAGGGAGTGGGTTTTGTGCAAGGGCTGGGGGTCTCCTGCCTCTCCTGGTGTCGCCGGTGGCTCATTTTCTGGCAAATGGAGGCACGAACGCAGGGGCCAAATAGCAATAAATGGGTTTTGTTTTTTTTTTGCAATAA,0.7861628376894844,-0.06583012414151952,0.8519929618310039
H_to_CAC,H,CAC,SH3TC1,SH3TC1,2,1015,144,723,148,GTCCAGCTGGAGACAGCCCCGTGGGGCCAGCCAGCGCTGGGCCAGGAGCGGCCACCTGGTTCCTGCGTGCTACGGCCCTGTGGGCCTGGGAGCTGCCTCTGAGGAACACGCCGCAGGGCCAGGCATGTGAGGTCTCTGCGGGTCATGGTGAGCAAGGGCGAGGAGCTGTTCACCGGGGTGGTGCCCATCCTGGTCGAGCTGGACGGCGACGTAAACGGCCACAAGTTCAGCGTGTCCGGCGAGGGCGAGGGCGATGCCACCTACGGCAAGCTGACCCTGAAGTTCATCTGCACCACCGGCAAGCTGCCCGTGCCCTGGCCCACCCTCGTGACCACCCTGACCTACGGCGTGCAGTGCTTCAGCCGCTACCCCGACCACATGAAGCAGCACGACTTCTTCAAGTCCGCCATGCCCGAAGGCTACGTCCAGGAGCGCACCATCTTCTTCAAGGACGACGGCAACTACAAGACCCGCGCCGAGGTGAAGTTCGAGGGCGACACCCTGGTGAACCGCATCGAGCTGAAGGGCATCGACTTCAAGGAGGACGGCAACATCCTGGGGCACAAGCTGGAGTACAACTACAACAGCCACAACGTCTATATCATGGCCGACAAGCAGAAGAACGGCATCAAGGTGAACTTCAAGATCCGCCACAACATCGAGGACGGCAGCGTGCAGCTCGCCGACCACTACCAGCAGAACACCCCCATCGGCGACGGCCCCGTGCTGCTGCCCGACAACCACTACCTGAGCACCCAGTCCGCCCTGAGCAAAGACCCCAACGAGAAGCGCGATCACATGGTCCTGCTGGAGTTCGTGACCGCCGCCGGGATCACTCTCGGCATGGACGAGCTGTACAAGTCCTAAGGACAGCATCCAAGGGAGTGGGTTTTGTGCAAGGGCTGGGGGTCTCCTGCCTCTCCTGGTGTCGCCGGTGGCTCATTTTCTGGCAAATGGAGGCACGAACGCAGGGGCCAAATAGCAATAAATGGGTTTTGTTTTTTTTTTGCAATAA,0.6397355863317762,-0.12647348983541096,0.7662090761671871
H_to_CAT,H,CAT,SH3TC1,SH3TC1,2,1015,144,723,148,GTCCAGCTGGAGACAGCCCCGTGGGGCCAGCCAGCGCTGGGCCAGGAGCGGCCACCTGGTTCCTGCGTGCTACGGCCCTGTGGGCCTGGGAGCTGCCTCTGAGGAACACGCCGCAGGGCCAGGCATGTGAGGTCTCTGCGGGTCATGGTGAGCAAGGGCGAGGAGCTGTTCACCGGGGTGGTGCCCATCCTGGTCGAGCTGGACGGCGACGTAAACGGCCATAAGTTCAGCGTGTCCGGCGAGGGCGAGGGCGATGCCACCTACGGCAAGCTGACCCTGAAGTTCATCTGCACCACCGGCAAGCTGCCCGTGCCCTGGCCCACCCTCGTGACCACCCTGACCTACGGCGTGCAGTGCTTCAGCCGCTACCCCGACCATATGAAGCAGCATGACTTCTTCAAGTCCGCCATGCCCGAAGGCTACGTCCAGGAGCGCACCATCTTCTTCAAGGACGACGGCAACTACAAGACCCGCGCCGAGGTGAAGTTCGAGGGCGACACCCTGGTGAACCGCATCGAGCTGAAGGGCATCGACTTCAAGGAGGACGGCAACATCCTGGGGCATAAGCTGGAGTACAACTACAACAGCCATAACGTCTATATCATGGCCGACAAGCAGAAGAACGGCATCAAGGTGAACTTCAAGATCCGCCATAACATCGAGGACGGCAGCGTGCAGCTCGCCGACCATTACCAGCAGAACACCCCCATCGGCGACGGCCCCGTGCTGCTGCCCGACAACCATTACCTGAGCACCCAGTCCGCCCTGAGCAAAGACCCCAACGAGAAGCGCGATCATATGGTCCTGCTGGAGTTCGTGACCGCCGCCGGGATCACTCTCGGCATGGACGAGCTGTACAAGTCCTAAGGACAGCATCCAAGGGAGTGGGTTTTGTGCAAGGGCTGGGGGTCTCCTGCCTCTCCTGGTGTCGCCGGTGGCTCATTTTCTGGCAAATGGAGGCACGAACGCAGGGGCCAAATAGCAATAAATGGGTTTTGTTTTTTTTTTGCAATAA,0.5146302102117454,-0.07325914419932071,0.587889354411066
E_to_GAA,E,GAA,SH3TC1,SH3TC1,2,1015,144,723,148,GTCCAGCTGGAGACAGCCCCGTGGGGCCAGCCAGCGCTGGGCCAGGAGCGGCCACCTGGTTCCTGCGTGCTACGGCCCTGTGGGCCTGGGAGCTGCCTCTGAGGAACACGCCGCAGGGCCAGGCATGTGAGGTCTCTGCGGGTCATGGTGAGCAAGGGCGAAGAACTGTTCACCGGGGTGGTGCCCATCCTGGTCGAACTGGACGGCGACGTAAACGGCCACAAGTTCAGCGTGTCCGGCGAAGGCGAAGGCGATGCCACCTACGGCAAGCTGACCCTGAAGTTCATCTGCACCACCGGCAAGCTGCCCGTGCCCTGGCCCACCCTCGTGACCACCCTGACCTACGGCGTGCAGTGCTTCAGCCGCTACCCCGACCACATGAAGCAGCACGACTTCTTCAAGTCCGCCATGCCCGAAGGCTACGTCCAGGAACGCACCATCTTCTTCAAGGACGACGGCAACTACAAGACCCGCGCCGAAGTGAAGTTCGAAGGCGACACCCTGGTGAACCGCATCGAACTGAAGGGCATCGACTTCAAGGAAGACGGCAACATCCTGGGGCACAAGCTGGAATACAACTACAACAGCCACAACGTCTATATCATGGCCGACAAGCAGAAGAACGGCATCAAGGTGAACTTCAAGATCCGCCACAACATCGAAGACGGCAGCGTGCAGCTCGCCGACCACTACCAGCAGAACACCCCCATCGGCGACGGCCCCGTGCTGCTGCCCGACAACCACTACCTGAGCACCCAGTCCGCCCTGAGCAAAGACCCCAACGAAAAGCGCGATCACATGGTCCTGCTGGAATTCGTGACCGCCGCCGGGATCACTCTCGGCATGGACGAACTGTACAAGTCCTAAGGACAGCATCCAAGGGAGTGGGTTTTGTGCAAGGGCTGGGGGTCTCCTGCCTCTCCTGGTGTCGCCGGTGGCTCATTTTCTGGCAAATGGAGGCACGAACGCAGGGGCCAAATAGCAATAAATGGGTTTTGTTTTTTTTTTGCAATAA,0.8494216990636564,-0.17408031142340694,1.0235020104870634
E_to_GAG,E,GAG,SH3TC1,SH3TC1,2,1015,144,723,148,GTCCAGCTGGAGACAGCCCCGTGGGGCCAGCCAGCGCTGGGCCAGGAGCGGCCACCTGGTTCCTGCGTGCTACGGCCCTGTGGGCCTGGGAGCTGCCTCTGAGGAACACGCCGCAGGGCCAGGCATGTGAGGTCTCTGCGGGTCATGGTGAGCAAGGGCGAGGAGCTGTTCACCGGGGTGGTGCCCATCCTGGTCGAGCTGGACGGCGACGTAAACGGCCACAAGTTCAGCGTGTCCGGCGAGGGCGAGGGCGATGCCACCTACGGCAAGCTGACCCTGAAGTTCATCTGCACCACCGGCAAGCTGCCCGTGCCCTGGCCCACCCTCGTGACCACCCTGACCTACGGCGTGCAGTGCTTCAGCCGCTACCCCGACCACATGAAGCAGCACGACTTCTTCAAGTCCGCCATGCCCGAGGGCTACGTCCAGGAGCGCACCATCTTCTTCAAGGACGACGGCAACTACAAGACCCGCGCCGAGGTGAAGTTCGAGGGCGACACCCTGGTGAACCGCATCGAGCTGAAGGGCATCGACTTCAAGGAGGACGGCAACATCCTGGGGCACAAGCTGGAGTACAACTACAACAGCCACAACGTCTATATCATGGCCGACAAGCAGAAGAACGGCATCAAGGTGAACTTCAAGATCCGCCACAACATCGAGGACGGCAGCGTGCAGCTCGCCGACCACTACCAGCAGAACACCCCCATCGGCGACGGCCCCGTGCTGCTGCCCGACAACCACTACCTGAGCACCCAGTCCGCCCTGAGCAAAGACCCCAACGAGAAGCGCGATCACATGGTCCTGCTGGAGTTCGTGACCGCCGCCGGGATCACTCTCGGCATGGACGAGCTGTACAAGTCCTAAGGACAGCATCCAAGGGAGTGGGTTTTGTGCAAGGGCTGGGGGTCTCCTGCCTCTCCTGGTGTCGCCGGTGGCTCATTTTCTGGCAAATGGAGGCACGAACGCAGGGGCCAAATAGCAATAAATGGGTTTTGTTTTTTTTTTGCAATAA,0.6530562150743067,-0.12647348983541096,0.7795297049097176
D_to_GAC,D,GAC,SH3TC1,SH3TC1,2,1015,144,723,148,GTCCAGCTGGAGACAGCCCCGTGGGGCCAGCCAGCGCTGGGCCAGGAGCGGCCACCTGGTTCCTGCGTGCTACGGCCCTGTGGGCCTGGGAGCTGCCTCTGAGGAACACGCCGCAGGGCCAGGCATGTGAGGTCTCTGCGGGTCATGGTGAGCAAGGGCGAGGAGCTGTTCACCGGGGTGGTGCCCATCCTGGTCGAGCTGGACGGCGACGTAAACGGCCACAAGTTCAGCGTGTCCGGCGAGGGCGAGGGCGACGCCACCTACGGCAAGCTGACCCTGAAGTTCATCTGCACCACCGGCAAGCTGCCCGTGCCCTGGCCCACCCTCGTGACCACCCTGACCTACGGCGTGCAGTGCTTCAGCCGCTACCCCGACCACATGAAGCAGCACGACTTCTTCAAGTCCGCCATGCCCGAAGGCTACGTCCAGGAGCGCACCATCTTCTTCAAGGACGACGGCAACTACAAGACCCGCGCCGAGGTGAAGTTCGAGGGCGACACCCTGGTGAACCGCATCGAGCTGAAGGGCATCGACTTCAAGGAGGACGGCAACATCCTGGGGCACAAGCTGGAGTACAACTACAACAGCCACAACGTCTATATCATGGCCGACAAGCAGAAGAACGGCATCAAGGTGAACTTCAAGATCCGCCACAACATCGAGGACGGCAGCGTGCAGCTCGCCGACCACTACCAGCAGAACACCCCCATCGGCGACGGCCCCGTGCTGCTGCCCGACAACCACTACCTGAGCACCCAGTCCGCCCTGAGCAAAGACCCCAACGAGAAGCGCGACCACATGGTCCTGCTGGAGTTCGTGACCGCCGCCGGGATCACTCTCGGCATGGACGAGCTGTACAAGTCCTAAGGACAGCATCCAAGGGAGTGGGTTTTGTGCAAGGGCTGGGGGTCTCCTGCCTCTCCTGGTGTCGCCGGTGGCTCATTTTCTGGCAAATGGAGGCACGAACGCAGGGGCCAAATAGCAATAAATGGGTTTTGTTTTTTTTTTGCAATAA,0.6397355863317762,-0.12647348983541096,0.7662090761671871
D_to_GAT,D,GAT,SH3TC1,SH3TC1,2,1015,144,723,148,GTCCAGCTGGAGACAGCCCCGTGGGGCCAGCCAGCGCTGGGCCAGGAGCGGCCACCTGGTTCCTGCGTGCTACGGCCCTGTGGGCCTGGGAGCTGCCTCTGAGGAACACGCCGCAGGGCCAGGCATGTGAGGTCTCTGCGGGTCATGGTGAGCAAGGGCGAGGAGCTGTTCACCGGGGTGGTGCCCATCCTGGTCGAGCTGGATGGCGATGTAAACGGCCACAAGTTCAGCGTGTCCGGCGAGGGCGAGGGCGATGCCACCTACGGCAAGCTGACCCTGAAGTTCATCTGCACCACCGGCAAGCTGCCCGTGCCCTGGCCCACCCTCGTGACCACCCTGACCTACGGCGTGCAGTGCTTCAGCCGCTACCCCGATCACATGAAGCAGCACGATTTCTTCAAGTCCGCCATGCCCGAAGGCTACGTCCAGGAGCGCACCATCTTCTTCAAGGATGATGGCAACTACAAGACCCGCGCCGAGGTGAAGTTCGAGGGCGATACCCTGGTGAACCGCATCGAGCTGAAGGGCATCGATTTCAAGGAGGATGGCAACATCCTGGGGCACAAGCTGGAGTACAACTACAACAGCCACAACGTCTATATCATGGCCGATAAGCAGAAGAACGGCATCAAGGTGAACTTCAAGATCCGCCACAACATCGAGGATGGCAGCGTGCAGCTCGCCGATCACTACCAGCAGAACACCCCCATCGGCGATGGCCCCGTGCTGCTGCCCGATAACCACTACCTGAGCACCCAGTCCGCCCTGAGCAAAGATCCCAACGAGAAGCGCGATCACATGGTCCTGCTGGAGTTCGTGACCGCCGCCGGGATCACTCTCGGCATGGATGAGCTGTACAAGTCCTAAGGACAGCATCCAAGGGAGTGGGTTTTGTGCAAGGGCTGGGGGTCTCCTGCCTCTCCTGGTGTCGCCGGTGGCTCATTTTCTGGCAAATGGAGGCACGAACGCAGGGGCCAAATAGCAATAAATGGGTTTTGTTTTTTTTTTGCAATAA,0.7131353797023345,-0.08923144743300762,0.8023668271353421
K_to_AAA,K,AAA,SH3TC1,SH3TC1,2,1015,144,723,148,GTCCAGCTGGAGACAGCCCCGTGGGGCCAGCCAGCGCTGGGCCAGGAGCGGCCACCTGGTTCCTGCGTGCTACGGCCCTGTGGGCCTGGGAGCTGCCTCTGAGGAACACGCCGCAGGGCCAGGCATGTGAGGTCTCTGCGGGTCATGGTGAGCAAAGGCGAGGAGCTGTTCACCGGGGTGGTGCCCATCCTGGTCGAGCTGGACGGCGACGTAAACGGCCACAAATTCAGCGTGTCCGGCGAGGGCGAGGGCGATGCCACCTACGGCAAACTGACCCTGAAATTCATCTGCACCACCGGCAAACTGCCCGTGCCCTGGCCCACCCTCGTGACCACCCTGACCTACGGCGTGCAGTGCTTCAGCCGCTACCCCGACCACATGAAACAGCACGACTTCTTCAAATCCGCCATGCCCGAAGGCTACGTCCAGGAGCGCACCATCTTCTTCAAAGACGACGGCAACTACAAAACCCGCGCCGAGGTGAAATTCGAGGGCGACACCCTGGTGAACCGCATCGAGCTGAAAGGCATCGACTTCAAAGAGGACGGCAACATCCTGGGGCACAAACTGGAGTACAACTACAACAGCCACAACGTCTATATCATGGCCGACAAACAGAAAAACGGCATCAAAGTGAACTTCAAAATCCGCCACAACATCGAGGACGGCAGCGTGCAGCTCGCCGACCACTACCAGCAGAACACCCCCATCGGCGACGGCCCCGTGCTGCTGCCCGACAACCACTACCTGAGCACCCAGTCCGCCCTGAGCAAAGACCCCAACGAGAAACGCGATCACATGGTCCTGCTGGAGTTCGTGACCGCCGCCGGGATCACTCTCGGCATGGACGAGCTGTACAAATCCTAAGGACAGCATCCAAGGGAGTGGGTTTTGTGCAAGGGCTGGGGGTCTCCTGCCTCTCCTGGTGTCGCCGGTGGCTCATTTTCTGGCAAATGGAGGCACGAACGCAGGGGCCAAATAGCAATAAATGGGTTTTGTTTTTTTTTTGCAATAA,0.552419883269506,-0.1687809208931168,0.7212008041626228
K_to_AAG,K,AAG,SH3TC1,SH3TC1,2,1015,144,723,148,GTCCAGCTGGAGACAGCCCCGTGGGGCCAGCCAGCGCTGGGCCAGGAGCGGCCACCTGGTTCCTGCGTGCTACGGCCCTGTGGGCCTGGGAGCTGCCTCTGAGGAACACGCCGCAGGGCCAGGCATGTGAGGTCTCTGCGGGTCATGGTGAGCAAGGGCGAGGAGCTGTTCACCGGGGTGGTGCCCATCCTGGTCGAGCTGGACGGCGACGTAAACGGCCACAAGTTCAGCGTGTCCGGCGAGGGCGAGGGCGATGCCACCTACGGCAAGCTGACCCTGAAGTTCATCTGCACCACCGGCAAGCTGCCCGTGCCCTGGCCCACCCTCGTGACCACCCTGACCTACGGCGTGCAGTGCTTCAGCCGCTACCCCGACCACATGAAGCAGCACGACTTCTTCAAGTCCGCCATGCCCGAAGGCTACGTCCAGGAGCGCACCATCTTCTTCAAGGACGACGGCAACTACAAGACCCGCGCCGAGGTGAAGTTCGAGGGCGACACCCTGGTGAACCGCATCGAGCTGAAGGGCATCGACTTCAAGGAGGACGGCAACATCCTGGGGCACAAGCTGGAGTACAACTACAACAGCCACAACGTCTATATCATGGCCGACAAGCAGAAGAACGGCATCAAGGTGAACTTCAAGATCCGCCACAACATCGAGGACGGCAGCGTGCAGCTCGCCGACCACTACCAGCAGAACACCCCCATCGGCGACGGCCCCGTGCTGCTGCCCGACAACCACTACCTGAGCACCCAGTCCGCCCTGAGCAAGGACCCCAACGAGAAGCGCGATCACATGGTCCTGCTGGAGTTCGTGACCGCCGCCGGGATCACTCTCGGCATGGACGAGCTGTACAAGTCCTAAGGACAGCATCCAAGGGAGTGGGTTTTGTGCAAGGGCTGGGGGTCTCCTGCCTCTCCTGGTGTCGCCGGTGGCTCATTTTCTGGCAAATGGAGGCACGAACGCAGGGGCCAAATAGCAATAAATGGGTTTTGTTTTTTTTTTGCAATAA,0.6397355863317762,-0.12647348983541096,0.7662090761671871
R_to_CGA,R,CGA,SH3TC1,SH3TC1,2,1015,144,723,148,GTCCAGCTGGAGACAGCCCCGTGGGGCCAGCCAGCGCTGGGCCAGGAGCGGCCACCTGGTTCCTGCGTGCTACGGCCCTGTGGGCCTGGGAGCTGCCTCTGAGGAACACGCCGCAGGGCCAGGCATGTGAGGTCTCTGCGGGTCATGGTGAGCAAGGGCGAGGAGCTGTTCACCGGGGTGGTGCCCATCCTGGTCGAGCTGGACGGCGACGTAAACGGCCACAAGTTCAGCGTGTCCGGCGAGGGCGAGGGCGATGCCACCTACGGCAAGCTGACCCTGAAGTTCATCTGCACCACCGGCAAGCTGCCCGTGCCCTGGCCCACCCTCGTGACCACCCTGACCTACGGCGTGCAGTGCTTCAGCCGATACCCCGACCACATGAAGCAGCACGACTTCTTCAAGTCCGCCATGCCCGAAGGCTACGTCCAGGAGCGAACCATCTTCTTCAAGGACGACGGCAACTACAAGACCCGAGCCGAGGTGAAGTTCGAGGGCGACACCCTGGTGAACCGAATCGAGCTGAAGGGCATCGACTTCAAGGAGGACGGCAACATCCTGGGGCACAAGCTGGAGTACAACTACAACAGCCACAACGTCTATATCATGGCCGACAAGCAGAAGAACGGCATCAAGGTGAACTTCAAGATCCGACACAACATCGAGGACGGCAGCGTGCAGCTCGCCGACCACTACCAGCAGAACACCCCCATCGGCGACGGCCCCGTGCTGCTGCCCGACAACCACTACCTGAGCACCCAGTCCGCCCTGAGCAAAGACCCCAACGAGAAGCGAGATCACATGGTCCTGCTGGAGTTCGTGACCGCCGCCGGGATCACTCTCGGCATGGACGAGCTGTACAAGTCCTAAGGACAGCATCCAAGGGAGTGGGTTTTGTGCAAGGGCTGGGGGTCTCCTGCCTCTCCTGGTGTCGCCGGTGGCTCATTTTCTGGCAAATGGAGGCACGAACGCAGGGGCCAAATAGCAATAAATGGGTTTTGTTTTTTTTTTGCAATAA,0.6719746824958363,-0.1934488108021719,0.8654234932980082
R_to_CGC,R,CGC,SH3TC1,SH3TC1,2,1015,144,723,148,GTCCAGCTGGAGACAGCCCCGTGGGGCCAGCCAGCGCTGGGCCAGGAGCGGCCACCTGGTTCCTGCGTGCTACGGCCCTGTGGGCCTGGGAGCTGCCTCTGAGGAACACGCCGCAGGGCCAGGCATGTGAGGTCTCTGCGGGTCATGGTGAGCAAGGGCGAGGAGCTGTTCACCGGGGTGGTGCCCATCCTGGTCGAGCTGGACGGCGACGTAAACGGCCACAAGTTCAGCGTGTCCGGCGAGGGCGAGGGCGATGCCACCTACGGCAAGCTGACCCTGAAGTTCATCTGCACCACCGGCAAGCTGCCCGTGCCCTGGCCCACCCTCGTGACCACCCTGACCTACGGCGTGCAGTGCTTCAGCCGCTACCCCGACCACATGAAGCAGCACGACTTCTTCAAGTCCGCCATGCCCGAAGGCTACGTCCAGGAGCGCACCATCTTCTTCAAGGACGACGGCAACTACAAGACCCGCGCCGAGGTGAAGTTCGAGGGCGACACCCTGGTGAACCGCATCGAGCTGAAGGGCATCGACTTCAAGGAGGACGGCAACATCCTGGGGCACAAGCTGGAGTACAACTACAACAGCCACAACGTCTATATCATGGCCGACAAGCAGAAGAACGGCATCAAGGTGAACTTCAAGATCCGCCACAACATCGAGGACGGCAGCGTGCAGCTCGCCGACCACTACCAGCAGAACACCCCCATCGGCGACGGCCCCGTGCTGCTGCCCGACAACCACTACCTGAGCACCCAGTCCGCCCTGAGCAAAGACCCCAACGAGAAGCGCGATCACATGGTCCTGCTGGAGTTCGTGACCGCCGCCGGGATCACTCTCGGCATGGACGAGCTGTACAAGTCCTAAGGACAGCATCCAAGGGAGTGGGTTTTGTGCAAGGGCTGGGGGTCTCCTGCCTCTCCTGGTGTCGCCGGTGGCTCATTTTCTGGCAAATGGAGGCACGAACGCAGGGGCCAAATAGCAATAAATGGGTTTTGTTTTTTTTTTGCAATAA,0.6397355863317762,-0.12647348983541096,0.7662090761671871
R_to_CGG,R,CGG,SH3TC1,SH3TC1,2,1015,144,723,148,GTCCAGCTGGAGACAGCCCCGTGGGGCCAGCCAGCGCTGGGCCAGGAGCGGCCACCTGGTTCCTGCGTGCTACGGCCCTGTGGGCCTGGGAGCTGCCTCTGAGGAACACGCCGCAGGGCCAGGCATGTGAGGTCTCTGCGGGTCATGGTGAGCAAGGGCGAGGAGCTGTTCACCGGGGTGGTGCCCATCCTGGTCGAGCTGGACGGCGACGTAAACGGCCACAAGTTCAGCGTGTCCGGCGAGGGCGAGGGCGATGCCACCTACGGCAAGCTGACCCTGAAGTTCATCTGCACCACCGGCAAGCTGCCCGTGCCCTGGCCCACCCTCGTGACCACCCTGACCTACGGCGTGCAGTGCTTCAGCCGGTACCCCGACCACATGAAGCAGCACGACTTCTTCAAGTCCGCCATGCCCGAAGGCTACGTCCAGGAGCGGACCATCTTCTTCAAGGACGACGGCAACTACAAGACCCGGGCCGAGGTGAAGTTCGAGGGCGACACCCTGGTGAACCGGATCGAGCTGAAGGGCATCGACTTCAAGGAGGACGGCAACATCCTGGGGCACAAGCTGGAGTACAACTACAACAGCCACAACGTCTATATCATGGCCGACAAGCAGAAGAACGGCATCAAGGTGAACTTCAAGATCCGGCACAACATCGAGGACGGCAGCGTGCAGCTCGCCGACCACTACCAGCAGAACACCCCCATCGGCGACGGCCCCGTGCTGCTGCCCGACAACCACTACCTGAGCACCCAGTCCGCCCTGAGCAAAGACCCCAACGAGAAGCGGGATCACATGGTCCTGCTGGAGTTCGTGACCGCCGCCGGGATCACTCTCGGCATGGACGAGCTGTACAAGTCCTAAGGACAGCATCCAAGGGAGTGGGTTTTGTGCAAGGGCTGGGGGTCTCCTGCCTCTCCTGGTGTCGCCGGTGGCTCATTTTCTGGCAAATGGAGGCACGAACGCAGGGGCCAAATAGCAATAAATGGGTTTTGTTTTTTTTTTGCAATAA,0.6277589537136288,-0.18918504351477017,0.8169439972283989
R_to_CGT,R,CGT,SH3TC1,SH3TC1,2,1015,144,723,148,GTCCAGCTGGAGACAGCCCCGTGGGGCCAGCCAGCGCTGGGCCAGGAGCGGCCACCTGGTTCCTGCGTGCTACGGCCCTGTGGGCCTGGGAGCTGCCTCTGAGGAACACGCCGCAGGGCCAGGCATGTGAGGTCTCTGCGGGTCATGGTGAGCAAGGGCGAGGAGCTGTTCACCGGGGTGGTGCCCATCCTGGTCGAGCTGGACGGCGACGTAAACGGCCACAAGTTCAGCGTGTCCGGCGAGGGCGAGGGCGATGCCACCTACGGCAAGCTGACCCTGAAGTTCATCTGCACCACCGGCAAGCTGCCCGTGCCCTGGCCCACCCTCGTGACCACCCTGACCTACGGCGTGCAGTGCTTCAGCCGTTACCCCGACCACATGAAGCAGCACGACTTCTTCAAGTCCGCCATGCCCGAAGGCTACGTCCAGGAGCGTACCATCTTCTTCAAGGACGACGGCAACTACAAGACCCGTGCCGAGGTGAAGTTCGAGGGCGACACCCTGGTGAACCGTATCGAGCTGAAGGGCATCGACTTCAAGGAGGACGGCAACATCCTGGGGCACAAGCTGGAGTACAACTACAACAGCCACAACGTCTATATCATGGCCGACAAGCAGAAGAACGGCATCAAGGTGAACTTCAAGATCCGTCACAACATCGAGGACGGCAGCGTGCAGCTCGCCGACCACTACCAGCAGAACACCCCCATCGGCGACGGCCCCGTGCTGCTGCCCGACAACCACTACCTGAGCACCCAGTCCGCCCTGAGCAAAGACCCCAACGAGAAGCGTGATCACATGGTCCTGCTGGAGTTCGTGACCGCCGCCGGGATCACTCTCGGCATGGACGAGCTGTACAAGTCCTAAGGACAGCATCCAAGGGAGTGGGTTTTGTGCAAGGGCTGGGGGTCTCCTGCCTCTCCTGGTGTCGCCGGTGGCTCATTTTCTGGCAAATGGAGGCACGAACGCAGGGGCCAAATAGCAATAAATGGGTTTTGTTTTTTTTTTGCAATAA,0.6250372563027405,-0.032295911039365494,0.657333167342106
R_to_AGA,R,AGA,SH3TC1,SH3TC1,2,1015,144,723,148,GTCCAGCTGGAGACAGCCCCGTGGGGCCAGCCAGCGCTGGGCCAGGAGCGGCCACCTGGTTCCTGCGTGCTACGGCCCTGTGGGCCTGGGAGCTGCCTCTGAGGAACACGCCGCAGGGCCAGGCATGTGAGGTCTCTGCGGGTCATGGTGAGCAAGGGCGAGGAGCTGTTCACCGGGGTGGTGCCCATCCTGGTCGAGCTGGACGGCGACGTAAACGGCCACAAGTTCAGCGTGTCCGGCGAGGGCGAGGGCGATGCCACCTACGGCAAGCTGACCCTGAAGTTCATCTGCACCACCGGCAAGCTGCCCGTGCCCTGGCCCACCCTCGTGACCACCCTGACCTACGGCGTGCAGTGCTTCAGCAGATACCCCGACCACATGAAGCAGCACGACTTCTTCAAGTCCGCCATGCCCGAAGGCTACGTCCAGGAGAGAACCATCTTCTTCAAGGACGACGGCAACTACAAGACCAGAGCCGAGGTGAAGTTCGAGGGCGACACCCTGGTGAACAGAATCGAGCTGAAGGGCATCGACTTCAAGGAGGACGGCAACATCCTGGGGCACAAGCTGGAGTACAACTACAACAGCCACAACGTCTATATCATGGCCGACAAGCAGAAGAACGGCATCAAGGTGAACTTCAAGATCAGACACAACATCGAGGACGGCAGCGTGCAGCTCGCCGACCACTACCAGCAGAACACCCCCATCGGCGACGGCCCCGTGCTGCTGCCCGACAACCACTACCTGAGCACCCAGTCCGCCCTGAGCAAAGACCCCAACGAGAAGAGAGATCACATGGTCCTGCTGGAGTTCGTGACCGCCGCCGGGATCACTCTCGGCATGGACGAGCTGTACAAGTCCTAAGGACAGCATCCAAGGGAGTGGGTTTTGTGCAAGGGCTGGGGGTCTCCTGCCTCTCCTGGTGTCGCCGGTGGCTCATTTTCTGGCAAATGGAGGCACGAACGCAGGGGCCAAATAGCAATAAATGGGTTTTGTTTTTTTTTTGCAATAA,0.677615726127101,-0.20671905803748375,0.8843347841645848
R_to_AGG,R,AGG,SH3TC1,SH3TC1,2,1015,144,723,148,GTCCAGCTGGAGACAGCCCCGTGGGGCCAGCCAGCGCTGGGCCAGGAGCGGCCACCTGGTTCCTGCGTGCTACGGCCCTGTGGGCCTGGGAGCTGCCTCTGAGGAACACGCCGCAGGGCCAGGCATGTGAGGTCTCTGCGGGTCATGGTGAGCAAGGGCGAGGAGCTGTTCACCGGGGTGGTGCCCATCCTGGTCGAGCTGGACGGCGACGTAAACGGCCACAAGTTCAGCGTGTCCGGCGAGGGCGAGGGCGATGCCACCTACGGCAAGCTGACCCTGAAGTTCATCTGCACCACCGGCAAGCTGCCCGTGCCCTGGCCCACCCTCGTGACCACCCTGACCTACGGCGTGCAGTGCTTCAGCAGGTACCCCGACCACATGAAGCAGCACGACTTCTTCAAGTCCGCCATGCCCGAAGGCTACGTCCAGGAGAGGACCATCTTCTTCAAGGACGACGGCAACTACAAGACCAGGGCCGAGGTGAAGTTCGAGGGCGACACCCTGGTGAACAGGATCGAGCTGAAGGGCATCGACTTCAAGGAGGACGGCAACATCCTGGGGCACAAGCTGGAGTACAACTACAACAGCCACAACGTCTATATCATGGCCGACAAGCAGAAGAACGGCATCAAGGTGAACTTCAAGATCAGGCACAACATCGAGGACGGCAGCGTGCAGCTCGCCGACCACTACCAGCAGAACACCCCCATCGGCGACGGCCCCGTGCTGCTGCCCGACAACCACTACCTGAGCACCCAGTCCGCCCTGAGCAAAGACCCCAACGAGAAGAGGGATCACATGGTCCTGCTGGAGTTCGTGACCGCCGCCGGGATCACTCTCGGCATGGACGAGCTGTACAAGTCCTAAGGACAGCATCCAAGGGAGTGGGTTTTGTGCAAGGGCTGGGGGTCTCCTGCCTCTCCTGGTGTCGCCGGTGGCTCATTTTCTGGCAAATGGAGGCACGAACGCAGGGGCCAAATAGCAATAAATGGGTTTTGTTTTTTTTTTGCAATAA,0.6050738134777437,-0.1820752609111344,0.787149074388878
X_to_TAA,X,TAA,SH3TC1,SH3TC1,2,1015,144,723,148,GTCCAGCTGGAGACAGCCCCGTGGGGCCAGCCAGCGCTGGGCCAGGAGCGGCCACCTGGTTCCTGCGTGCTACGGCCCTGTGGGCCTGGGAGCTGCCTCTGAGGAACACGCCGCAGGGCCAGGCATGTGAGGTCTCTGCGGGTCATGGTGAGCAAGGGCGAGGAGCTGTTCACCGGGGTGGTGCCCATCCTGGTCGAGCTGGACGGCGACGTAAACGGCCACAAGTTCAGCGTGTCCGGCGAGGGCGAGGGCGATGCCACCTACGGCAAGCTGACCCTGAAGTTCATCTGCACCACCGGCAAGCTGCCCGTGCCCTGGCCCACCCTCGTGACCACCCTGACCTACGGCGTGCAGTGCTTCAGCCGCTACCCCGACCACATGAAGCAGCACGACTTCTTCAAGTCCGCCATGCCCGAAGGCTACGTCCAGGAGCGCACCATCTTCTTCAAGGACGACGGCAACTACAAGACCCGCGCCGAGGTGAAGTTCGAGGGCGACACCCTGGTGAACCGCATCGAGCTGAAGGGCATCGACTTCAAGGAGGACGGCAACATCCTGGGGCACAAGCTGGAGTACAACTACAACAGCCACAACGTCTATATCATGGCCGACAAGCAGAAGAACGGCATCAAGGTGAACTTCAAGATCCGCCACAACATCGAGGACGGCAGCGTGCAGCTCGCCGACCACTACCAGCAGAACACCCCCATCGGCGACGGCCCCGTGCTGCTGCCCGACAACCACTACCTGAGCACCCAGTCCGCCCTGAGCAAAGACCCCAACGAGAAGCGCGATCACATGGTCCTGCTGGAGTTCGTGACCGCCGCCGGGATCACTCTCGGCATGGACGAGCTGTACAAGTCCTAAGGACAGCATCCAAGGGAGTGGGTTTTGTGCAAGGGCTGGGGGTCTCCTGCCTCTCCTGGTGTCGCCGGTGGCTCATTTTCTGGCAAATGGAGGCACGAACGCAGGGGCCAAATAGCAATAAATGGGTTTTGTTTTTTTTTTGCAATAA,0.6397355863317762,-0.12647348983541096,0.7662090761671871
X_to_TAG,X,TAG,SH3TC1,SH3TC1,2,1015,144,723,148,GTCCAGCTGGAGACAGCCCCGTGGGGCCAGCCAGCGCTGGGCCAGGAGCGGCCACCTGGTTCCTGCGTGCTACGGCCCTGTGGGCCTGGGAGCTGCCTCTGAGGAACACGCCGCAGGGCCAGGCATGTGAGGTCTCTGCGGGTCATGGTGAGCAAGGGCGAGGAGCTGTTCACCGGGGTGGTGCCCATCCTGGTCGAGCTGGACGGCGACGTAAACGGCCACAAGTTCAGCGTGTCCGGCGAGGGCGAGGGCGATGCCACCTACGGCAAGCTGACCCTGAAGTTCATCTGCACCACCGGCAAGCTGCCCGTGCCCTGGCCCACCCTCGTGACCACCCTGACCTACGGCGTGCAGTGCTTCAGCCGCTACCCCGACCACATGAAGCAGCACGACTTCTTCAAGTCCGCCATGCCCGAAGGCTACGTCCAGGAGCGCACCATCTTCTTCAAGGACGACGGCAACTACAAGACCCGCGCCGAGGTGAAGTTCGAGGGCGACACCCTGGTGAACCGCATCGAGCTGAAGGGCATCGACTTCAAGGAGGACGGCAACATCCTGGGGCACAAGCTGGAGTACAACTACAACAGCCACAACGTCTATATCATGGCCGACAAGCAGAAGAACGGCATCAAGGTGAACTTCAAGATCCGCCACAACATCGAGGACGGCAGCGTGCAGCTCGCCGACCACTACCAGCAGAACACCCCCATCGGCGACGGCCCCGTGCTGCTGCCCGACAACCACTACCTGAGCACCCAGTCCGCCCTGAGCAAAGACCCCAACGAGAAGCGCGATCACATGGTCCTGCTGGAGTTCGTGACCGCCGCCGGGATCACTCTCGGCATGGACGAGCTGTACAAGTCCTAGGGACAGCATCCAAGGGAGTGGGTTTTGTGCAAGGGCTGGGGGTCTCCTGCCTCTCCTGGTGTCGCCGGTGGCTCATTTTCTGGCAAATGGAGGCACGAACGCAGGGGCCAAATAGCAATAAATGGGTTTTGTTTTTTTTTTGCAATAA,0.6397355863317762,-0.09033871162647536,0.7300742979582515
X_to_TGA,X,TGA,SH3TC1,SH3TC1,2,1015,144,723,148,GTCCAGCTGGAGACAGCCCCGTGGGGCCAGCCAGCGCTGGGCCAGGAGCGGCCACCTGGTTCCTGCGTGCTACGGCCCTGTGGGCCTGGGAGCTGCCTCTGAGGAACACGCCGCAGGGCCAGGCATGTGAGGTCTCTGCGGGTCATGGTGAGCAAGGGCGAGGAGCTGTTCACCGGGGTGGTGCCCATCCTGGTCGAGCTGGACGGCGACGTAAACGGCCACAAGTTCAGCGTGTCCGGCGAGGGCGAGGGCGATGCCACCTACGGCAAGCTGACCCTGAAGTTCATCTGCACCACCGGCAAGCTGCCCGTGCCCTGGCCCACCCTCGTGACCACCCTGACCTACGGCGTGCAGTGCTTCAGCCGCTACCCCGACCACATGAAGCAGCACGACTTCTTCAAGTCCGCCATGCCCGAAGGCTACGTCCAGGAGCGCACCATCTTCTTCAAGGACGACGGCAACTACAAGACCCGCGCCGAGGTGAAGTTCGAGGGCGACACCCTGGTGAACCGCATCGAGCTGAAGGGCATCGACTTCAAGGAGGACGGCAACATCCTGGGGCACAAGCTGGAGTACAACTACAACAGCCACAACGTCTATATCATGGCCGACAAGCAGAAGAACGGCATCAAGGTGAACTTCAAGATCCGCCACAACATCGAGGACGGCAGCGTGCAGCTCGCCGACCACTACCAGCAGAACACCCCCATCGGCGACGGCCCCGTGCTGCTGCCCGACAACCACTACCTGAGCACCCAGTCCGCCCTGAGCAAAGACCCCAACGAGAAGCGCGATCACATGGTCCTGCTGGAGTTCGTGACCGCCGCCGGGATCACTCTCGGCATGGACGAGCTGTACAAGTCCTGAGGACAGCATCCAAGGGAGTGGGTTTTGTGCAAGGGCTGGGGGTCTCCTGCCTCTCCTGGTGTCGCCGGTGGCTCATTTTCTGGCAAATGGAGGCACGAACGCAGGGGCCAAATAGCAATAAATGGGTTTTGTTTTTTTTTTGCAATAA,0.6397355863317762,-0.10140730301216982,0.741142889343946
