SYMBOL	fold
X0610010F05Rik	9
X0610012G03Rik	5
X0610030E20Rik	7
X1110004F10Rik	7
X1110008P14Rik	5
X1110012L19Rik	3
X1110032A03Rik	4
X1110038F14Rik	6
X1110051M20Rik	4
X1110059E24Rik	1
X1110059G10Rik	7
X1110065P20Rik	6
X1190007I07Rik	4
X1500009L16Rik	8
X1500011B03Rik	1
X1600012H06Rik	2
X1600014C10Rik	0
X1700017B05Rik	5
X1700025G04Rik	0
X1700030K09Rik	7
X1700037C18Rik	3
X1700037H04Rik	9
X1700066M21Rik	3
X1700123O20Rik	2
X1810013L24Rik	4
X1810030O07Rik	9
X1810037I17Rik	8
X1810055G02Rik	8
X1810058I24Rik	9
X2010315B03Rik	3
X2200002D01Rik	5
X2210016F16Rik	1
X2210016L21Rik	2
X2210408I21Rik	0
X2300009A05Rik	4
X2310009B15Rik	8
X2310011J03Rik	1
X2310022A10Rik	6
X2310022B05Rik	2
X2310030G06Rik	0
X2310033P09Rik	7
X2310039H08Rik	8
X2310057M21Rik	0
X2310061I04Rik	8
X2410002F23Rik	1
X2410004B18Rik	6
X2410131K14Rik	0
X2510002D24Rik	4
X2510009E07Rik	1
X2510039O18Rik	2
X2610001J05Rik	0
X2610002M06Rik	3
X2610008E11Rik	8
X2610021A01Rik	6
X2610044O15Rik8	3
X2610301B20Rik	8
X2610507B11Rik	5
X2700049A03Rik	6
X2700062C07Rik	6
X2700081O15Rik	5
X2700097O09Rik	8
X2810004N23Rik	7
X2810006K23Rik	9
X2810021J22Rik	9
X2900026A02Rik	5
X3110001I22Rik	2
X3110009E18Rik	5
X3110040N11Rik	3
X3110082I17Rik	7
X3830406C13Rik	4
X4833420G17Rik	4
X4833439L19Rik	7
X4921524J17Rik	3
X4930402H24Rik	8
X4930430F08Rik	4
X4930453N24Rik	8
X4930503L19Rik	7
X4930522L14Rik	8
X4930523C07Rik	9
X4930579G24Rik	9
X4931406C07Rik	8
X4931406P16Rik	8
X4931414P19Rik	7
X4931428F04Rik	1
X4932438A13Rik	4
X5031439G07Rik	2
X5730409E04Rik	7
X5730455P16Rik	6
X5730480H06Rik	4
X5730507C01Rik	8
X6030458C11Rik	0
X6330403K07Rik	8
X6430548M08Rik	3
X8030462N17Rik	9
X9030624G23Rik	6
X9130023H24Rik	6
X9130401M01Rik	4
X9330182L06Rik	7
X9430015G10Rik	0
X9430038I01Rik	9
X9530068E07Rik	9
X9530077C05Rik	8
X9930012K11Rik	5
X9930021J03Rik	2
X9930104L06Rik	6
A130010J15Rik	7
A430005L14Rik	8
A430033K04Rik	8
A930007A09Rik	6
AI413582	4
AI429214	8
AI597479	8
AI661453	9
AI837181	4
AI987944	5
AU021092	9
AU022252	9
AU040320	5
AU041133	6
AW146154	1
AW209491	9
AW549877	1
AW551984	1
AW554918	9
Aaas	0
Aacs	0
Aagab	1
Aak1	9
Aamdc	8
Aamp	8
Aar2	4
Aard	9
Aars	7
Aars2	0
Aasdh	0
Aasdhppt	6
Aass	9
Aatf	2
Aatk	1
Abat	8
Abca1	0
Abca2	5
Abca3	4
Abca5	2
Abca7	0
Abca8a	7
Abca8b	0
Abca9	2
Abcb10	1
Abcb1a	4
Abcb1b	1
Abcb6	3
Abcb7	3
Abcb8	3
Abcb9	0
Abcc1	3
Abcc10	3
Abcc3	6
Abcc4	2
Abcc5	0
Abcc9	7
Abcd1	5
Abcd2	3
Abcd3	7
Abcd4	2
Abce1	9
Abcf1	6
Abcf2	1
Abcf3	9
Abcg1	5
Abcg2	2
Abhd10	5
Abhd11	3
Abhd12	6
Abhd13	2
Abhd14a	1
Abhd14b	0
Abhd15	7
Abhd16a	8
Abhd17a	2
Abhd17b	6
Abhd17c	1
Abhd18	3
Abhd2	9
Abhd3	8
Abhd4	2
Abhd5	3
Abhd6	1
Abhd8	0
Abi1	1
Abi2	0
Abi3	4
Abi3bp	5
Abitram	6
Abl1	4
Abl2	5
Ablim1	1
Ablim2	7
Ablim3	4
Abr	9
Abracl	3
Abraxas1	1
Abraxas2	1
Abt1	6
Abtb1	6
Abtb2	4
Acaa1a	1
Acaa2	9
Acaca	8
Acacb	6
Acad10	1
Acad11	6
Acad12	3
Acad8	9
Acad9	3
Acadl	8
Acadm	2
Acads	3
Acadsb	4
Acadvl	5
Acap2	0
Acap3	0
Acat1	9
Acat2	5
Acbd3	2
Acbd4	4
Acbd5	0
Acbd6	4
Accs	7
Acd	3
Ace	0
Acer2	4
Acer3	7
Ache	0
Acin1	1
Ackr3	4
Acly	9
Aco1	2
Aco2	0
Acot1	8
Acot11	4
Acot13	5
Acot2	1
Acot6	9
Acot7	1
Acot8	6
Acot9	6
Acox1	0
Acox3	7
Acp1	5
Acp2	8
Acp5	7
Acp6	4
Acpp	0
Acsbg1	2
Acsf2	8
Acsf3	0
Acsl1	2
Acsl3	5
Acsl4	7
Acsl5	4
Acsl6	3
Acss1	4
Acss2	2
Acss3	7
Acta1	1
Acta2	9
Actb	4
Actg1	8
Actl6a	4
Actn1	8
Actn4	6
Actr10	0
Actr1a	1
Actr1b	3
Actr2	0
Actr3	3
Actr3b	1
Actr5	1
Actr6	8
Actr8	5
Acvr1	2
Acvr1b	5
Acvr2a	3
Acvr2b	9
Acvrl1	6
Acy1	3
Acy3	4
Acyp1	7
Acyp2	1
Ada	4
Adal	3
Adam10	9
Adam11	8
Adam12	3
Adam15	3
Adam17	0
Adam19	7
Adam22	0
Adam23	7
Adam9	7
Adamts1	8
Adamts2	4
Adamts4	8
Adamts5	2
Adamts9	5
Adamtsl1	5
Adamtsl2	9
Adamtsl4	0
Adap1	1
Adap2	8
Adar	3
Adarb1	2
Adat1	2
Adat2	6
Adck1	5
Adck2	7
Adck5	2
Adcy3	3
Adcy6	8
Adcy7	1
Adcy9	3
Adcyap1r1	4
Add1	7
Add3	9
Adgra2	2
Adgra3	3
Adgre1	4
Adgre5	8
Adgrf5	9
Adgrg1	7
Adgrg6	7
Adgrl1	0
Adgrl2	5
Adgrl3	1
Adgrl4	0
Adh1	7
Adh5	8
Adh7	2
Adhfe1	8
Adi1	4
Adipor1	2
Adipor2	2
Adk	1
Adm	8
Adnp2	4
Ado	4
Adora1	2
Adora2b	5
Adpgk	5
Adprh	9
Adprhl2	3
Adprm	5
Adra1b	6
Adrb2	7
Adrm1	7
Adsl	2
Adss	5
Adssl1	7
Aebp1	8
Aebp2	2
Aen	5
Afap1	8
Afap1l1	9
Afap1l2	4
Afdn	6
Aff1	6
Aff2	8
Aff3	5
Aff4	2
Afg1l	8
Afg3l1	4
Afg3l2	8
Afmid	9
Aftph	8
Aga	9
Agap1	2
Agap2	1
Agap3	0
Agbl5	2
Agfg1	2
Agfg2	5
Aggf1	0
Agk	6
Agl	2
Agmo	1
Ago1	7
Ago2	9
Ago3	2
Agpat1	7
Agpat2	1
Agpat3	7
Agpat4	8
Agpat5	2
Agps	2
Agrn	8
Agt	1
Agtpbp1	2
Agtrap	1
Ahctf1	1
Ahcy	7
Ahcyl1	5
Ahcyl2	2
Ahdc1	8
Ahi1	9
Ahnak	5
Ahr	0
Ahsa1	3
Ahsa2	6
Aida	3
Aif1	1
Aif1l	4
Aifm1	3
Aifm2	4
Aifm3	4
Aig1	2
Aim2	4
Aimp1	5
Aimp2	4
Aip	7
Ajuba	3
Ak1	7
Ak2	2
Ak3	9
Ak4	1
Ak5	7
Ak6	7
Akap1	7
Akap10	6
Akap11	4
Akap12	5
Akap13	5
Akap17b	8
Akap7	9
Akap8	8
Akap8l	2
Akap9	5
Akip1	9
Akirin1	8
Akirin2	1
Akna	3
Akr1a1	6
Akr1b10	8
Akr1b3	4
Akr1b8	3
Akr1c13	2
Akr1c14	5
Akr1e1	8
Akr7a5	9
Akt1	0
Akt1s1	5
Akt2	0
Akt3	5
Aktip	5
Alad	1
Alas1	6
Alas2	2
Alcam	5
Aldh16a1	7
Aldh18a1	1
Aldh1a1	1
Aldh1a2	3
Aldh1b1	0
Aldh1l1	3
Aldh1l2	3
Aldh2	5
Aldh3a2	7
Aldh3b1	0
Aldh4a1	6
Aldh5a1	9
Aldh6a1	4
Aldh7a1	6
Aldh9a1	3
Aldoa	3
Aldoc	4
Alg1	3
Alg10b	2
Alg11	0
Alg12	7
Alg13	3
Alg14	5
Alg2	6
Alg3	7
Alg5	5
Alg6	3
Alg8	6
Alg9	0
Alkbh1	0
Alkbh2	6
Alkbh3	2
Alkbh4	8
Alkbh5	1
Alkbh6	8
Alkbh7	7
Alkbh8	8
Alms1	1
Alox5ap	3
Alpl	9
Als2	5
Als2cl	0
Alyref	4
Alyref2	7
Amacr	3
Ambra1	5
Amdhd2	8
Amer1	8
Amfr	3
Amigo1	5
Amigo2	2
Ammecr1	2
Ammecr1l	6
Amn1	8
Amot	8
Amotl1	8
Amotl2	3
Ampd2	7
Ampd3	7
Amph	4
Amt	8
Amz2	0
Anapc1	1
Anapc10	0
Anapc11	6
Anapc13	9
Anapc15	7
Anapc16	3
Anapc2	2
Anapc4	3
Anapc5	0
Anapc7	5
Ang	1
Angel1	5
Angel2	1
Angpt1	3
Angpt2	4
Angptl2	4
Angptl4	1
Angptl6	9
Ank	6
Ank2	3
Ank3	8
Ankfy1	0
Ankhd1	8
Ankib1	3
Ankle1	2
Ankle2	5
Ankmy2	5
Ankra2	0
Ankrd10	1
Ankrd11	5
Ankrd12	6
Ankrd13a	1
Ankrd13b	1
Ankrd13c	7
Ankrd13d	0
Ankrd16	0
Ankrd17	6
Ankrd24	4
Ankrd26	1
Ankrd27	4
Ankrd28	4
Ankrd29	0
Ankrd33b	6
Ankrd37	8
Ankrd39	7
Ankrd40	1
Ankrd42	6
Ankrd44	5
Ankrd45	1
Ankrd46	6
Ankrd49	5
Ankrd50	9
Ankrd52	1
Ankrd54	9
Ankrd9	1
Anks1	5
Anks3	6
Ankzf1	2
Anln	0
Ano1	0
Ano10	1
Ano6	6
Ano8	5
Anp32a	7
Anp32b	5
Anp32e	2
Anpep	9
Antxr1	1
Antxr2	8
Anxa1	4
Anxa11	7
Anxa2	9
Anxa3	9
Anxa4	1
Anxa5	8
Anxa6	9
Anxa7	5
Anxa8	0
Aopep	0
Aox1	6
Ap1ar	2
Ap1b1	4
Ap1g1	8
Ap1g2	8
Ap1m1	9
Ap1s1	1
Ap1s2	9
Ap1s3	4
Ap2a1	5
Ap2a2	8
Ap2b1	1
Ap2m1	9
Ap2s1	9
Ap3b1	1
Ap3b2	3
Ap3d1	7
Ap3m1	6
Ap3m2	2
Ap3s1	2
Ap3s2	5
Ap4b1	0
Ap4e1	3
Ap4m1	7
Ap4s1	9
Ap5b1	0
Ap5m1	9
Ap5s1	9
Ap5z1	2
Apaf1	2
Apba3	2
Apbb1	6
Apbb1ip	8
Apbb2	6
Apbb3	3
Apc	0
Apcdd1	2
Apeh	6
Apex1	3
Apex2	6
Aph1a	1
Aph1b	0
Aph1c	3
Api5	3
Apip	2
Aplf	6
Apln	9
Aplp1	6
Aplp2	9
Apmap	6
Apoa2	6
Apobec1	9
Apobec3	0
Apoc1	7
Apod	8
Apoe	0
Apoo	1
Apool	9
Apopt1	7
App	6
Appbp2	9
Appl1	1
Appl2	4
Aprt	8
Aptx	0
Aqp1	1
Aqp11	1
Aqp3	5
Aqp4	2
Aqr	6
Ar	5
Araf	7
Arap1	1
Arap2	7
Arap3	9
Arc	7
Arcn1	1
Arel1	8
Arf1	7
Arf2	4
Arf3	6
Arf4	6
Arf5	7
Arf6	5
Arfgap1	1
Arfgap2	1
Arfgap3	3
Arfgef1	7
Arfgef2	3
Arfgef3	4
Arfip1	4
Arfip2	4
Arfrp1	9
Arg1	1
Arg2	1
Arglu1	3
Arhgap1	4
Arhgap10	7
Arhgap11a	3
Arhgap12	4
Arhgap17	9
Arhgap18	3
Arhgap19	7
Arhgap21	7
Arhgap22	5
Arhgap23	1
Arhgap24	9
Arhgap25	7
Arhgap26	8
Arhgap27	6
Arhgap28	3
Arhgap29	4
Arhgap30	7
Arhgap31	7
Arhgap32	1
Arhgap33	9
Arhgap35	6
Arhgap39	5
Arhgap42	8
Arhgap44	4
Arhgap45	2
Arhgap5	6
Arhgap6	7
Arhgdia	1
Arhgdib	4
Arhgdig	7
Arhgef1	3
Arhgef10	6
Arhgef10l	6
Arhgef11	2
Arhgef12	3
Arhgef15	4
Arhgef16	4
Arhgef17	9
Arhgef18	3
Arhgef19	6
Arhgef2	2
Arhgef25	9
Arhgef26	2
Arhgef28	2
Arhgef3	9
Arhgef39	8
Arhgef40	4
Arhgef5	6
Arhgef6	3
Arhgef7	7
Arhgef9	5
Arid1a	7
Arid1b	2
Arid2	5
Arid3a	7
Arid3b	8
Arid4a	4
Arid4b	0
Arid5a	7
Arid5b	7
Arih1	9
Arih2	3
Arl1	8
Arl10	4
Arl13b	8
Arl14ep	2
Arl15	9
Arl16	8
Arl2	5
Arl2bp	7
Arl3	9
Arl4a	2
Arl4c	3
Arl4d	1
Arl5a	8
Arl5b	9
Arl6	2
Arl6ip1	1
Arl6ip4	1
Arl6ip5	4
Arl6ip6	6
Arl8a	1
Arl8b	6
Armc1	6
Armc10	0
Armc5	5
Armc6	7
Armc7	7
Armc8	3
Armc9	8
Armcx1	2
Armcx2	3
Armcx3	2
Armcx4	6
Armcx5	5
Armcx6	6
Armh3	3
Armh4	6
Armt1	5
Arnt	3
Arnt2	8
Arntl	3
Arpc1a	9
Arpc1b	3
Arpc2	1
Arpc3	2
Arpc4	5
Arpc5	2
Arpc5l	3
Arpin	9
Arpp19	6
Arrb1	4
Arrb2	9
Arrdc1	3
Arrdc2	7
Arrdc3	8
Arrdc4	3
Arsa	0
Arsb	6
Arsg	8
Arsk	8
Art3	6
Arv1	6
Arvcf	1
As3mt	8
Asah1	4
Asah2	2
Asap1	8
Asap2	6
Asap3	9
Asb1	2
Asb13	4
Asb3	9
Asb6	0
Asb7	3
Asb8	8
Ascc1	2
Ascc2	5
Ascc3	8
Asf1a	0
Asf1b	7
Ash1l	1
Ash2l	3
Asic1	7
Asl	1
Asna1	4
Asns	0
Aspa	3
Asph	1
Aspm	3
Aspscr1	3
Asrgl1	7
Ass1	5
Aste1	8
Astn2	5
Asxl1	6
Asxl2	9
Atad1	1
Atad2	7
Atad2b	5
Atad3a	1
Atad5	5
Atat1	7
Ate1	4
Atf1	8
Atf2	7
Atf3	3
Atf4	4
Atf5	2
Atf6	2
Atf6b	0
Atf7	2
Atf7ip	2
Atg10	6
Atg101	7
Atg12	7
Atg13	5
Atg14	3
Atg16l1	5
Atg16l2	0
Atg2a	4
Atg2b	8
Atg3	8
Atg4b	2
Atg4c	0
Atg4d	4
Atg5	8
Atg7	3
Atg9a	2
Atic	8
Atl1	1
Atl2	8
Atl3	6
Atm	1
Atmin	7
Atoh8	6
Atox1	3
Atp11a	5
Atp11b	0
Atp11c	9
Atp13a1	2
Atp13a2	3
Atp13a3	7
Atp1a1	0
Atp1a2	4
Atp1a3	4
Atp1b1	9
Atp1b2	7
Atp1b3	9
Atp23	6
Atp2a2	6
Atp2a3	6
Atp2b1	8
Atp2b2	3
Atp2b4	8
Atp2c1	4
Atp5a1	4
Atp5b	4
Atp5c1	6
Atp5d	3
Atp5e	0
Atp5g1	2
Atp5g2	4
Atp5g3	5
Atp5h	8
Atp5j	1
Atp5j2	6
Atp5k	6
Atp5l	5
Atp5md	7
Atp5mpl	5
Atp5o	8
Atp5pb	4
Atp6ap1	9
Atp6ap2	5
Atp6v0a1	0
Atp6v0a2	7
Atp6v0b	6
Atp6v0c	3
Atp6v0d1	7
Atp6v0e	2
Atp6v0e2	7
Atp6v1a	7
Atp6v1b2	0
Atp6v1c1	5
Atp6v1d	7
Atp6v1e1	9
Atp6v1f	5
Atp6v1g1	7
Atp6v1h	3
Atp7a	9
Atp7b	7
Atp8a1	8
Atp8b2	8
Atp9a	1
Atp9b	1
Atpaf1	5
Atpaf2	7
Atpif1	4
Atpsckmt	4
Atr	6
Atraid	9
Atrip	8
Atrn	2
Atrnl1	4
Atrx	8
Atxn1	7
Atxn10	3
Atxn1l	3
Atxn2	7
Atxn2l	5
Atxn3	8
Atxn7	9
Atxn7l1	7
Atxn7l2	8
Atxn7l3	8
Atxn7l3b	3
Auh	7
Aunip	9
Aup1	0
Aurka	2
Aurkaip1	0
Aurkb	5
Auts2	4
Aven	3
Avl9	3
Avpi1	7
Axin1	0
Axin2	2
Axl	4
Azi2	6
Azin1	8
Azin2	2
B230118H07Rik	7
B230217C12Rik	3
B230219D22Rik	6
B230307C23Rik	4
B2m	0
B3galnt1	4
B3galnt2	1
B3galt1	6
B3galt4	5
B3galt6	8
B3gat3	7
B3glct	7
B3gnt2	8
B3gnt3	0
B3gnt7	2
B3gntl1	3
B4galnt1	9
B4galnt4	6
B4galt1	5
B4galt2	8
B4galt3	4
B4galt4	7
B4galt5	8
B4galt6	6
B4galt7	5
B630019K06Rik	3
B9d1	1
B9d2	3
BC003965	6
BC004004	2
BC005537	1
BC005624	3
BC017158	9
BC024978	6
BC028528	1
BC029722	5
BC031181	9
BC048403	8
BC052040	7
BC055324	4
Babam1	9
Babam2	0
Bace1	5
Bace2	5
Bach1	7
Bach2	6
Bad	3
Bag1	0
Bag2	5
Bag3	2
Bag4	4
Bag5	7
Bag6	9
Bahcc1	1
Bahd1	5
Baiap2	0
Baiap2l1	3
Bak1	3
Bambi	6
Banf1	6
Banp	4
Bap1	6
Bard1	4
Basp1	1
Bax	7
Baz1a	9
Baz1b	8
Baz2a	1
Baz2b	3
Bbc3	8
Bbip1	6
Bbox1	7
Bbs1	0
Bbs10	6
Bbs12	7
Bbs2	3
Bbs4	9
Bbs5	2
Bbs7	3
Bbs9	1
Bbx	7
Bcam	1
Bcap29	1
Bcap31	9
Bcar1	6
Bcar3	5
Bcas2	6
Bcas3	6
Bcat1	6
Bcat2	7
Bccip	4
Bcdin3d	7
Bche	8
Bckdha	4
Bckdhb	1
Bckdk	5
Bcl10	6
Bcl11a	0
Bcl11b	2
Bcl2	1
Bcl2l1	0
Bcl2l11	0
Bcl2l12	3
Bcl2l13	0
Bcl3	7
Bcl6	7
Bcl7a	0
Bcl7b	1
Bcl7c	0
Bcl9	8
Bcl9l	0
Bclaf1	8
Bclaf3	5
Bcor	6
Bcorl1	2
Bcr	0
Bcs1l	6
Bdh1	7
Bdh2	0
Bdnf	6
Bdp1	3
Becn1	1
Bend3	7
Bend4	9
Bend5	3
Bend7	1
Bet1	3
Bet1l	6
Bex1	2
Bex2	8
Bex3	1
Bex4	4
Bfar	4
Bgn	0
Bhlhb9	3
Bhlhe40	2
Bhlhe41	2
Bicc1	7
Bicd1	0
Bicd2	3
Bicdl1	7
Bicra	4
Bicral	9
Bid	9
Bin1	1
Bin2	4
Bin3	9
Birc2	1
Birc3	0
Birc5	7
Birc6	4
Bivm	0
Blcap	3
Blm	3
Blmh	3
Blnk	0
Bloc1s1	6
Bloc1s2	0
Bloc1s3	8
Bloc1s4	3
Bloc1s5	5
Bloc1s6	2
Blvra	3
Blvrb	2
Blzf1	9
Bmerb1	4
Bmf	8
Bmi1	5
Bmp1	0
Bmp2	7
Bmp2k	1
Bmp4	3
Bmp6	4
Bmp7	4
Bmper	9
Bmpr1a	1
Bmpr1b	8
Bmpr2	5
Bms1	2
Bmt2	0
Bmyc	3
Bnc2	9
Bnip1	1
Bnip2	4
Bnip3	0
Bnip3l	4
Boc	7
Bod1	8
Bod1l	2
Bok	5
Bola1	8
Bola2	9
Bola3	0
Bop1	8
Bora	3
Borcs5	7
Borcs6	6
Borcs7	3
Borcs8	9
Bpgm	4
Bphl	8
Bpnt1	2
Bptf	7
Braf	5
Brap	5
Brat1	8
Brca1	0
Brca2	2
Brcc3	4
Brd1	2
Brd2	9
Brd3	7
Brd4	8
Brd7	0
Brd8	4
Brd9	3
Brf1	6
Brf2	8
Bri3	5
Bri3bp	9
Brip1	9
Brix1	4
Brk1	2
Brms1l	8
Brox	5
Brpf1	2
Brpf3	7
Brsk1	2
Brwd1	4
Brwd3	0
Bscl2	0
Bsdc1	5
Bsg	1
Bst2	9
Btaf1	7
Btbd1	2
Btbd10	5
Btbd11	3
Btbd19	8
Btbd2	8
Btbd3	8
Btbd6	8
Btbd7	4
Btbd8	2
Btbd9	4
Btd	7
Btf3	3
Btg1	0
Btg2	6
Btg3	0
Btrc	0
Bub1	6
Bub1b	1
Bub3	9
Bud13	0
Bud23	8
Bud31	5
Bysl	5
Bzw1	4
Bzw2	2
C030006K11Rik	5
C130074G19Rik	2
C1d	2
C1galt1	3
C1galt1c1	2
C1qa	9
C1qb	1
C1qbp	1
C1qc	7
C1ql3	2
C1qtnf1	8
C1qtnf12	3
C1qtnf4	8
C1qtnf6	1
C1ra	5
C1rl	8
C1s1	8
C2cd2	6
C2cd2l	6
C2cd3	2
C2cd5	7
C3	6
C330007P06Rik	2
C330018D20Rik	1
C3ar1	5
C4b	5
C530008M17Rik	6
C5ar1	2
C77080	6
C87436	3
C9orf72	1
Caap1	6
Cab39	6
Cab39l	2
Cabin1	2
Cables1	1
Cables2	3
Cabp1	2
Cacfd1	0
Cachd1	7
Cacna1a	6
Cacna2d1	7
Cacna2d2	4
Cacnb1	9
Cacnb3	0
Cacng7	6
Cactin	1
Cacul1	6
Cacybp	7
Cad	0
Cadm1	6
Cadm3	0
Cadm4	7
Cadps2	8
Calb2	5
Calcoco1	3
Calcrl	6
Cald1	7
Calhm2	8
Calhm5	9
Calm1	1
Calm2	6
Calm3	4
Calml4	7
Calr	0
Calr3	6
Calu	3
Camk1	1
Camk1d	8
Camk2a	4
Camk2b	4
Camk2d	5
Camk2g	9
Camk2n1	9
Camk2n2	3
Camk4	7
Camkk1	7
Camkk2	8
Camkmt	2
Camkv	5
Caml	0
Camsap1	3
Camsap2	5
Camsap3	4
Camta1	2
Camta2	3
Cand1	1
Cand2	7
Cant1	3
Canx	9
Cap1	4
Cap2	8
Capg	8
Capn1	5
Capn10	6
Capn15	0
Capn2	9
Capn5	8
Capn6	6
Capn7	1
Capns1	7
Caprin1	5
Caprin2	6
Capza1	0
Capza2	1
Capzb	2
Car11	8
Car12	8
Car13	8
Car14	0
Car2	2
Car3	1
Car5b	9
Car8	1
Card10	3
Card19	0
Card6	3
Carf	8
Carhsp1	7
Carm1	5
Carmil1	6
Carnmt1	4
Cars	4
Cars2	3
Casc3	8
Casc4	1
Casd1	2
Cask	8
Caskin2	0
Casp1	4
Casp12	3
Casp2	0
Casp3	2
Casp4	8
Casp6	1
Casp7	9
Casp8	9
Casp8ap2	7
Casp9	0
Cast	0
Castor1	3
Castor2	6
Casz1	4
Cat	5
Cav1	5
Cav2	5
Cavin1	8
Cavin2	5
Cavin3	6
Cbarp	7
Cbfa2t2	2
Cbfa2t3	0
Cbfb	8
Cbl	8
Cblb	0
Cblc	1
Cbll1	7
Cbln1	6
Cbr1	6
Cbr2	5
Cbr3	9
Cbr4	9
Cbs	6
Cbwd1	2
Cbx1	7
Cbx2	4
Cbx3	3
Cbx4	9
Cbx5	8
Cbx6	2
Cbx7	0
Cbx8	4
Cby1	6
Cc2d1a	0
Cc2d1b	2
Cc2d2a	7
Ccar1	2
Ccar2	2
Ccbe1	7
Ccdc102a	2
Ccdc106	5
Ccdc107	9
Ccdc112	5
Ccdc115	4
Ccdc117	6
Ccdc12	3
Ccdc120	9
Ccdc122	8
Ccdc124	7
Ccdc125	0
Ccdc126	4
Ccdc127	7
Ccdc130	9
Ccdc134	5
Ccdc136	3
Ccdc137	8
Ccdc138	6
Ccdc14	6
Ccdc141	6
Ccdc149	9
Ccdc15	3
Ccdc151	7
Ccdc157	5
Ccdc160	7
Ccdc163	5
Ccdc166	2
Ccdc167	1
Ccdc173	1
Ccdc174	2
Ccdc181	3
Ccdc186	6
Ccdc189	8
Ccdc191	1
Ccdc22	1
Ccdc25	3
Ccdc28a	4
Ccdc28b	6
Ccdc3	5
Ccdc32	1
Ccdc34	0
Ccdc43	0
Ccdc47	2
Ccdc50	6
Ccdc51	6
Ccdc57	9
Ccdc58	5
Ccdc59	6
Ccdc6	6
Ccdc61	6
Ccdc66	8
Ccdc68	1
Ccdc71	3
Ccdc71l	2
Ccdc77	4
Ccdc8	6
Ccdc80	9
Ccdc82	3
Ccdc84	6
Ccdc85b	8
Ccdc85c	4
Ccdc86	7
Ccdc88a	6
Ccdc88c	3
Ccdc9	6
Ccdc90b	8
Ccdc91	5
Ccdc92	5
Ccdc93	0
Ccdc97	6
Ccdc9b	6
Cchcr1	6
Ccl2	2
Ccl25	6
Ccl27a	1
Ccl6	3
Ccl9	3
Ccm2	4
Ccn1	6
Ccn2	8
Ccn3	1
Ccn4	9
Ccna2	1
Ccnb1	9
Ccnb2	5
Ccnc	8
Ccnd1	3
Ccnd2	2
Ccnd3	3
Ccndbp1	0
Ccne1	4
Ccne2	4
Ccnf	1
Ccng1	4
Ccng2	5
Ccnh	4
Ccni	0
Ccnj	5
Ccnjl	3
Ccnk	3
Ccnl1	9
Ccnl2	5
Ccnq	0
Ccnt1	3
Ccnt2	4
Ccny	5
Ccnyl1	0
Ccp110	0
Ccpg1os	6
Ccr5	2
Ccs	8
Ccsap	3
Ccser2	6
Cct2	1
Cct3	5
Cct4	6
Cct5	0
Cct6a	4
Cct7	5
Cct8	5
Ccz1	3
Cd109	7
Cd14	8
Cd151	0
Cd164	4
Cd180	6
Cd1d1	6
Cd200	1
Cd248	4
Cd24a	5
Cd274	7
Cd276	8
Cd2ap	0
Cd2bp2	7
Cd300a	6
Cd302	9
Cd320	1
Cd34	4
Cd36	8
Cd37	2
Cd38	0
Cd3eap	0
Cd44	0
Cd47	0
Cd48	2
Cd52	7
Cd53	3
Cd55	6
Cd59a	8
Cd63	7
Cd68	2
Cd72	0
Cd74	8
Cd81	1
Cd82	6
Cd83	6
Cd84	4
Cd86	6
Cd9	0
Cd93	5
Cd99l2	6
Cda	8
Cdadc1	3
Cdan1	2
Cdc123	8
Cdc14a	1
Cdc14b	0
Cdc16	2
Cdc20	0
Cdc23	5
Cdc25a	1
Cdc25b	5
Cdc25c	1
Cdc26	7
Cdc27	4
Cdc34	7
Cdc37	0
Cdc37l1	8
Cdc40	4
Cdc42	5
Cdc42bpa	0
Cdc42bpb	9
Cdc42bpg	8
Cdc42ep1	8
Cdc42ep2	1
Cdc42ep3	7
Cdc42ep4	9
Cdc42ep5	9
Cdc42se1	0
Cdc42se2	9
Cdc45	2
Cdc5l	7
Cdc6	5
Cdc7	6
Cdc73	3
Cdca2	5
Cdca3	9
Cdca4	2
Cdca5	3
Cdca7	3
Cdca7l	8
Cdca8	7
Cdh1	9
Cdh11	5
Cdh13	9
Cdh2	5
Cdh24	3
Cdh3	9
Cdh4	8
Cdh5	4
Cdh6	6
Cdip1	2
Cdipt	7
Cdk1	0
Cdk10	9
Cdk11b	4
Cdk12	0
Cdk13	2
Cdk14	0
Cdk16	3
Cdk17	4
Cdk18	8
Cdk19	6
Cdk2	4
Cdk20	0
Cdk2ap2	3
Cdk4	7
Cdk5	0
Cdk5r1	9
Cdk5rap1	0
Cdk5rap2	3
Cdk5rap3	5
Cdk6	9
Cdk7	7
Cdk8	3
Cdk9	1
Cdkal1	8
Cdkl2	8
Cdkl3	6
Cdkl5	2
Cdkn1a	2
Cdkn1b	4
Cdkn1c	0
Cdkn2a	1
Cdkn2aip	9
Cdkn2aipnl	6
Cdkn2b	6
Cdkn2c	9
Cdkn2d	3
Cdkn3	8
Cdo1	8
Cdon	1
Cdpf1	5
Cdr2	6
Cdr2l	9
Cds1	8
Cds2	2
Cdt1	9
Cdv3	1
Cdyl	8
Cdyl2	2
Ceacam1	5
Cebpa	5
Cebpb	2
Cebpd	3
Cebpg	4
Cebpz	3
Cebpzos	4
Cecr2	5
Cela1	3
Celf1	6
Celf2	6
Celf4	6
Celf5	3
Celsr1	3
Celsr2	4
Cemip2	7
Cenpa	2
Cenpb	4
Cenpc1	6
Cenpe	9
Cenpf	6
Cenph	6
Cenpi	2
Cenpj	9
Cenpk	1
Cenpl	7
Cenpm	2
Cenpn	2
Cenpo	8
Cenpp	8
Cenpq	2
Cenps	7
Cenpt	9
Cenpu	4
Cenpv	3
Cenpw	7
Cenpx	8
Cep104	8
Cep112	0
Cep120	6
Cep128	6
Cep131	1
Cep135	0
Cep152	9
Cep162	5
Cep164	2
Cep170	9
Cep170b	4
Cep19	4
Cep192	3
Cep250	0
Cep290	5
Cep295	9
Cep350	0
Cep41	3
Cep44	0
Cep55	6
Cep57	9
Cep57l1	1
Cep63	9
Cep68	2
Cep70	5
Cep72	3
Cep76	0
Cep78	4
Cep83	6
Cep85	6
Cep85l	3
Cep89	1
Cep95	7
Cep97	8
Cept1	7
Cercam	4
Cerk	2
Cers2	7
Cers4	5
Cers5	5
Cers6	1
Ces2g	0
Cetn2	5
Cetn3	2
Cetn4	7
Cfap20	7
Cfap298	3
Cfap300	4
Cfap36	8
Cfap410	2
Cfap97	0
Cfdp1	9
Cfh	9
Cfl1	5
Cfl2	8
Cflar	7
Cfp	9
Cgas	8
Cggbp1	1
Cgn	4
Cgnl1	0
Cgref1	5
Cgrrf1	7
Chac1	1
Chac2	3
Chaf1a	3
Chaf1b	2
Champ1	9
Chchd1	4
Chchd10	5
Chchd2	7
Chchd3	3
Chchd4	2
Chchd5	7
Chchd6	9
Chchd7	4
Chd1	7
Chd1l	8
Chd2	6
Chd3	2
Chd4	9
Chd6	5
Chd7	9
Chd8	6
Chd9	5
Chdh	6
Chek1	0
Chek2	3
Cherp	1
Chfr	4
Chga	3
Chic1	6
Chic2	0
Chid1	1
Chka	2
Chl1	8
Chm	9
Chml	5
Chmp1a	9
Chmp1b	2
Chmp2a	7
Chmp2b	1
Chmp3	8
Chmp4b	5
Chmp4c	0
Chmp5	0
Chmp6	2
Chmp7	2
Chn1	3
Chn2	7
Chordc1	2
Chp1	3
Chpf	3
Chpf2	9
Chpt1	4
Chrac1	3
Chrd	8
Chrdl1	1
Chrna4	4
Chrna7	5
Chst10	0
Chst11	5
Chst12	9
Chst14	3
Chst15	5
Chst2	6
Chst3	8
Chst7	0
Chsy1	6
Chsy3	0
Chtf18	0
Chtf8	0
Chtop	5
Chuk	8
Churc1	4
Ciao1	7
Ciao2a	0
Ciao2b	9
Ciao3	9
Ciapin1	5
Ciart	4
Cib1	7
Cib2	4
Cic	2
Cilk1	1
Cinp	1
Cip2a	9
Cipc	1
Cir1	8
Cirbp	1
Cisd1	4
Cisd2	8
Cisd3	7
Cish	6
Cit	3
Cited1	8
Cited2	4
Cited4	9
Ciz1	8
Ckap2	2
Ckap2l	8
Ckap4	7
Ckap5	2
Ckb	3
Cklf	4
Ckmt1	9
Cks1b	4
Cks2	0
Clasp1	2
Clasp2	5
Clasrp	7
Clba1	8
Clcc1	8
Clcn2	7
Clcn3	0
Clcn4	2
Clcn5	8
Clcn6	6
Clcn7	8
Cldn1	3
Cldn12	5
Cldn3	0
Cldn5	7
Cldnd1	7
Clec11a	8
Clec12a	3
Clec14a	1
Clec16a	1
Clec2d	9
Clec3b	3
Clgn	0
Clic1	3
Clic4	2
Clint1	8
Clip1	7
Clip2	2
Clip3	0
Clip4	4
Clk1	8
Clk2	9
Clk3	8
Clk4	3
Clmn	6
Clmp	1
Cln3	8
Cln5	6
Cln6	2
Cln8	9
Clns1a	4
Clock	6
Clp1	7
Clpb	6
Clpp	6
Clptm1	9
Clptm1l	3
Clpx	3
Clspn	0
Clstn1	2
Clstn2	6
Clstn3	2
Clta	7
Cltb	1
Cltc	7
Clu	4
Cluap1	5
Cluh	8
Clybl	6
Cmas	4
Cmbl	3
Cmc1	5
Cmc2	2
Cmc4	5
Cmip	3
Cmklr1	6
Cmpk1	4
Cmpk2	4
Cmss1	1
Cmtm3	8
Cmtm4	9
Cmtm6	8
Cmtm7	5
Cmtm8	8
Cmtr1	9
Cmtr2	8
Cnbp	6
Cndp2	6
Cnep1r1	9
Cnih1	2
Cnih4	9
Cnksr3	4
Cnn2	4
Cnn3	6
Cnnm2	3
Cnnm3	0
Cnnm4	5
Cnot1	7
Cnot10	8
Cnot11	4
Cnot2	4
Cnot3	0
Cnot4	0
Cnot6	2
Cnot6l	7
Cnot7	5
Cnot8	5
Cnot9	6
Cnp	7
Cnppd1	3
Cnpy2	3
Cnpy3	2
Cnpy4	3
Cnrip1	6
Cnst	1
Cntfr	6
Cntln	7
Cntrl	3
Cntrob	5
Coa3	2
Coa4	9
Coa5	0
Coa6	7
Coa7	2
Coasy	0
Cobl	6
Cobll1	1
Coch	7
Cog1	4
Cog2	3
Cog3	6
Cog4	5
Cog5	9
Cog6	1
Cog7	1
Cog8	7
Coil	5
Col11a1	3
Col12a1	0
Col14a1	9
Col15a1	9
Col16a1	7
Col18a1	3
Col1a1	3
Col1a2	5
Col3a1	8
Col4a1	2
Col4a2	1
Col4a3bp	1
Col4a5	2
Col5a1	0
Col5a2	3
Col6a1	4
Col6a2	2
Col6a3	3
Col8a1	4
Colec12	4
Colgalt1	9
Colgalt2	3
Commd1	7
Commd10	0
Commd2	2
Commd3	6
Commd4	9
Commd6	4
Commd7	2
Commd8	1
Commd9	7
Comt	9
Comtd1	1
Cop1	5
Copa	2
Copb1	2
Copb2	4
Cope	6
Copg1	5
Copg2	2
Coprs	1
Cops2	6
Cops3	1
Cops4	4
Cops5	6
Cops6	3
Cops7a	6
Cops7b	4
Cops8	9
Cops9	7
Copz1	0
Copz2	2
Coq10a	5
Coq10b	8
Coq2	5
Coq3	2
Coq4	2
Coq5	3
Coq6	4
Coq7	5
Coq8a	6
Coq8b	1
Coq9	6
Coro1a	8
Coro1b	5
Coro1c	7
Coro2a	8
Coro2b	1
Coro7	3
Cotl1	5
Cox10	0
Cox11	5
Cox14	1
Cox15	8
Cox16	6
Cox18	3
Cox19	8
Cox20	2
Cox4i1	9
Cox5a	7
Cox5b	4
Cox6a1	2
Cox6b1	4
Cox6b2	1
Cox6c	3
Cox7a1	6
Cox7a2	6
Cox7a2l	9
Cox7b	4
Cox7c	8
Cox8a	0
Cp	3
Cpd	6
Cpe	2
Cpeb1	5
Cpeb2	4
Cpeb3	8
Cpeb4	7
Cped1	0
Cplane1	1
Cplane2	9
Cplx2	9
Cpm	4
Cpne2	7
Cpne3	2
Cpne5	6
Cpne8	3
Cpox	9
Cpped1	0
Cpq	9
Cpsf1	8
Cpsf2	1
Cpsf3	5
Cpsf4	5
Cpsf6	2
Cpsf7	5
Cpt1a	8
Cpt1c	3
Cpt2	9
Cptp	4
Cpxm1	0
Cr1l	1
Crabp1	6
Crabp2	1
Cracr2b	5
Cradd	6
Cramp1l	2
Crat	6
Crbn	5
Crcp	3
Creb1	3
Creb3	0
Creb3l1	0
Creb3l2	1
Creb5	1
Crebbp	7
Crebl2	8
Crebrf	0
Crebzf	1
Creg1	3
Creld1	3
Creld2	3
Crem	2
Crim1	9
Crip1	1
Crip2	3
Cript	4
Crispld2	0
Crk	1
Crkl	7
Crlf1	8
Crlf2	4
Crlf3	4
Crls1	9
Crmp1	1
Crnkl1	1
Crocc	0
Crot	0
Crppa	3
Crtap	1
Crtc1	5
Crtc2	7
Crtc3	2
Cry1	2
Cry2	6
Cryab	2
Crybg1	5
Crybg3	5
Cryl1	5
Crym	2
Cryz	4
Cryzl1	3
Cryzl2	2
Cs	1
Csad	4
Csdc2	9
Csde1	3
Cse1l	7
Csf1	8
Csf1r	8
Csf2ra	5
Csgalnact2	2
Csk	8
Csnk1a1	6
Csnk1d	6
Csnk1e	8
Csnk1g1	1
Csnk1g2	5
Csnk1g3	7
Csnk2a1	6
Csnk2a2	5
Csnk2b	5
Cspg4	2
Cspg5	5
Cspp1	1
Csrnp1	5
Csrnp2	5
Csrnp3	0
Csrp1	3
Csrp2	7
Cst3	0
Cstb	3
Cstf1	9
Cstf2	2
Cstf2t	0
Cstf3	6
Ctbp1	8
Ctbp2	0
Ctbs	1
Ctc1	3
Ctcf	6
Ctdnep1	7
Ctdp1	4
Ctdsp1	8
Ctdsp2	5
Ctdspl	4
Ctdspl2	7
Ctf1	3
Cth	0
Cthrc1	6
Ctif	5
Ctnna1	1
Ctnnal1	4
Ctnnb1	4
Ctnnbip1	2
Ctnnbl1	5
Ctnnd2	8
Ctns	1
Ctps	8
Ctps2	4
Ctr9	2
Ctsa	9
Ctsb	1
Ctsc	3
Ctsd	7
Ctsf	6
Ctsh	5
Ctsk	8
Ctsl	7
Ctso	4
Ctss	0
Ctsz	5
Cttn	3
Cttnbp2	0
Cttnbp2nl	6
Ctu1	3
Ctu2	5
Ctxn1	0
Cuedc1	2
Cuedc2	4
Cul1	1
Cul2	2
Cul3	0
Cul4a	7
Cul4b	9
Cul5	6
Cul7	9
Cul9	6
Cuta	3
Cutc	2
Cux1	1
Cwc15	6
Cwc22	9
Cwc25	9
Cwc27	3
Cwf19l1	3
Cwf19l2	9
Cx3cl1	6
Cx3cr1	1
Cxadr	8
Cxcl1	1
Cxcl10	3
Cxcl12	9
Cxcl14	2
Cxcl16	3
Cxcr4	8
Cxxc1	5
Cxxc5	8
Cyb561	4
Cyb561a3	7
Cyb561d1	6
Cyb561d2	0
Cyb5a	8
Cyb5b	4
Cyb5d1	9
Cyb5d2	1
Cyb5r1	3
Cyb5r3	7
Cyb5r4	1
Cyb5rl	9
Cyba	4
Cybb	4
Cybc1	8
Cyc1	8
Cyfip1	4
Cyfip2	0
Cygb	8
Cyhr1	9
Cyld	4
Cyp1b1	8
Cyp20a1	8
Cyp26b1	9
Cyp27a1	9
Cyp2d22	6
Cyp2j6	7
Cyp2j9	5
Cyp2s1	8
Cyp2u1	0
Cyp39a1	3
Cyp4f13	4
Cyp4f14	1
Cyp4f16	8
Cyp4f17	5
Cyp4v3	4
Cyp51	4
Cyp7b1	1
Cystm1	7
Cyth1	2
Cyth2	0
Cyth3	3
Cyth4	4
Cyyr1	8
Czib	8
D030056L22Rik	0
D10Wsu102e	9
D11Wsu47e	4
D130043K22Rik	4
D16Ertd472e	6
D17H6S53E	4
D1Ertd622e	9
D230025D16Rik	0
D2hgdh	2
D3Ertd751e	9
D430042O09Rik	9
D5Ertd579e	9
D630045J12Rik	4
D6Wsu163e	1
D8Ertd738e	2
Daam1	6
Daam2	0
Dab2	8
Dab2ip	5
Dach1	8
Dact1	1
Dact2	3
Dact3	1
Dad1	8
Dag1	6
Dagla	4
Daglb	1
Dalrd3	7
Dap	9
Dap3	4
Dapk1	6
Dapk2	5
Dapk3	2
Dapp1	0
Dars	4
Dars2	1
Daxx	0
Dazap1	0
Dazap2	3
Dbf4	6
Dbi	7
Dbn1	1
Dbnl	4
Dbp	9
Dbr1	9
Dbt	4
Dcaf1	5
Dcaf10	1
Dcaf11	9
Dcaf12	8
Dcaf12l1	4
Dcaf13	6
Dcaf15	2
Dcaf17	4
Dcaf4	0
Dcaf5	3
Dcaf6	4
Dcaf7	0
Dcaf8	4
Dcakd	1
Dcbld1	7
Dcbld2	2
Dchs1	1
Dck	2
Dclk1	4
Dclk2	7
Dclk3	7
Dclre1a	6
Dclre1b	2
Dclre1c	1
Dcn	8
Dcp1a	6
Dcp1b	7
Dcp2	7
Dcps	1
Dctd	9
Dctn1	6
Dctn2	4
Dctn3	6
Dctn4	9
Dctn5	3
Dctn6	1
Dctpp1	5
Dcun1d1	5
Dcun1d2	2
Dcun1d3	5
Dcun1d4	4
Dcun1d5	8
Dcxr	0
Dda1	7
Ddah1	4
Ddah2	2
Ddb1	9
Ddb2	3
Ddc	9
Ddhd1	6
Ddhd2	7
Ddi2	5
Ddias	8
Ddit3	2
Ddit4	3
Ddit4l	5
Ddo	0
Ddost	1
Ddr1	5
Ddr2	2
Ddrgk1	6
Ddt	5
Ddx1	7
Ddx10	7
Ddx11	2
Ddx17	1
Ddx18	4
Ddx19a	1
Ddx19b	0
Ddx20	1
Ddx21	5
Ddx23	4
Ddx24	8
Ddx25	3
Ddx27	9
Ddx28	6
Ddx31	1
Ddx39	0
Ddx39b	9
Ddx3x	6
Ddx3y	8
Ddx41	0
Ddx42	7
Ddx46	1
Ddx47	1
Ddx49	9
Ddx5	0
Ddx50	0
Ddx51	7
Ddx52	6
Ddx54	7
Ddx55	3
Ddx56	3
Ddx58	8
Ddx59	6
Ddx6	4
Deaf1	2
Decr1	7
Decr2	6
Dedd	3
Dedd2	9
Def6	6
Def8	4
Degs1	9
Dek	4
Dele1	7
Denn2b	0
Dennd11	9
Dennd1a	7
Dennd1b	6
Dennd2a	2
Dennd2d	0
Dennd3	3
Dennd4a	9
Dennd4b	1
Dennd4c	8
Dennd5a	3
Dennd5b	1
Dennd6a	7
Dennd6b	9
Denr	1
Depdc1a	6
Depdc1b	1
Depdc5	8
Depdc7	0
Depp1	8
Deptor	3
Dera	2
Derl1	1
Derl2	5
Des	2
Desi1	0
Desi2	0
Det1	8
Dexi	7
Dffa	0
Dffb	5
Dgat1	4
Dgat2	6
Dgcr6	0
Dgcr8	1
Dgka	3
Dgkd	0
Dgke	9
Dgkh	6
Dgkq	5
Dgkz	1
Dglucy	6
Dguok	5
Dhcr24	9
Dhcr7	3
Dhdds	7
Dhdh	7
Dhfr	4
Dhodh	0
Dhps	9
Dhrs1	3
Dhrs11	9
Dhrs13	9
Dhrs3	4
Dhrs4	3
Dhrs7	3
Dhrs7b	3
Dhtkd1	5
Dhx15	5
Dhx16	1
Dhx29	9
Dhx30	8
Dhx32	7
Dhx33	8
Dhx34	6
Dhx35	2
Dhx36	7
Dhx37	9
Dhx38	3
Dhx40	6
Dhx57	4
Dhx58	4
Dhx8	7
Dhx9	5
Diaph1	1
Diaph2	2
Diaph3	2
Dicer1	0
Dido1	0
Dimt1	6
Dip2a	7
Dip2b	1
Dip2c	3
Dipk1a	0
Dipk1b	0
Dipk2a	0
Dis3	9
Dis3l	8
Dis3l2	8
Disp1	0
Disp2	1
Dixdc1	3
Dkc1	1
Dkk3	2
Dlat	9
Dlc1	4
Dld	6
Dlg1	6
Dlg3	9
Dlg4	1
Dlg5	0
Dlgap3	9
Dlgap4	8
Dlgap5	9
Dlk1	9
Dll1	2
Dll4	5
Dlst	3
Dmac1	9
Dmac2	1
Dmac2l	3
Dmap1	0
Dmd	0
Dmpk	2
Dmtf1	7
Dmtn	9
Dmwd	5
Dmxl1	6
Dmxl2	0
Dna2	4
Dnaaf2	4
Dnaaf5	5
Dnaja1	1
Dnaja2	5
Dnaja3	5
Dnaja4	3
Dnajb1	4
Dnajb11	8
Dnajb12	0
Dnajb14	7
Dnajb2	2
Dnajb4	6
Dnajb5	1
Dnajb6	8
Dnajb9	6
Dnajc1	1
Dnajc10	3
Dnajc11	0
Dnajc12	0
Dnajc13	9
Dnajc14	4
Dnajc15	3
Dnajc16	8
Dnajc17	8
Dnajc18	2
Dnajc19	2
Dnajc2	0
Dnajc21	4
Dnajc22	1
Dnajc24	4
Dnajc25	4
Dnajc27	1
Dnajc28	5
Dnajc3	1
Dnajc30	5
Dnajc4	4
Dnajc5	7
Dnajc6	2
Dnajc7	4
Dnajc8	8
Dnajc9	4
Dnal1	8
Dnal4	4
Dnase1l1	2
Dnase2a	9
Dner	9
Dnlz	0
Dnm1	0
Dnm1l	1
Dnm2	3
Dnm3	9
Dnmbp	2
Dnmt1	1
Dnmt3a	8
Dnmt3b	0
Dnpep	2
Dnph1	9
Dnttip1	6
Dnttip2	7
Dock1	8
Dock10	5
Dock11	0
Dock2	8
Dock4	2
Dock5	9
Dock6	7
Dock7	6
Dock8	4
Dock9	9
Dohh	8
Dok1	2
Dok4	1
Dolk	6
Dolpp1	8
Donson	6
Dop1a	5
Dop1b	9
Dot1l	7
Dpagt1	3
Dpf1	5
Dpf2	5
Dpf3	5
Dph1	5
Dph2	5
Dph3	8
Dph5	5
Dph6	1
Dph7	2
Dpm2	3
Dpm3	8
Dpp3	6
Dpp4	2
Dpp7	1
Dpp8	5
Dpp9	0
Dpt	9
Dpy19l1	9
Dpy19l3	0
Dpy19l4	6
Dpy30	5
Dpyd	5
Dpysl2	4
Dpysl3	3
Dpysl4	6
Dpysl5	4
Dr1	5
Dram1	9
Dram2	7
Drap1	4
Drc3	0
Drg1	6
Drg2	5
Drosha	7
Dsc2	4
Dscc1	6
Dse	0
Dsel	2
Dsg2	9
Dsn1	3
Dsp	1
Dst	3
Dstn	7
Dstyk	8
Dtd1	3
Dtd2	8
Dtl	1
Dtna	8
Dtnb	9
Dtnbp1	6
Dtwd1	7
Dtwd2	9
Dtx1	1
Dtx2	3
Dtx3	7
Dtx3l	0
Dtx4	7
Dtymk	7
Dus1l	5
Dus2	4
Dus3l	1
Dus4l	3
Dusp1	4
Dusp10	9
Dusp11	6
Dusp12	1
Dusp14	2
Dusp16	3
Dusp18	6
Dusp19	7
Dusp2	4
Dusp22	8
Dusp23	6
Dusp28	0
Dusp3	0
Dusp4	3
Dusp5	3
Dusp6	7
Dusp7	6
Dusp8	5
Dusp9	1
Dut	9
Dvl1	5
Dvl2	6
Dvl3	1
Dxo	8
Dym	8
Dync1h1	7
Dync1i2	0
Dync1li1	3
Dync1li2	3
Dync2h1	8
Dync2li1	0
Dynll1	9
Dynll2	8
Dynlrb1	4
Dynlt3	6
Dyrk1a	0
Dyrk1b	8
Dyrk2	3
Dyrk3	7
Dysf	4
Dzank1	3
Dzip1	2
Dzip1l	9
Dzip3	0
E130308A19Rik	9
E130309D02Rik	8
E130311K13Rik	1
E2f1	7
E2f2	0
E2f3	1
E2f4	5
E2f5	7
E2f6	5
E2f7	7
E2f8	6
E430018J23Rik	4
E4f1	4
Eaf1	1
Eapp	7
Ears2	4
Ebag9	7
Ebf1	1
Ebf3	0
Ebna1bp2	1
Ebp	9
Ebpl	3
Ecd	9
Ece1	4
Ech1	5
Echdc1	7
Echdc2	1
Echdc3	9
Echs1	0
Eci1	4
Eci2	5
Ecm1	1
Ecpas	6
Ecscr	4
Ecsit	4
Ect2	8
Eda2r	2
Edc3	8
Edc4	1
Edem1	1
Edem2	6
Edem3	1
Edf1	7
Edil3	4
Edn1	7
Ednra	8
Ednrb	1
Edrf1	1
Eea1	6
Eed	2
Eef1a1	6
Eef1a2	4
Eef1akmt1	9
Eef1akmt2	0
Eef1akmt4	5
Eef1aknmt	8
Eef1b2	3
Eef1d	7
Eef1e1	6
Eef1g	5
Eef2	2
Eef2k	0
Eef2kmt	2
Eefsec	7
Eepd1	7
Efcab11	1
Efcab14	4
Efcab2	5
Efcab7	4
Efemp1	2
Efemp2	4
Efhd1	6
Efhd2	2
Efl1	2
Efna1	9
Efna2	1
Efna3	2
Efna4	5
Efna5	7
Efnb1	6
Efnb2	7
Efr3a	9
Efr3b	7
Efs	5
Eftud2	4
Egfl7	7
Egflam	8
Egfr	4
Egln1	2
Egln2	5
Egln3	0
Egr1	0
Egr2	1
Ehbp1	8
Ehbp1l1	1
Ehd1	6
Ehd2	7
Ehd3	9
Ehd4	2
Ehhadh	2
Ehmt1	1
Ehmt2	7
Ei24	1
Eid1	9
Eid2	5
Eid2b	5
Eif1	7
Eif1a	4
Eif1ad	7
Eif1ax	3
Eif1b	7
Eif2a	4
Eif2ak1	8
Eif2ak2	4
Eif2ak3	4
Eif2ak4	3
Eif2b1	3
Eif2b2	2
Eif2b3	6
Eif2b4	2
Eif2b5	6
Eif2d	0
Eif2s1	7
Eif2s2	2
Eif2s3x	4
Eif2s3y	5
Eif3a	4
Eif3b	9
Eif3c	6
Eif3d	3
Eif3e	2
Eif3f	3
Eif3g	2
Eif3h	1
Eif3i	9
Eif3k	8
Eif3l	0
Eif3m	9
Eif4a1	4
Eif4a2	2
Eif4a3	0
Eif4b	7
Eif4e	6
Eif4e2	2
Eif4e3	5
Eif4ebp1	8
Eif4ebp2	1
Eif4ebp3	7
Eif4enif1	0
Eif4g1	3
Eif4g3	8
Eif4h	5
Eif5	3
Eif5a	6
Eif5a2	2
Eif5b	5
Eif6	9
Eipr1	9
Elac1	0
Elac2	6
Elavl1	7
Elavl2	7
Elavl3	2
Elavl4	9
Elf1	7
Elf2	7
Elf4	5
Elk1	2
Elk3	8
Elk4	7
Ell	8
Ell2	5
Elmo1	1
Elmo2	5
Elmo3	7
Elmod2	1
Elmod3	6
Elmsan1	9
Eln	8
Eloa	7
Elob	2
Eloc	8
Elof1	7
Elovl1	2
Elovl2	2
Elovl4	1
Elovl5	6
Elovl6	9
Elovl7	8
Elp1	9
Elp2	5
Elp3	3
Elp4	7
Elp5	8
Elp6	2
Emb	2
Emc1	7
Emc10	9
Emc2	6
Emc3	2
Emc4	3
Emc6	7
Emc7	0
Emc8	6
Emc9	8
Emcn	0
Emd	6
Eme1	1
Eme2	0
Emg1	0
Emid1	2
Emilin1	7
Emilin2	8
Eml1	4
Eml2	5
Eml3	8
Eml4	5
Eml5	2
Emp1	1
Emp2	0
Emp3	6
Emsy	2
Emx2	4
Enah	0
Enc1	9
Endod1	1
Endog	5
Endov	3
Eng	1
Engase	3
Enho	0
Enkd1	7
Eno1	0
Eno1b	7
Eno2	3
Eno3	6
Enoph1	6
Enox1	0
Enox2	1
Enpep	1
Enpp1	3
Enpp2	8
Enpp3	0
Enpp4	2
Enpp5	6
Ensa	7
Entpd1	1
Entpd2	9
Entpd5	2
Entpd6	8
Entpd7	3
Entr1	0
Eny2	7
Eogt	5
Ep300	4
Ep400	2
Epas1	3
Epb41	9
Epb41l1	7
Epb41l2	2
Epb41l3	6
Epb41l4a	5
Epb41l4b	9
Epb41l5	4
Epc1	1
Epc2	3
Epcam	3
Epdr1	5
Epg5	7
Epha1	3
Epha2	9
Epha3	2
Epha4	8
Epha7	2
Ephb2	6
Ephb3	5
Ephb4	1
Ephb6	8
Ephx1	1
Ephx2	2
Epm2a	6
Epm2aip1	2
Epn1	7
Epn2	1
Epop	6
Eprs	9
Eps15	3
Eps15l1	9
Eps8	4
Eps8l2	7
Epsti1	0
Eral1	9
Erap1	5
Erbb2	5
Erbb3	8
Erbb4	7
Erbin	9
Erc1	6
Erc2	4
Ercc1	2
Ercc2	3
Ercc3	0
Ercc4	9
Ercc5	8
Ercc6	6
Ercc6l	9
Ercc6l2	6
Ercc8	9
Erf	7
Erg	5
Erg28	5
Ergic1	7
Ergic2	4
Ergic3	6
Eri1	2
Eri2	9
Eri3	5
Erich1	5
Erlec1	3
Erlin1	4
Erlin2	1
Ermard	5
Ermp1	8
Ern1	9
Ero1l	1
Ero1lb	2
Erp29	4
Erp44	8
Errfi1	9
Esam	8
Esco1	6
Esco2	0
Esd	2
Esf1	6
Espl1	7
Esr1	7
Esrp2	4
Esrra	9
Esrrb	6
Esrrg	8
Ess2	0
Esyt1	7
Esyt2	6
Etaa1	4
Etf1	2
Etfa	7
Etfb	5
Etfbkmt	2
Etfdh	0
Etfrf1	0
Ethe1	6
Etl4	3
Etnk1	3
Etnk2	0
Ets1	7
Ets2	6
Etv1	2
Etv3	6
Etv4	6
Etv5	6
Etv6	3
Eva1a	0
Eva1b	5
Evc	9
Evc2	4
Evi5	8
Evi5l	2
Evl	6
Ewsr1	8
Exd2	3
Exo1	1
Exo5	4
Exoc1	1
Exoc2	4
Exoc3	7
Exoc3l	6
Exoc3l2	6
Exoc4	1
Exoc5	8
Exoc6	7
Exoc6b	2
Exoc7	3
Exoc8	3
Exog	6
Exosc1	3
Exosc10	8
Exosc2	9
Exosc3	7
Exosc4	2
Exosc5	4
Exosc7	9
Exosc8	9
Exosc9	2
Ext1	1
Ext2	3
Extl2	4
Extl3	5
Eya1	1
Eya3	6
Eya4	7
Ezh1	0
Ezh2	0
Ezr	3
F11r	6
F13a1	9
F2r	9
F2rl1	8
F3	2
F8a	4
Faah	3
Faap100	2
Faap20	8
Faap24	1
Fabp3	1
Fabp4	0
Fabp5	9
Fabp7	8
Fadd	4
Fads1	8
Fads2	9
Fads3	2
Fads6	5
Faf1	3
Faf2	2
Fah	9
Fahd1	5
Fahd2a	8
Faim	8
Fam102a	7
Fam102b	7
Fam104a	8
Fam107b	4
Fam110a	3
Fam110b	4
Fam111a	0
Fam114a1	6
Fam114a2	8
Fam117a	1
Fam117b	8
Fam118a	2
Fam118b	1
Fam120a	5
Fam120b	6
Fam120c	2
Fam122a	7
Fam122b	1
Fam124a	6
Fam126a	3
Fam126b	8
Fam129a	8
Fam129b	8
Fam131a	4
Fam131b	9
Fam133b	1
Fam135a	6
Fam136a	6
Fam13a	1
Fam13b	9
Fam13c	8
Fam149b	5
Fam151b	2
Fam160a1	3
Fam160a2	4
Fam160b1	0
Fam160b2	9
Fam161b	2
Fam162a	4
Fam168a	6
Fam168b	6
Fam169a	1
Fam171a1	2
Fam171a2	5
Fam171b	8
Fam172a	0
Fam173a	2
Fam174a	8
Fam174b	6
Fam174c	3
Fam185a	8
Fam189a2	0
Fam189b	9
Fam192a	4
Fam193a	5
Fam193b	7
Fam199x	2
Fam204a	6
Fam207a	4
Fam20a	4
Fam20b	7
Fam20c	6
Fam210a	9
Fam210b	2
Fam214a	9
Fam214b	9
Fam216a	0
Fam219a	7
Fam219b	6
Fam221a	3
Fam222a	7
Fam222b	2
Fam234a	8
Fam234b	8
Fam241a	5
Fam241b	5
Fam25c	2
Fam32a	4
Fam3a	0
Fam3c	5
Fam43a	9
Fam45a	8
Fam49a	9
Fam49b	2
Fam50a	6
Fam53a	8
Fam53b	3
Fam53c	3
Fam57a	6
Fam72a	7
Fam76a	2
Fam76b	4
Fam83d	1
Fam83g	4
Fam83h	6
Fam89a	6
Fam8a1	4
Fam91a1	7
Fam92a	1
Fam98a	1
Fam98b	7
Fam98c	2
Fan1	6
Fanca	9
Fancb	3
Fancc	8
Fancd2	8
Fance	3
Fancf	4
Fancg	9
Fanci	4
Fancl	8
Fancm	7
Far1	1
Farp1	8
Farp2	3
Fars2	0
Farsa	1
Farsb	8
Fas	8
Fasn	1
Fastk	7
Fastkd1	0
Fastkd2	4
Fastkd3	6
Fastkd5	0
Fat1	6
Fat4	0
Fau	9
Faxc	4
Fbf1	1
Fbh1	1
Fbl	8
Fblim1	9
Fbln1	7
Fbln2	5
Fbln5	4
Fbn1	4
Fbrs	9
Fbrsl1	2
Fbxl12	0
Fbxl14	4
Fbxl15	7
Fbxl16	7
Fbxl17	7
Fbxl18	1
Fbxl19	0
Fbxl2	5
Fbxl20	2
Fbxl3	8
Fbxl4	2
Fbxl5	2
Fbxl6	1
Fbxl8	0
Fbxo10	0
Fbxo11	9
Fbxo16	9
Fbxo2	3
Fbxo21	5
Fbxo22	8
Fbxo25	5
Fbxo28	5
Fbxo3	7
Fbxo30	5
Fbxo31	5
Fbxo32	7
Fbxo33	4
Fbxo34	9
Fbxo36	9
Fbxo38	5
Fbxo4	2
Fbxo42	9
Fbxo44	6
Fbxo45	5
Fbxo46	2
Fbxo5	4
Fbxo6	9
Fbxo7	7
Fbxo8	8
Fbxo9	6
Fbxw11	3
Fbxw17	8
Fbxw2	2
Fbxw4	1
Fbxw5	2
Fbxw7	4
Fbxw8	5
Fbxw9	5
Fcer1g	7
Fcf1	7
Fcgr1	9
Fcgr2b	9
Fcgr3	2
Fcgrt	9
Fcho1	8
Fcho2	8
Fchsd1	3
Fchsd2	7
Fcor	0
Fcrls	6
Fcsk	6
Fdft1	0
Fdps	8
Fdx1	0
Fdx2	3
Fdxacb1	3
Fdxr	4
Fech	3
Fem1a	8
Fem1b	4
Fem1c	5
Fen1	1
Fer	4
Fermt2	9
Fermt3	4
Fes	0
Fetub	3
Fez1	4
Fez2	5
Fgd1	2
Fgd3	0
Fgd4	3
Fgd5	6
Fgd6	9
Fgf1	7
Fgf13	1
Fgfbp1	8
Fgfbp3	9
Fgfr1	3
Fgfr1op	5
Fgfr1op2	9
Fgfr2	2
Fgfr3	1
Fgfrl1	3
Fggy	7
Fgl2	7
Fh1	0
Fhdc1	0
Fhit	9
Fhl1	9
Fhl2	9
Fhl3	8
Fhod1	7
Fhod3	1
Fibin	0
Fibp	3
Ficd	3
Fig4	7
Fign	4
Fignl1	8
Filip1l	9
Fip1l1	6
Fis1	0
Fitm2	1
Fiz1	0
Fjx1	2
Fkbp10	5
Fkbp11	2
Fkbp14	8
Fkbp15	5
Fkbp1a	0
Fkbp1b	7
Fkbp2	5
Fkbp3	5
Fkbp4	8
Fkbp5	3
Fkbp7	5
Fkbp8	7
Fkbp9	7
Fkbpl	3
Fkrp	3
Fktn	7
Flad1	8
Flcn	1
Fli1	7
Flii	6
Flna	8
Flnb	0
Flnc	8
Flot1	6
Flot2	6
Flrt1	5
Flrt2	2
Flrt3	9
Flt1	7
Flt4	6
Flvcr1	1
Flvcr2	3
Flywch1	9
Flywch2	4
Fmc1	0
Fmn1	0
Fmnl1	6
Fmnl2	7
Fmnl3	4
Fmo1	0
Fmo5	3
Fmod	9
Fmr1	5
Fn1	8
Fn3k	5
Fn3krp	7
Fnbp1	8
Fnbp1l	7
Fnbp4	8
Fndc10	9
Fndc3a	6
Fndc3b	2
Fndc4	4
Fnip1	5
Fnip2	2
Fnta	4
Fntb	6
Focad	7
Folr1	5
Fopnl	3
Fos	6
Fosl2	3
Foxc1	1
Foxc2	9
Foxj2	7
Foxj3	9
Foxk1	7
Foxk2	4
Foxm1	5
Foxn2	2
Foxn3	4
Foxo1	7
Foxo3	8
Foxo4	3
Foxp1	1
Foxp4	5
Foxq1	9
Foxred1	7
Foxred2	7
Fpgs	5
Fpgt	3
Fra10ac1	6
Fras1	4
Frat1	0
Frat2	6
Frem2	4
Frg1	5
Frk	6
Frmd4a	4
Frmd4b	5
Frmd5	8
Frmd6	8
Frmd8	8
Frrs1	8
Frs2	6
Fry	7
Fryl	2
Frzb	3
Fscn1	7
Fsd1	1
Fsd1l	5
Fst	4
Fstl1	4
Fth1	6
Ftl1	8
Fto	8
Ftsj1	0
Ftsj3	6
Fubp1	7
Fubp3	9
Fuca1	0
Fuca2	0
Fundc1	5
Fundc2	1
Fuom	1
Furin	8
Fus	2
Fut10	3
Fut11	6
Fut8	5
Fut9	9
Fuz	4
Fv1	7
Fxn	8
Fxr1	6
Fxr2	5
Fxyd1	4
Fxyd5	4
Fxyd6	9
Fyb	0
Fyco1	4
Fyn	4
Fyttd1	4
Fzd1	3
Fzd2	0
Fzd3	4
Fzd4	6
Fzd5	8
Fzd6	9
Fzd7	5
Fzd8	8
Fzr1	3
G0s2	3
G2e3	7
G3bp1	4
G3bp2	3
G6pc3	7
G6pdx	4
Gaa	9
Gab1	3
Gab2	1
Gabarap	1
Gabarapl1	0
Gabarapl2	2
Gabbr1	2
Gabpa	1
Gabpb1	5
Gabpb2	2
Gabra3	8
Gabrb3	4
Gadd45a	8
Gadd45b	0
Gadd45g	3
Gadd45gip1	5
Gak	2
Gal3st3	7
Galc	3
Gale	4
Galk1	1
Galk2	3
Galm	3
Galns	2
Galnt1	1
Galnt10	0
Galnt11	2
Galnt16	8
Galnt17	6
Galnt18	9
Galnt2	1
Galnt4	1
Galnt6	1
Galnt7	9
Galt	6
Gamt	1
Gan	7
Ganab	3
Ganc	8
Gap43	1
Gapdh	5
Gapvd1	2
Gar1	7
Garem1	2
Garnl3	9
Gars	6
Gart	4
Gas1	0
Gas2	3
Gas2l1	1
Gas2l3	3
Gas6	2
Gas7	6
Gas8	5
Gask1b	9
Gata2	6
Gata3	5
Gata6	0
Gatad1	5
Gatad2a	4
Gatad2b	7
Gatb	7
Gatc	6
Gatd1	8
Gatd3a	0
Gatm	1
Gba	2
Gba2	1
Gbe1	4
Gbf1	0
Gbp2	6
Gbp3	8
Gbp5	8
Gbp7	0
Gbp9	1
Gca	8
Gcat	5
Gcc1	1
Gcc2	1
Gcdh	5
Gcfc2	5
Gch1	7
Gchfr	2
Gclc	9
Gclm	1
Gcn1	5
Gcnt1	7
Gcnt2	1
Gcnt4	8
Gcsh	7
Gda	7
Gdap1l1	0
Gdap2	1
Gde1	0
Gdf10	3
Gdf11	8
Gdf15	3
Gdi1	5
Gdi2	1
Gdpd1	5
Gdpd5	6
Gdpgp1	0
Gem	8
Gemin2	3
Gemin4	3
Gemin5	5
Gemin6	5
Gemin7	6
Gemin8	3
Gen1	6
Get1	8
Get4	2
Gfer	3
Gfm1	9
Gfm2	7
Gfod1	2
Gfod2	9
Gfpt1	0
Gfpt2	1
Gfra1	9
Gfra2	1
Gga1	0
Gga2	3
Gga3	7
Ggact	4
Ggct	4
Ggcx	0
Ggh	2
Ggnbp2	0
Ggps1	1
Ggt5	9
Ggt7	3
Ggta1	7
Ghdc	5
Ghitm	1
Ghr	8
Gid4	4
Gid8	5
Gigyf1	8
Gigyf2	1
Gimap4	7
Gimap6	7
Gimap9	1
Gin1	1
Ginm1	3
Gins1	6
Gins2	9
Gins3	2
Gins4	5
Gipc1	9
Git1	2
Git2	5
Gja1	2
Gja4	5
Gjb1	3
Gjb2	1
Gjc1	5
Gk	1
Gk5	4
Gkap1	4
Gla	8
Glb1	9
Glb1l	8
Glce	6
Gldc	9
Gle1	8
Glg1	3
Gli2	9
Gli3	2
Glipr1	5
Glipr2	7
Glis2	3
Glis3	4
Glmn	5
Glmp	0
Glo1	4
Glod4	9
Glrb	4
Glrx	3
Glrx2	7
Glrx3	3
Glrx5	3
Gls	0
Gls2	5
Glt1d1	7
Glt8d1	7
Glt8d2	8
Gltp	8
Glud1	3
Glul	9
Glyctk	3
Glyr1	7
Gm10033	1
Gm10130	5
Gm13889	2
Gm16286	2
Gm1673	3
Gm17018	4
Gm20594	4
Gm2a	0
Gm3550	8
Gm38394	0
Gm45871	8
Gm49336	6
Gm5617	7
Gm7072	4
Gmcl1	4
Gmds	0
Gmeb1	0
Gmeb2	3
Gmfb	2
Gmfg	7
Gmip	2
Gmnn	7
Gmppa	8
Gmppb	3
Gmpr	2
Gmpr2	2
Gmps	0
Gna11	5
Gna12	3
Gna13	4
Gna14	9
Gnai1	0
Gnai2	2
Gnai3	2
Gnao1	0
Gnaq	8
Gnas	2
Gnaz	2
Gnb1	5
Gnb1l	8
Gnb2	2
Gnb4	4
Gnb5	3
Gne	7
Gng10	9
Gng11	8
Gng12	5
Gng2	7
Gng3	5
Gng5	1
Gng7	4
Gngt2	6
Gnl1	8
Gnl2	9
Gnl3	8
Gnl3l	4
Gnmt	6
Gnpat	8
Gnpda1	6
Gnpda2	4
Gnpnat1	0
Gnptab	2
Gnptg	9
Gns	1
Golga1	0
Golga2	0
Golga3	5
Golga4	3
Golga5	7
Golga7	9
Golgb1	3
Golim4	3
Golm1	2
Golph3	8
Golph3l	9
Golt1b	2
Gon4l	3
Gon7	8
Gopc	6
Gorab	5
Gorasp1	5
Gorasp2	6
Gosr1	6
Gosr2	5
Got1	3
Got2	4
Gpaa1	0
Gpalpp1	8
Gpam	9
Gpank1	0
Gpat3	5
Gpat4	7
Gpatch1	0
Gpatch11	7
Gpatch2	9
Gpatch2l	3
Gpatch3	7
Gpatch4	2
Gpatch8	9
Gpbp1	1
Gpbp1l1	6
Gpc1	3
Gpc3	6
Gpc4	2
Gpc6	1
Gpcpd1	7
Gpd1	1
Gpd1l	3
Gpd2	3
Gphn	2
Gpi1	8
Gpkow	5
Gpld1	6
Gpm6a	4
Gpm6b	8
Gpn1	4
Gpn2	8
Gpn3	0
Gpnmb	3
Gpr107	2
Gpr108	4
Gpr137	9
Gpr137b	8
Gpr146	3
Gpr155	1
Gpr161	7
Gpr180	3
Gpr182	2
Gpr19	9
Gpr89	0
Gprasp1	0
Gprasp2	3
Gprc5a	5
Gprc5b	4
Gprc5c	8
Gprin3	3
Gps1	2
Gps2	7
Gpsm1	8
Gpsm2	8
Gpt	1
Gpt2	6
Gpx1	9
Gpx3	8
Gpx4	9
Gpx7	9
Gpx8	3
Gramd1a	9
Gramd1b	3
Gramd1c	9
Gramd3	0
Gramd4	0
Grap	5
Grasp	0
Grb10	2
Grb14	7
Grb2	2
Grb7	1
Grcc10	4
Grem2	8
Grhpr	8
Gria3	7
Grik3	2
Grik5	3
Grina	9
Grip1	3
Gripap1	1
Grk2	1
Grk3	2
Grk5	2
Grk6	5
Grn	9
Grpel1	5
Grpel2	9
Grsf1	2
Grtp1	9
Grwd1	2
Gsap	3
Gsdmd	6
Gsdme	0
Gse1	2
Gsk3a	8
Gsk3b	5
Gskip	3
Gsn	0
Gspt1	4
Gspt2	7
Gsr	0
Gss	5
Gsta3	4
Gsta4	1
Gstcd	2
Gstk1	4
Gstm1	0
Gstm2	1
Gstm4	6
Gstm5	8
Gstm6	6
Gstm7	2
Gsto1	7
Gstp1	1
Gstt1	1
Gstt2	5
Gstt3	2
Gstz1	6
Gtdc1	0
Gtf2a1	3
Gtf2a2	4
Gtf2b	6
Gtf2e1	2
Gtf2e2	3
Gtf2f1	4
Gtf2f2	6
Gtf2h1	7
Gtf2h2	0
Gtf2h3	9
Gtf2h4	5
Gtf2h5	1
Gtf2i	8
Gtf2ird1	9
Gtf2ird2	8
Gtf3a	3
Gtf3c1	5
Gtf3c3	9
Gtf3c4	6
Gtf3c5	9
Gtf3c6	4
Gtpbp1	9
Gtpbp10	6
Gtpbp2	2
Gtpbp3	7
Gtpbp4	2
Gtpbp6	0
Gtpbp8	9
Gtse1	7
Gucd1	5
Gucy1a1	2
Gucy1a2	5
Gucy1b1	7
Guf1	2
Guk1	2
Gulp1	5
Gusb	1
Gxylt1	2
Gyg	4
Gypc	2
Gys1	1
Gzf1	3
H13	6
H1f0	8
H1f10	3
H2.Aa	2
H2.Ab1	1
H2.D1	7
H2.DMa	9
H2.Eb1	6
H2.K1	9
H2.Ke6	8
H2.M3	7
H2.Q4	5
H2.Q6	5
H2.Q7	2
H2.T22	3
H2.T23	1
H2.T24	0
H2az1	0
H2az2	8
H2bc21	2
H2bu2	5
H3f3a	8
H3f3b	7
H6pd	5
Habp4	6
Hacd1	1
Hacd2	5
Hacd3	9
Hacd4	1
Hace1	4
Hacl1	4
Hadh	0
Hadha	2
Hadhb	2
Hagh	6
Haghl	1
Hap1	9
Hapln4	2
Harbi1	3
Hars	0
Hars2	8
Has2	7
Haspin	5
Hat1	1
Haus1	8
Haus2	4
Haus3	6
Haus4	6
Haus5	5
Haus6	3
Haus7	9
Haus8	5
Hax1	8
Hba.a1	3
Hba.a2	2
Hbb.bs	3
Hbegf	0
Hbp1	1
Hbs1l	4
Hccs	4
Hcfc1	5
Hcfc1r1	2
Hcfc2	2
Hck	0
Hcls1	2
Hdac1	5
Hdac10	1
Hdac11	0
Hdac2	1
Hdac3	0
Hdac4	2
Hdac5	5
Hdac6	0
Hdac7	1
Hdac8	7
Hdac9	9
Hddc2	2
Hddc3	5
Hdgf	7
Hdgfl2	8
Hdgfl3	3
Hdhd2	1
Hdhd3	7
Hdhd5	0
Hdlbp	4
Hdx	4
Heatr1	8
Heatr3	0
Heatr5a	2
Heatr5b	8
Heatr6	2
Hebp1	7
Hebp2	4
Heca	7
Hectd1	2
Hectd2	6
Hectd3	1
Hectd4	6
Hecw2	1
Heg1	1
Helb	4
Hells	8
Helq	0
Helz	5
Helz2	8
Hemk1	7
Heph	3
Herc1	6
Herc2	8
Herc3	7
Herc4	9
Herc6	4
Herpud1	5
Herpud2	4
Hes1	9
Hes6	9
Hexa	2
Hexb	5
Hexdc	7
Hexim1	2
Hexim2	8
Hey1	5
Heyl	3
Hfe	6
Hgf	3
Hgh1	3
Hgs	5
Hgsnat	9
Hhat	6
Hhex	4
Hhip	1
Hibadh	6
Hibch	4
Hid1	7
Hif1a	7
Hif1an	9
Higd1a	3
Higd2a	0
Hikeshi	8
Hilpda	0
Hinfp	8
Hint1	6
Hint2	1
Hint3	8
Hip1	3
Hip1r	7
Hipk1	6
Hipk2	1
Hipk3	4
Hirip3	0
Hivep1	4
Hivep2	8
Hjurp	7
Hk1	4
Hk2	1
Hlcs	7
Hlf	1
Hltf	7
Hlx	0
Hmbox1	0
Hmbs	1
Hmces	4
Hmg20a	4
Hmg20b	0
Hmga2	3
Hmgb1	3
Hmgb2	1
Hmgb3	8
Hmgcl	1
Hmgcll1	5
Hmgcr	9
Hmgcs1	8
Hmgcs2	4
Hmgn1	5
Hmgn3	6
Hmgn5	1
Hmgxb3	8
Hmgxb4	4
Hmmr	3
Hmox1	1
Hmox2	3
Hnmt	8
Hnrnpa0	1
Hnrnpa1	2
Hnrnpa2b1	3
Hnrnpa3	5
Hnrnpab	1
Hnrnpc	9
Hnrnpd	9
Hnrnpdl	4
Hnrnpf	9
Hnrnph1	9
Hnrnph2	7
Hnrnph3	2
Hnrnpk	0
Hnrnpl	8
Hnrnpll	8
Hnrnpm	1
Hnrnpr	5
Hnrnpu	5
Hnrnpul1	7
Hnrnpul2	4
Homer1	8
Homer2	4
Homer3	6
Homez	2
Hook1	5
Hook2	6
Hook3	8
Hopx	6
Hoxa5	4
Hoxa7	2
Hp	0
Hp1bp3	5
Hpca	7
Hpcal1	0
Hpdl	5
Hpf1	9
Hpgd	0
Hpgds	4
Hprt	7
Hps1	6
Hps3	5
Hps4	8
Hps5	1
Hps6	2
Hpse	4
Hras	0
Hrob	7
Hs1bp3	0
Hs2st1	4
Hs3st1	6
Hs6st1	2
Hs6st2	9
Hsbp1	4
Hscb	7
Hsd11b1	5
Hsd17b10	2
Hsd17b11	4
Hsd17b12	1
Hsd17b4	6
Hsd17b7	0
Hsd3b7	5
Hsdl1	3
Hsdl2	4
Hsf1	9
Hsf2	4
Hsf4	4
Hsp90aa1	1
Hsp90ab1	6
Hsp90b1	7
Hspa12a	0
Hspa12b	1
Hspa13	7
Hspa14	9
Hspa1b	8
Hspa2	4
Hspa4	8
Hspa4l	0
Hspa5	7
Hspa8	9
Hspa9	9
Hspb1	7
Hspb11	7
Hspb6	1
Hspb8	3
Hspbap1	6
Hspbp1	0
Hspd1	3
Hspe1	4
Hspg2	6
Hsph1	1
Htatip2	1
Htatsf1	2
Htra1	2
Htra2	0
Htra3	3
Htt	6
Hunk	2
Hus1	3
Huwe1	8
Hvcn1	9
Hyal1	8
Hyal2	5
Hykk	8
Hyls1	6
Hyou1	2
Hypk	3
Iah1	6
Iars	9
Iars2	6
Iba57	8
Ibtk	6
Ica1	3
Icam1	8
Icam2	2
Ice1	1
Ice2	7
Icmt	9
Icosl	8
Id1	0
Id2	9
Id3	0
Id4	1
Idh1	5
Idh2	7
Idh3a	9
Idh3b	0
Idh3g	3
Idi1	3
Idnk	2
Ids	8
Idua	1
Ier2	7
Ier3	2
Ier3ip1	4
Ier5	2
Ier5l	6
Iffo1	3
Ifi203	3
Ifi204	0
Ifi207	2
Ifi27	5
Ifi27l2a	4
Ifi35	7
Ifi44	5
Ifi47	2
Ifih1	2
Ifit1	1
Ifit2	3
Ifit3	1
Ifitm1	9
Ifitm2	4
Ifitm3	7
Ifnar1	3
Ifnar2	3
Ifngr1	7
Ifngr2	9
Ifrd1	0
Ifrd2	3
Ift122	1
Ift140	2
Ift172	0
Ift20	5
Ift22	6
Ift27	7
Ift43	0
Ift46	9
Ift52	9
Ift57	5
Ift74	0
Ift80	0
Ift81	3
Ift88	0
Igbp1	2
Igdcc4	8
Igf1	0
Igf1r	0
Igf2bp1	1
Igf2bp2	6
Igf2bp3	8
Igf2r	2
Igfbp2	0
Igfbp3	4
Igfbp4	0
Igfbp5	0
Igfbp6	5
Igfbp7	1
Ighmbp2	8
Igsf10	6
Igsf11	5
Igsf3	3
Igsf8	9
Igsf9	3
Igsf9b	2
Igtp	3
Iigp1	1
Ik	5
Ikbip	8
Ikbkb	8
Ikbke	9
Ikbkg	7
Ikzf1	5
Ikzf2	7
Ikzf5	2
Il10rb	7
Il11ra1	5
Il13ra1	6
Il15ra	7
Il16	9
Il17ra	3
Il17rc	3
Il17rd	9
Il18	6
Il1r1	7
Il1rap	2
Il2rg	7
Il33	9
Il34	9
Il3ra	8
Il4ra	5
Il6ra	7
Il6st	3
Ildr2	1
Ilf2	2
Ilf3	3
Ilk	9
Ilkap	1
Ilrun	6
Ilvbl	4
Immp1l	0
Immp2l	7
Immt	3
Imp3	9
Imp4	6
Impa1	0
Impa2	0
Impact	7
Impad1	3
Impdh1	5
Impdh2	3
Ina	5
Inafm1	5
Inafm2	1
Inava	8
Inca1	1
Incenp	4
Inf2	2
Ing1	1
Ing2	4
Ing3	6
Ing4	1
Ing5	7
Inhba	7
Inhbb	6
Inip	0
Inka1	5
Inka2	7
Ino80	7
Ino80b	5
Ino80c	0
Ino80d	4
Ino80e	7
Inpp1	9
Inpp4a	3
Inpp4b	9
Inpp5a	3
Inpp5b	1
Inpp5d	2
Inpp5e	4
Inpp5f	6
Inpp5k	0
Inppl1	9
Insc	1
Insig1	1
Insig2	2
Insl6	4
Insr	8
Ints1	6
Ints10	8
Ints11	4
Ints12	7
Ints13	1
Ints14	4
Ints2	6
Ints3	5
Ints4	6
Ints5	3
Ints6	2
Ints6l	8
Ints7	2
Ints8	1
Ints9	7
Intu	9
Invs	2
Ip6k1	9
Ip6k2	3
Ipmk	4
Ipo11	7
Ipo13	5
Ipo4	4
Ipo5	7
Ipo7	6
Ipo8	2
Ipo9	3
Ipp	6
Ippk	2
Iqcb1	5
Iqcc	9
Iqce	3
Iqcg	9
Iqgap1	2
Iqgap2	8
Iqgap3	0
Iqschfp	9
Iqsec1	3
Iqsec2	4
Irak1	7
Irak1bp1	8
Irak2	7
Irak3	5
Irak4	8
Ireb2	6
Irf1	3
Irf2	3
Irf2bp1	5
Irf2bp2	0
Irf2bpl	0
Irf3	3
Irf5	3
Irf6	4
Irf7	3
Irf8	7
Irf9	3
Irgm1	6
Irgm2	5
Irgq	4
Irs1	3
Irs2	7
Irx1	9
Irx2	0
Irx5	8
Isca1	8
Isca2	1
Iscu	6
Isg15	1
Isg20	4
Isg20l2	7
Islr	9
Islr2	4
Isoc1	0
Isoc2a	6
Isoc2b	3
Ist1	9
Isy1	2
Isyna1	5
Itch	2
Itfg1	7
Itfg2	6
Itga1	9
Itga2b	3
Itga3	0
Itga4	7
Itga5	2
Itga6	5
Itga7	2
Itga8	8
Itga9	7
Itgal	8
Itgav	8
Itgb1	3
Itgb1bp1	4
Itgb2	0
Itgb3	5
Itgb3bp	4
Itgb4	3
Itgb5	2
Itgb7	0
Itgb8	0
Itih2	1
Itih5	6
Itm2a	7
Itm2b	2
Itm2c	4
Itpa	5
Itpk1	3
Itpkb	6
Itpkc	2
Itpr1	7
Itpr2	6
Itpr3	5
Itprid2	0
Itprip	2
Itpripl1	3
Itpripl2	7
Itsn1	3
Itsn2	8
Ivd	5
Ivns1abp	7
Iws1	4
Izumo4	9
Jade1	4
Jade2	0
Jade3	1
Jag1	2
Jag2	5
Jagn1	1
Jak1	1
Jak2	7
Jak3	6
Jam2	7
Jam3	4
Jarid2	4
Jazf1	2
Jcad	7
Jdp2	4
Jkamp	2
Jmjd1c	9
Jmjd4	7
Jmjd6	2
Jmjd8	0
Jmy	4
Josd1	1
Josd2	7
Jpt1	2
Jpt2	0
Jrk	2
Jrkl	7
Jtb	9
Jun	5
Junb	8
Jund	5
Jup	8
Kalrn	5
Kank1	7
Kank2	0
Kank3	2
Kank4	8
Kansl1	9
Kansl1l	1
Kansl2	2
Kansl3	8
Kantr	5
Kars	4
Kat14	3
Kat2a	3
Kat2b	8
Kat5	5
Kat6a	1
Kat6b	2
Kat7	9
Kat8	5
Katna1	9
Katnal1	6
Katnal2	2
Katnb1	0
Katnbl1	1
Kazn	1
Kbtbd11	5
Kbtbd2	5
Kbtbd3	7
Kbtbd4	2
Kbtbd7	7
Kbtbd8	6
Kcmf1	5
Kcnab1	5
Kcnab2	6
Kcnc3	3
Kcnh2	9
Kcnj10	1
Kcnj2	7
Kcnj8	9
Kcnk1	6
Kcnk5	0
Kcnn2	2
Kctd1	2
Kctd10	8
Kctd11	8
Kctd12	2
Kctd12b	2
Kctd13	0
Kctd15	7
Kctd17	0
Kctd18	9
Kctd2	9
Kctd20	0
Kctd21	8
Kctd3	7
Kctd5	5
Kctd6	2
Kctd7	2
Kctd9	6
Kdelr1	6
Kdelr2	8
Kdelr3	8
Kdm1a	2
Kdm1b	7
Kdm2a	0
Kdm2b	4
Kdm3a	7
Kdm3b	1
Kdm4a	4
Kdm4b	8
Kdm4c	2
Kdm5a	9
Kdm5b	1
Kdm5c	5
Kdm5d	6
Kdm6a	4
Kdm6b	1
Kdm7a	4
Kdm8	4
Kdr	4
Kdsr	9
Keap1	3
Khdc4	8
Khdrbs1	8
Khdrbs3	5
Khk	3
Khnyn	0
Khsrp	1
Kidins220	5
Kif11	3
Kif13a	3
Kif13b	9
Kif14	1
Kif15	3
Kif16b	4
Kif18a	2
Kif18b	7
Kif1a	1
Kif1b	7
Kif1c	7
Kif20a	6
Kif20b	5
Kif21a	1
Kif21b	7
Kif22	8
Kif23	9
Kif24	9
Kif26a	0
Kif26b	7
Kif2a	4
Kif2c	3
Kif3a	8
Kif3b	5
Kif3c	4
Kif4	1
Kif5a	3
Kif5b	7
Kif5c	0
Kif7	9
Kifap3	0
Kifbp	3
Kifc1	5
Kifc3	1
Kifc5b	2
Kin	2
Kirrel	7
Kit	8
Kitl	5
Kiz	2
Klc1	8
Klc2	7
Klc3	4
Klc4	6
Klf10	3
Klf11	8
Klf12	8
Klf13	0
Klf15	8
Klf16	3
Klf2	5
Klf3	9
Klf4	4
Klf5	4
Klf6	6
Klf7	8
Klf8	6
Klf9	0
Klhdc1	3
Klhdc10	2
Klhdc2	4
Klhdc3	8
Klhdc4	6
Klhdc7a	4
Klhdc8a	6
Klhdc8b	7
Klhl11	0
Klhl12	3
Klhl13	3
Klhl15	9
Klhl18	7
Klhl2	9
Klhl20	4
Klhl21	1
Klhl22	3
Klhl23	1
Klhl24	9
Klhl25	9
Klhl26	4
Klhl28	2
Klhl3	7
Klhl36	1
Klhl42	6
Klhl5	5
Klhl6	2
Klhl7	9
Klhl8	1
Klhl9	2
Klk8	8
Kmt2a	9
Kmt2b	3
Kmt2c	5
Kmt2d	2
Kmt2e	9
Kmt5a	8
Kmt5b	1
Kmt5c	8
Knl1	0
Knop1	2
Knstrn	2
Kntc1	0
Kpna1	7
Kpna2	9
Kpna3	7
Kpna4	8
Kpna6	7
Kpnb1	5
Kptn	3
Kras	9
Krba1	6
Krcc1	5
Kremen1	8
Kri1	6
Krit1	5
Krr1	8
Krt18	6
Krt19	3
Krt8	3
Krtcap2	1
Ksr1	8
Kti12	3
Ktn1	6
Kxd1	2
Kyat1	5
Kyat3	0
L1cam	6
L2hgdh	1
L3hypdh	0
L3mbtl2	4
L3mbtl3	9
LTO1	7
Lacc1	1
Lactb	2
Lactb2	4
Lad1	4
Lage3	8
Lair1	1
Lama1	3
Lama2	4
Lama4	4
Lama5	8
Lamb1	3
Lamb2	7
Lamc1	1
Lamc2	6
Lamc3	0
Lamp1	1
Lamp2	5
Lamtor1	7
Lamtor2	5
Lamtor3	5
Lamtor4	5
Lamtor5	8
Lancl1	0
Lancl2	7
Lancl3	2
Lap3	9
Laptm4a	6
Laptm4b	7
Laptm5	8
Large1	2
Larp1	8
Larp1b	0
Larp4	2
Larp4b	0
Larp7	9
Lars	9
Lars2	3
Las1l	2
Lasp1	3
Lats1	6
Layn	4
Lbh	1
Lbp	6
Lbr	2
Lca5	6
Lclat1	9
Lcmt1	0
Lcmt2	7
Lcn2	5
Lcor	3
Lcorl	4
Lcp1	5
Lcp2	4
Ldah	4
Ldb1	4
Ldb2	4
Ldha	7
Ldhb	5
Ldhd	5
Ldlr	4
Ldlrad3	1
Ldlrad4	9
Ldlrap1	5
Lef1	5
Lemd2	5
Lemd3	7
Leng1	8
Leng8	3
Leng9	7
Leo1	1
Lepr	2
Leprot	3
Leprotl1	3
Letm1	2
Letm2	6
Letmd1	8
Lfng	2
Lgals1	3
Lgals3	8
Lgals3bp	9
Lgals8	8
Lgals9	0
Lgalsl	0
Lgmn	6
Lgr4	8
Lgr5	7
Lhfp	4
Lhfpl2	5
Lhpp	1
Lhx9	5
Lias	0
Lifr	6
Lig1	9
Lig3	9
Lig4	5
Lima1	8
Limch1	0
Limd1	2
Limd2	2
Limk1	3
Limk2	7
Lims1	3
Lims2	4
Lin37	7
Lin52	8
Lin54	2
Lin7a	8
Lin7c	8
Lin9	2
Lingo1	4
Lins1	9
Lipa	7
Lipe	7
Lipg	3
Lipt1	0
Lipt2	6
Litaf	9
Lix1l	4
Llgl1	6
Llgl2	7
Llph	3
Lman1	8
Lman2	8
Lman2l	9
Lmbr1	5
Lmbr1l	3
Lmbrd1	3
Lmbrd2	1
Lmcd1	0
Lmf1	1
Lmf2	1
Lmln	6
Lmna	9
Lmnb1	6
Lmnb2	7
Lmo1	2
Lmo2	9
Lmo4	8
Lmo7	8
Lmtk2	4
Lnpep	4
Lnpk	9
Lnx2	2
Lonp1	2
Lonp2	6
Lonrf1	6
Lonrf3	7
Lox	4
Loxl1	0
Loxl2	1
Loxl3	2
Lpar1	0
Lpar2	4
Lpar4	5
Lpar6	7
Lpcat1	7
Lpcat2	5
Lpcat3	3
Lpcat4	3
Lpgat1	6
Lpin1	2
Lpin2	7
Lpin3	3
Lpl	0
Lpp	4
Lpxn	8
Lratd1	6
Lratd2	9
Lrba	2
Lrch1	8
Lrch2	0
Lrch3	4
Lrfn1	6
Lrfn3	1
Lrfn4	6
Lrif1	6
Lrig1	5
Lrig2	0
Lrig3	3
Lrp1	7
Lrp10	7
Lrp11	2
Lrp12	4
Lrp2	8
Lrp3	8
Lrp4	1
Lrp5	0
Lrp6	6
Lrp8	2
Lrpap1	0
Lrpprc	3
Lrr1	8
Lrrc1	4
Lrrc14	6
Lrrc20	1
Lrrc25	8
Lrrc27	3
Lrrc28	9
Lrrc3	9
Lrrc32	8
Lrrc40	2
Lrrc41	8
Lrrc42	0
Lrrc45	6
Lrrc47	5
Lrrc49	1
Lrrc57	5
Lrrc58	3
Lrrc59	8
Lrrc61	6
Lrrc75a	5
Lrrc8b	9
Lrrc8c	7
Lrrc8d	2
Lrrcc1	4
Lrrfip1	0
Lrrfip2	1
Lrrk1	4
Lrrk2	8
Lrrn1	0
Lrrn2	4
Lrrn3	3
Lrsam1	9
Lrwd1	5
Lsg1	6
Lsm1	9
Lsm10	9
Lsm11	7
Lsm12	5
Lsm14a	1
Lsm14b	2
Lsm2	3
Lsm3	8
Lsm4	2
Lsm5	4
Lsm6	3
Lsm7	5
Lsm8	7
Lsp1	4
Lsr	7
Lss	8
Lst1	8
Lta4h	0
Ltbp1	1
Ltbp3	9
Ltbp4	0
Ltbr	3
Ltn1	6
Ltv1	6
Luc7l	7
Luc7l2	3
Luc7l3	9
Lum	4
Lurap1l	0
Luzp1	0
Lxn	2
Ly6a	5
Ly6c1	9
Ly6e	6
Ly75	3
Ly86	6
Ly96	2
Lyar	0
Lyn	3
Lynx1	7
Lypla1	5
Lypla2	6
Lyplal1	6
Lyrm1	4
Lyrm2	5
Lyrm4	1
Lyrm7	1
Lyrm9	7
Lysmd1	1
Lysmd2	1
Lysmd3	6
Lysmd4	9
Lyst	8
Lyve1	4
Lyz2	8
Lzic	6
Lztfl1	1
Lztr1	0
Lzts1	5
Lzts2	2
Lzts3	6
M6pr	5
Macf1	8
Maco1	1
Macrod1	0
Macrod2	8
Macroh2a2	7
Mad1l1	7
Mad2l1	3
Mad2l1bp	8
Mad2l2	6
Madd	3
Maea	8
Maf	9
Maf1	4
Mafb	6
Maff	4
Mafg	0
Mafk	9
Maged1	8
Maged2	6
Magee1	0
Mageh1	5
Magi1	6
Magi2	6
Magi3	6
Magoh	4
Magohb	9
Magt1	4
Maip1	8
Mak16	5
Mal2	0
Malsu1	8
Malt1	7
Mamdc2	4
Maml1	3
Maml2	1
Mamld1	5
Man1a	3
Man1a2	0
Man1b1	7
Man1c1	4
Man2a1	4
Man2a2	2
Man2b1	7
Man2b2	4
Man2c1	7
Manba	6
Manbal	8
Manea	8
Maneal	9
Manf	8
Mansc1	2
Maoa	4
Maob	3
Map10	9
Map11	7
Map1a	7
Map1b	5
Map1lc3a	9
Map1lc3b	8
Map1s	9
Map2	2
Map2k1	0
Map2k2	1
Map2k3	0
Map2k4	4
Map2k5	3
Map2k6	2
Map3k1	9
Map3k11	2
Map3k12	6
Map3k13	8
Map3k14	7
Map3k2	8
Map3k20	9
Map3k3	5
Map3k4	5
Map3k5	2
Map3k6	7
Map3k7	3
Map3k8	3
Map3k9	9
Map4	6
Map4k2	2
Map4k3	2
Map4k4	2
Map4k5	9
Map6	2
Map7	0
Map7d1	2
Map7d2	0
Map9	5
Mapk1	0
Mapk11	0
Mapk12	4
Mapk13	0
Mapk14	6
Mapk1ip1	8
Mapk1ip1l	8
Mapk3	9
Mapk4	7
Mapk6	0
Mapk7	5
Mapk8	9
Mapk8ip1	5
Mapk8ip2	1
Mapk8ip3	4
Mapk9	7
Mapkap1	5
Mapkapk2	5
Mapkapk3	1
Mapkbp1	9
Mapre1	0
Mapre2	5
Mapre3	9
Mapt	2
Marchf1	6
Marchf2	8
Marchf3	8
Marchf5	9
Marchf6	9
Marchf7	8
Marchf8	0
Marchf9	6
Marcks	6
Marcksl1	0
Marf1	6
Mark1	0
Mark2	5
Mark3	5
Mark4	7
Mars1	1
Mars2	9
Marveld1	6
Marveld2	1
Masp1	0
Mast1	8
Mast2	7
Mast3	6
Mast4	8
Mastl	7
Mat2a	7
Mat2b	1
Matn2	1
Matr3	4
Mau2	6
Mavs	6
Max	1
Maz	8
Mb21d2	6
Mbd1	2
Mbd2	3
Mbd3	9
Mbd4	2
Mbd6	8
Mbip	9
Mblac1	9
Mblac2	1
Mbnl1	7
Mbnl2	0
Mbnl3	7
Mboat1	1
Mboat2	7
Mboat7	0
Mbp	0
Mbtd1	4
Mbtps1	3
Mcam	1
Mcat	1
Mcc	3
Mccc1	1
Mccc2	6
Mcee	5
Mcf2l	5
Mcfd2	1
Mcl1	0
Mcm10	3
Mcm2	9
Mcm3	4
Mcm3ap	8
Mcm4	5
Mcm5	6
Mcm6	1
Mcm7	9
Mcm8	1
Mcm9	7
Mcmbp	4
Mcoln1	3
Mcph1	7
Mcrip1	4
Mcrip2	6
Mcrs1	9
Mcts1	7
Mcts2	1
Mcu	3
Mcub	3
Mcur1	1
Mdc1	7
Mdfic	4
Mdga1	8
Mdh1	8
Mdh2	0
Mdk	9
Mdm1	9
Mdm2	5
Mdm4	4
Mdn1	5
Mdp1	0
Me1	5
Me2	8
Mea1	6
Meaf6	8
Meak7	6
Mecom	0
Mecp2	9
Mecr	3
Med1	0
Med10	5
Med11	6
Med12	9
Med13	7
Med13l	0
Med14	6
Med15	7
Med16	3
Med17	2
Med18	4
Med19	7
Med20	4
Med21	2
Med22	3
Med23	1
Med24	0
Med25	4
Med26	6
Med27	0
Med28	7
Med29	4
Med30	0
Med31	7
Med4	0
Med6	5
Med7	1
Med8	6
Med9	7
Medag	4
Mef2a	1
Mef2c	3
Mef2d	0
Megf6	9
Megf8	4
Megf9	8
Meis1	1
Meis2	9
Meis3	6
Melk	9
Memo1	5
Men1	2
Mepce	2
Mertk	6
Mesd	6
Mest	4
Met	4
Metap1	6
Metap1d	6
Metap2	4
Metrn	4
Metrnl	4
Mettl1	0
Mettl14	2
Mettl15	2
Mettl16	5
Mettl17	3
Mettl18	1
Mettl2	8
Mettl21a	1
Mettl22	5
Mettl23	3
Mettl25	7
Mettl26	4
Mettl27	9
Mettl3	7
Mettl4	5
Mettl5	3
Mettl6	2
Mettl7a1	0
Mettl8	6
Mettl9	7
Mex3a	9
Mex3b	3
Mex3c	0
Mex3d	0
Mfap2	7
Mfap3	7
Mfap3l	4
Mfap4	5
Mff	9
Mfge8	0
Mfhas1	3
Mfn1	2
Mfn2	9
Mfsd1	5
Mfsd10	2
Mfsd11	3
Mfsd12	2
Mfsd13a	0
Mfsd14a	9
Mfsd14b	4
Mfsd2a	6
Mfsd3	3
Mfsd5	3
Mfsd6	4
Mfsd8	9
Mfsd9	6
Mga	2
Mgat1	3
Mgat2	2
Mgat3	1
Mgat4a	8
Mgat4b	0
Mgat5	7
Mgll	5
Mgme1	5
Mgmt	5
Mgp	6
Mgrn1	6
Mgst1	8
Mgst3	1
Mia2	0
Mia3	8
Mib1	1
Mib2	8
Mical1	5
Mical2	7
Mical3	1
Micall1	5
Micall2	5
Micos10	5
Micos13	4
Micu1	1
Micu2	9
Micu3	6
Mid1	9
Mid1ip1	9
Mid2	9
Midn	3
Mief1	7
Mief2	9
Mien1	7
Mier1	3
Mier2	5
Mier3	5
Mif	3
Mif4gd	2
Miga1	1
Miga2	4
Miip	5
Mindy1	2
Mindy2	8
Mindy3	7
Mindy4	8
Mink1	1
Minpp1	1
Mios	3
Mipep	5
Mipol1	2
Mis12	1
Mis18a	7
Mis18bp1	1
Mitd1	3
Mitf	2
Mki67	5
Mkks	3
Mkln1	1
Mknk1	1
Mknk2	3
Mkrn1	0
Mkrn2	5
Mks1	2
Mkx	5
Mlec	1
Mlf1	8
Mlf2	3
Mlh1	6
Mlh3	3
Mlkl	9
Mllt1	3
Mllt10	0
Mllt11	2
Mllt3	8
Mllt6	4
Mlst8	2
Mlx	4
Mlxip	5
Mlxipl	0
Mlycd	6
Mmaa	1
Mmab	6
Mmachc	0
Mmadhc	2
Mmd	5
Mme	6
Mmgt1	9
Mmgt2	8
Mmp11	6
Mmp14	9
Mmp15	7
Mmp16	7
Mmp17	2
Mmp19	7
Mmp2	2
Mmp28	1
Mmp9	6
Mmrn2	9
Mms19	6
Mms22l	4
Mmut	5
Mn1	1
Mnat1	2
Mnd1	9
Mndal	4
Mns1	8
Mnt	1
Mob1a	6
Mob1b	5
Mob2	8
Mob3a	4
Mob3b	9
Mob3c	3
Mob4	9
Mocos	5
Mocs1	4
Mocs2	5
Mocs3	5
Mogs	1
Mok	7
Mon1a	9
Mon1b	1
Mon2	1
Morc2a	9
Morc3	6
Morc4	2
Morf4l1	3
Morf4l2	2
Morn1	6
Morn2	1
Morn4	9
Mosmo	9
Mospd1	2
Mospd2	6
Mospd3	9
Mov10	6
Moxd1	4
Mpc1	3
Mpc2	6
Mpdu1	3
Mpdz	3
Mpeg1	6
Mpg	6
Mphosph10	1
Mphosph6	2
Mphosph8	9
Mphosph9	4
Mpi	1
Mplkip	6
Mpnd	0
Mpp1	2
Mpp2	5
Mpp3	1
Mpp5	2
Mpp6	9
Mpp7	9
Mppe1	6
Mpped2	3
Mprip	5
Mpst	8
Mpv17	1
Mpv17l	5
Mpv17l2	2
Mpzl1	2
Mpzl2	7
Mpzl3	9
Mr1	6
Mras	8
Mrc1	8
Mrc2	2
Mre11a	2
Mreg	5
Mrfap1	7
Mrgbp	5
Mrgpre	9
Mri1	2
Mrm1	8
Mrm2	8
Mrm3	4
Mrnip	4
Mroh1	1
Mrpl1	2
Mrpl10	5
Mrpl11	1
Mrpl12	9
Mrpl13	2
Mrpl14	3
Mrpl15	3
Mrpl16	7
Mrpl17	9
Mrpl18	2
Mrpl19	5
Mrpl2	5
Mrpl20	4
Mrpl21	8
Mrpl22	0
Mrpl23	9
Mrpl24	6
Mrpl27	5
Mrpl28	4
Mrpl3	3
Mrpl30	7
Mrpl32	8
Mrpl33	4
Mrpl34	2
Mrpl35	4
Mrpl36	9
Mrpl37	7
Mrpl38	8
Mrpl39	1
Mrpl4	2
Mrpl40	9
Mrpl41	9
Mrpl42	2
Mrpl43	5
Mrpl44	4
Mrpl45	6
Mrpl46	0
Mrpl47	1
Mrpl48	9
Mrpl49	9
Mrpl50	1
Mrpl51	8
Mrpl52	6
Mrpl54	0
Mrpl55	6
Mrpl57	6
Mrpl58	7
Mrpl9	8
Mrps10	9
Mrps11	6
Mrps12	4
Mrps14	2
Mrps15	0
Mrps16	2
Mrps17	2
Mrps18a	4
Mrps18b	2
Mrps18c	6
Mrps2	9
Mrps21	3
Mrps22	7
Mrps23	8
Mrps24	4
Mrps25	7
Mrps26	7
Mrps27	2
Mrps28	6
Mrps30	0
Mrps31	0
Mrps33	5
Mrps34	5
Mrps35	2
Mrps36	5
Mrps5	0
Mrps6	4
Mrps7	9
Mrps9	5
Mrrf	5
Mrs2	2
Mrtfa	6
Mrtfb	0
Mrto4	8
Ms4a6c	4
Ms4a6d	4
Msantd2	4
Msantd3	3
Msantd4	8
Msh2	0
Msh3	6
Msh6	0
Msi1	8
Msi2	8
Msl1	3
Msl2	9
Msl3	3
Msl3l2	3
Msln	0
Msmo1	8
Msn	0
Msr1	6
Msra	2
Msrb1	7
Msrb2	4
Msrb3	7
Msto1	4
Msx1	3
Mt1	1
Mt2	9
Mt3	3
Mta1	3
Mta2	1
Mta3	6
Mtap	5
Mtarc2	9
Mtbp	9
Mtch1	6
Mtch2	6
Mtcl1	4
Mtdh	0
Mterf2	1
Mterf3	1
Mterf4	3
Mtf1	6
Mtf2	4
Mtfmt	6
Mtfp1	1
Mtfr1	0
Mtfr1l	6
Mtfr2	6
Mtg1	6
Mtg2	2
Mthfd1	9
Mthfd1l	2
Mthfd2	6
Mthfd2l	1
Mthfr	8
Mthfsd	0
Mthfsl	1
Mtif2	5
Mtif3	3
Mtln	4
Mtm1	7
Mtmr1	8
Mtmr10	5
Mtmr11	5
Mtmr12	6
Mtmr14	6
Mtmr2	6
Mtmr3	6
Mtmr4	9
Mtmr6	3
Mtmr7	9
Mtmr9	1
Mto1	2
Mtor	0
Mtpap	0
Mtpn	0
Mtr	3
Mtres1	9
Mtrex	1
Mtrf1	6
Mtrf1l	5
Mtrr	6
Mtss1	9
Mtss2	6
Mttp	4
Mturn	8
Mtus1	5
Mtus2	7
Mtx1	6
Mtx2	0
Mtx3	6
Mul1	6
Mus81	6
Mutyh	1
Mvb12a	0
Mvb12b	7
Mvd	5
Mvk	0
Mvp	2
Mxd1	5
Mxd3	7
Mxd4	7
Mxi1	7
Mxra7	6
Mxra8	1
Myadm	9
Mybbp1a	2
Mybl1	8
Mybl2	4
Myc	8
Mycbp	2
Mycbp2	3
Mycl	8
Mycn	6
Myd88	2
Mydgf	8
Myef2	5
Myg1	2
Myh10	6
Myh14	2
Myh9	3
Myl12a	1
Myl6	0
Myl6b	6
Myl9	6
Mylip	0
Mylk	3
Mylpf	9
Mynn	1
Myo10	8
Myo18a	5
Myo19	5
Myo1b	0
Myo1c	8
Myo1d	6
Myo1e	6
Myo1f	0
Myo5a	4
Myo5b	3
Myo6	9
Myo7a	6
Myo9a	6
Myo9b	0
Myof	8
Myorg	8
Myrf	5
Mysm1	1
Myzap	1
Mzt1	3
Mzt2	9
N4bp1	0
N4bp2	3
N4bp2l1	3
N4bp2l2	5
N4bp3	2
N6amt1	2
Naa10	0
Naa15	0
Naa16	4
Naa20	3
Naa25	1
Naa30	9
Naa35	2
Naa38	6
Naa40	1
Naa50	0
Naa60	6
Naa80	8
Naaa	7
Naalad2	2
Naaladl2	2
Nab1	8
Nab2	0
Nabp1	2
Nabp2	0
Naca	8
Nacc1	8
Nacc2	1
Nadk	8
Nadk2	6
Nadsyn1	0
Nae1	0
Naf1	3
Naga	2
Nagk	5
Naglu	7
Nagpa	8
Naif1	7
Nampt	2
Nanos1	8
Nanp	7
Nans	8
Nap1l1	4
Nap1l2	4
Nap1l3	1
Nap1l4	0
Nap1l5	0
Napa	9
Napb	1
Napepld	7
Napg	5
Naprt	5
Narf	6
Nars	0
Nars2	2
Nasp	7
Nat10	0
Nat2	0
Nat8f1	1
Nat8l	0
Nat9	1
Natd1	5
Nav1	3
Nav2	1
Nav3	5
Naxd	3
Naxe	9
Nbas	5
Nbdy	4
Nbea	0
Nbeal1	1
Nbeal2	4
Nbl1	4
Nbn	0
Nbr1	8
Ncald	7
Ncam1	9
Ncam2	0
Ncan	0
Ncapd2	3
Ncapd3	8
Ncapg	7
Ncapg2	9
Ncaph	1
Ncaph2	1
Ncbp1	9
Ncbp2	3
Ncbp3	5
Ncdn	9
Nceh1	7
Ncf1	5
Ncf2	2
Ncf4	9
Nck1	5
Nck2	7
Nckap1	4
Nckap1l	9
Nckap5l	5
Nckipsd	3
Ncl	3
Ncln	5
Ncoa1	2
Ncoa2	9
Ncoa3	3
Ncoa4	4
Ncoa5	4
Ncoa6	4
Ncoa7	7
Ncor1	6
Ncor2	4
Ncs1	9
Ncstn	0
Ndc1	4
Ndc80	2
Nde1	2
Ndel1	9
Ndfip1	4
Ndfip2	9
Ndn	9
Ndnf	6
Ndor1	3
Ndrg1	7
Ndrg2	3
Ndrg3	0
Ndrg4	1
Ndst1	1
Ndst2	1
Ndufa1	1
Ndufa10	5
Ndufa11	1
Ndufa12	1
Ndufa13	4
Ndufa2	7
Ndufa3	2
Ndufa4	4
Ndufa4l2	1
Ndufa5	8
Ndufa6	9
Ndufa7	1
Ndufa8	0
Ndufa9	2
Ndufab1	2
Ndufaf1	4
Ndufaf2	1
Ndufaf3	5
Ndufaf4	9
Ndufaf5	1
Ndufaf6	9
Ndufaf7	5
Ndufaf8	6
Ndufb1.ps	3
Ndufb10	4
Ndufb11	0
Ndufb2	8
Ndufb3	1
Ndufb4	8
Ndufb5	3
Ndufb6	8
Ndufb7	6
Ndufb8	0
Ndufb9	1
Ndufc1	2
Ndufc2	8
Ndufs1	6
Ndufs2	4
Ndufs3	2
Ndufs4	3
Ndufs5	2
Ndufs6	3
Ndufs7	0
Ndufs8	8
Ndufv1	7
Ndufv2	9
Ndufv3	3
Nebl	7
Necab1	7
Necab2	5
Necap1	7
Necap2	8
Nectin1	0
Nectin2	6
Nectin3	7
Nedd1	6
Nedd4	9
Nedd4l	9
Nedd8	2
Nedd9	0
Nefl	3
Nefm	3
Negr1	5
Neil1	5
Neil3	8
Nek1	2
Nek2	7
Nek3	2
Nek4	1
Nek6	7
Nek7	4
Nek8	8
Nek9	9
Nelfa	8
Nelfb	7
Nelfcd	3
Nelfe	1
Nemf	2
Nemp1	7
Nemp2	5
Nenf	4
Neo1	7
Nepro	8
Nes	0
Net1	7
Neto2	5
Neu1	4
Neu3	0
Neurl1a	1
Neurl1b	0
Neurl2	1
Neurl3	1
Neurl4	2
Nexmif	1
Nexn	6
Nf1	2
Nf2	7
Nfam1	5
Nfat5	3
Nfatc1	6
Nfatc2	3
Nfatc2ip	2
Nfatc3	4
Nfatc4	8
Nfe2l1	2
Nfe2l2	8
Nfia	1
Nfib	2
Nfic	2
Nfil3	3
Nfix	2
Nfkb1	0
Nfkb2	2
Nfkbia	7
Nfkbib	8
Nfkbie	1
Nfkbil1	2
Nfkbiz	2
Nfrkb	0
Nfs1	1
Nfu1	0
Nfx1	9
Nfxl1	0
Nfya	4
Nfyb	6
Nfyc	4
Ngdn	9
Ngef	8
Ngf	4
Ngfr	8
Ngly1	9
Ngrn	9
Nhlrc1	1
Nhlrc2	0
Nhlrc3	9
Nhp2	7
Nhs	9
Nhsl1	2
Nhsl2	6
Nicn1	9
Nid1	8
Nid2	9
Nif3l1	9
Nifk	4
Nin	6
Ninj1	3
Ninl	0
Nip7	4
Nipa1	9
Nipa2	8
Nipal1	0
Nipal3	0
Nipbl	5
Nipsnap1	3
Nipsnap2	6
Nipsnap3b	5
Nisch	1
Nit1	1
Nit2	6
Nkain1	1
Nkain4	6
Nkap	0
Nkapd1	1
Nkd1	2
Nkiras1	0
Nkiras2	8
Nkrf	8
Nktr	9
Nle1	6
Nlgn2	4
Nlk	9
Nln	5
Nlrx1	9
Nmb	0
Nmd3	3
Nme1	2
Nme3	8
Nme4	2
Nme6	0
Nme7	4
Nmi	0
Nmnat1	3
Nmnat2	5
Nmnat3	8
Nmral1	5
Nmrk1	8
Nmt1	9
Nmt2	1
Nnat	8
Nnmt	9
Noa1	5
Nob1	9
Noc2l	8
Noc3l	2
Noc4l	7
Noct	9
Nod1	9
Nol10	8
Nol11	2
Nol12	9
Nol3	9
Nol4l	5
Nol6	4
Nol7	3
Nol8	9
Nol9	7
Nolc1	4
Nom1	9
Nomo1	3
Nono	7
Nop10	1
Nop14	7
Nop16	0
Nop2	0
Nop53	0
Nop56	3
Nop58	7
Nop9	1
Nos1ap	6
Nos3	9
Nosip	1
Nostrin	7
Notch1	3
Notch2	8
Notch3	3
Notum	5
Nova1	6
Nova2	9
Npat	4
Npc1	1
Npc2	7
Npdc1	2
Npepl1	2
Npepps	5
Nphp1	7
Nphp3	2
Nphp4	9
Npl	0
Nploc4	2
Npm1	4
Npm3	8
Npnt	4
Npr1	1
Npr2	1
Npr3	5
Nprl2	5
Nprl3	0
Nptn	3
Nptx1	4
Nptx2	4
Nptxr	4
Npy	5
Npy1r	4
Nqo1	7
Nqo2	6
Nr1d1	3
Nr1d2	5
Nr1h2	3
Nr1h3	1
Nr2c1	0
Nr2c2	8
Nr2c2ap	0
Nr2f1	3
Nr2f2	7
Nr2f6	9
Nr3c1	6
Nr3c2	6
Nr4a1	3
Nr4a2	5
Nr4a3	2
Nradd	1
Nrarp	2
Nras	7
Nrbf2	2
Nrbp1	3
Nrbp2	3
Nrcam	4
Nrd1	0
Nrde2	9
Nrep	8
Nrf1	1
Nrg1	3
Nrgn	5
Nrip1	6
Nrm	1
Nrn1	8
Nrp1	6
Nrp2	3
Nrros	8
Nrxn1	5
Nrxn2	4
Nsa2	8
Nsd1	2
Nsd2	1
Nsd3	6
Nsdhl	8
Nsf	4
Nsfl1c	0
Nsg1	8
Nsg2	8
Nsl1	2
Nsmaf	8
Nsmce1	8
Nsmce2	6
Nsmce3	6
Nsmce4a	2
Nsmf	4
Nsrp1	2
Nsun2	6
Nsun3	1
Nsun4	9
Nsun5	5
Nsun6	4
Nt5c	7
Nt5c2	0
Nt5c3	3
Nt5c3b	8
Nt5dc1	8
Nt5dc2	8
Nt5dc3	6
Nt5e	4
Nt5m	1
Ntan1	0
Nthl1	7
Ntm	6
Ntmt1	7
Ntn1	5
Ntn3	7
Ntn4	5
Ntng2	1
Ntpcr	0
Ntrk2	4
Ntrk3	1
Nuak1	5
Nuak2	4
Nub1	4
Nubp1	8
Nubp2	6
Nubpl	0
Nucb1	8
Nucb2	4
Nucks1	5
Nudc	9
Nudcd1	2
Nudcd2	2
Nudcd3	1
Nudt1	3
Nudt12	6
Nudt13	0
Nudt14	6
Nudt15	6
Nudt16	5
Nudt16l1	4
Nudt17	1
Nudt18	7
Nudt19	7
Nudt2	2
Nudt21	2
Nudt22	3
Nudt3	7
Nudt4	2
Nudt5	9
Nudt6	1
Nudt7	0
Nudt9	9
Nuf2	6
Nufip1	6
Nufip2	1
Numa1	0
Numb	2
Numbl	0
Nup107	8
Nup133	4
Nup153	4
Nup155	6
Nup160	8
Nup188	1
Nup205	3
Nup210	8
Nup214	1
Nup35	3
Nup37	1
Nup43	7
Nup50	8
Nup54	8
Nup62	7
Nup85	9
Nup88	2
Nup93	0
Nup98	5
Nupl2	4
Nupr1	9
Nus1	8
Nusap1	5
Nvl	6
Nxf1	6
Nxn	4
Nxpe3	4
Nxph4	0
Nxt1	8
Nxt2	3
Nyap1	7
Nynrin	9
Oaf	7
Oard1	3
Oas1a	1
Oasl1	2
Oasl2	6
Oat	2
Oaz1	1
Oaz2	3
Obsl1	8
Ocel1	0
Ociad1	3
Ociad2	9
Ocln	6
Ocrl	8
Odc1	7
Odf2	2
Odf2l	5
Odr4	1
Ofd1	8
Oga	4
Ogdh	6
Ogdhl	6
Ogfod1	8
Ogfod2	2
Ogfod3	1
Ogfr	4
Ogfrl1	6
Ogg1	3
Ogn	2
Ogt	3
Oip5	2
Ola1	5
Olfm1	0
Olfm2	7
Olfm3	1
Olfml1	6
Olfml2b	0
Olfml3	6
Oma1	6
Omd	4
Opa1	8
Opa3	9
Ophn1	2
Oplah	5
Optn	5
Orai1	7
Orai2	6
Orai3	2
Orc1	4
Orc2	8
Orc3	5
Orc4	1
Orc5	5
Orc6	2
Ormdl1	4
Ormdl2	8
Ormdl3	3
Os9	7
Osbp	5
Osbpl10	7
Osbpl11	9
Osbpl1a	4
Osbpl2	1
Osbpl3	6
Osbpl5	7
Osbpl6	9
Osbpl7	8
Osbpl8	8
Osbpl9	9
Oscp1	6
Oser1	3
Osgep	2
Osgepl1	9
Osgin1	0
Osgin2	5
Osmr	1
Osr1	5
Ost4	0
Ostc	8
Ostf1	3
Ostm1	4
Otub1	4
Otub2	6
Otud1	7
Otud3	5
Otud4	8
Otud5	6
Otud6b	6
Otud7b	7
Otulin	8
Otulinl	6
Ovca2	9
Oxa1l	2
Oxct1	0
Oxld1	3
Oxnad1	1
Oxr1	8
Oxsm	4
Oxsr1	2
P2rx4	7
P2rx7	3
P2ry1	3
P2ry2	1
P3h1	1
P3h2	4
P3h3	5
P3h4	7
P4ha1	2
P4ha2	9
P4hb	8
P4htm	8
Pa2g4	5
Pabpc1	3
Pabpc4	6
Pabpn1	4
Pacc1	8
Pacs1	6
Pacs2	7
Pacsin1	9
Pacsin2	6
Pacsin3	7
Padi2	7
Paf1	4
Pafah1b1	7
Pafah1b2	9
Pafah1b3	3
Pafah2	0
Pag1	0
Paics	3
Paip1	1
Paip2	4
Paip2b	2
Pak1	1
Pak1ip1	2
Pak2	7
Pak3	8
Pak4	5
Pakap	0
Palb2	7
Pald1	8
Palld	6
Palm	5
Palm3	3
Palmd	8
Pam	3
Pamr1	9
Pan2	3
Pan3	1
Pank1	4
Pank2	9
Pank3	9
Pank4	1
Panx1	0
Paox	6
Papola	5
Papolg	1
Papss1	0
Papss2	6
Paqr3	5
Paqr4	1
Paqr7	7
Paqr8	2
Paqr9	4
Pard3	4
Pard3b	9
Pard6a	6
Pard6b	0
Pard6g	2
Parg	3
Park7	5
Parl	3
Parm1	4
Parn	0
Parp1	2
Parp10	0
Parp11	6
Parp12	3
Parp14	7
Parp16	2
Parp2	6
Parp3	4
Parp4	5
Parp6	5
Parp8	4
Parp9	0
Parpbp	9
Pars2	3
Parva	2
Parvb	3
Parvg	1
Pask	5
Patj	0
Patl1	7
Patz1	7
Pawr	1
Paxbp1	8
Paxip1	3
Paxx	0
Pbdc1	3
Pbk	0
Pbrm1	3
Pbx1	8
Pbx2	0
Pbx3	4
Pbx4	9
Pbxip1	7
Pcbd1	1
Pcbd2	8
Pcbp1	7
Pcbp2	3
Pcbp3	1
Pcbp4	7
Pcca	4
Pccb	7
Pcdh1	8
Pcdh17	5
Pcdh18	4
Pcdh19	8
Pcdh7	5
Pcdh9	8
Pcdhb16	2
Pcdhb17	6
Pcdhga1	0
Pcdhga10	5
Pcdhga11	2
Pcdhga12	5
Pcdhga2	9
Pcdhga3	0
Pcdhga4	0
Pcdhga5	2
Pcdhga6	7
Pcdhga7	0
Pcdhgb2	2
Pcdhgb6	0
Pcdhgb7	2
Pcdhgc3	8
Pced1a	3
Pced1b	0
Pcf11	9
Pcgf1	4
Pcgf2	5
Pcgf3	4
Pcgf5	4
Pcgf6	0
Pcid2	1
Pcif1	5
Pck2	7
Pclaf	6
Pcm1	2
Pcmt1	3
Pcmtd1	3
Pcmtd2	0
Pcna	4
Pcnp	7
Pcnt	8
Pcnx	9
Pcnx3	2
Pcnx4	1
Pcolce	4
Pcolce2	7
Pcp4l1	7
Pcsk1n	0
Pcsk5	3
Pcsk6	2
Pcsk7	0
Pcsk9	6
Pctp	6
Pcx	7
Pcyox1	1
Pcyox1l	4
Pcyt1a	2
Pcyt1b	8
Pcyt2	6
Pdap1	2
Pdcd10	7
Pdcd11	8
Pdcd2	2
Pdcd2l	5
Pdcd4	3
Pdcd5	8
Pdcd6	9
Pdcd6ip	5
Pdcd7	1
Pdcl	9
Pdcl3	1
Pde10a	1
Pde12	7
Pde1a	0
Pde1b	4
Pde3a	9
Pde3b	3
Pde4a	3
Pde4b	7
Pde4d	7
Pde4dip	9
Pde5a	9
Pde6d	1
Pde7a	2
Pde7b	2
Pde8a	3
Pde9a	3
Pdgfa	2
Pdgfb	1
Pdgfc	2
Pdgfd	1
Pdgfra	5
Pdgfrb	4
Pdgfrl	0
Pdha1	2
Pdhb	9
Pdhx	0
Pdia3	4
Pdia4	9
Pdia5	6
Pdia6	8
Pdik1l	0
Pdk1	7
Pdk2	4
Pdk3	8
Pdk4	0
Pdlim1	8
Pdlim2	8
Pdlim3	1
Pdlim4	9
Pdlim5	8
Pdlim7	0
Pdp1	0
Pdp2	6
Pdpk1	5
Pdpn	4
Pdpr	7
Pdrg1	3
Pds5a	8
Pds5b	0
Pdss1	5
Pdss2	3
Pdxdc1	5
Pdxk	8
Pdxp	5
Pdzd11	6
Pdzd4	6
Pdzd8	8
Pdzk1ip1	3
Pdzrn3	0
Pea15a	8
Peak1	4
Pear1	0
Pebp1	2
Pecam1	9
Pecr	4
Pef1	8
Peg10	2
Peg3	8
Peli1	6
Peli2	1
Pelo	0
Pelp1	4
Pemt	6
Penk	1
Pepd	2
Per1	7
Per2	2
Per3	6
Perp	0
Pes1	7
Pet100	0
Pex1	7
Pex10	6
Pex11a	7
Pex11b	7
Pex11g	9
Pex12	1
Pex13	1
Pex14	9
Pex16	5
Pex19	7
Pex2	6
Pex26	7
Pex3	9
Pex5	5
Pex6	0
Pex7	0
Pf4	7
Pfas	3
Pfdn1	7
Pfdn2	9
Pfdn4	9
Pfdn5	6
Pfdn6	5
Pfkfb1	9
Pfkfb2	3
Pfkfb3	3
Pfkfb4	2
Pfkl	4
Pfkm	4
Pfkp	9
Pfn1	7
Pfn2	4
Pgam1	5
Pgam5	0
Pgap1	6
Pgap2	1
Pgap3	0
Pgbd5	8
Pgd	3
Pgf	9
Pgghg	0
Pggt1b	0
Pgk1	3
Pgls	1
Pgm1	2
Pgm2	4
Pgm2l1	0
Pgm3	9
Pgm5	2
Pgp	0
Pgpep1	1
Pgrmc1	1
Pgrmc2	4
Pgs1	6
Phactr1	7
Phactr2	8
Phactr4	0
Phax	3
Phb	0
Phb2	9
Phc1	1
Phc2	4
Phc3	1
Pheta1	2
Phf1	4
Phf10	0
Phf11d	3
Phf12	5
Phf13	4
Phf14	0
Phf2	7
Phf20	0
Phf20l1	2
Phf21a	0
Phf23	6
Phf3	1
Phf5a	1
Phf6	5
Phf7	2
Phf8	0
Phgdh	9
Phip	5
Phka1	4
Phka2	3
Phkb	6
Phkg2	3
Phlda1	2
Phlda3	6
Phldb1	3
Phldb2	1
Phldb3	9
Phlpp1	3
Phlpp2	4
Phospho2	0
Phpt1	5
Phrf1	9
Phtf1	8
Phtf2	4
Phyh	4
Phyhip	6
Phyhipl	9
Phykpl	0
Pi4k2a	3
Pi4k2b	3
Pi4ka	1
Pi4kb	0
Pianp	9
Pias1	9
Pias2	5
Pias3	5
Pias4	6
Pibf1	9
Picalm	9
Pick1	2
Pid1	3
Piezo1	9
Pif1	5
Piga	8
Pigb	5
Pigbos1	0
Pigc	1
Pigf	6
Pigg	1
Pigh	6
Pigk	4
Pigl	5
Pigm	9
Pign	6
Pigo	5
Pigp	5
Pigq	6
Pigs	3
Pigt	8
Pigu	0
Pigv	8
Pigw	9
Pigx	7
Pigyl	2
Pih1d1	4
Pik3ap1	0
Pik3c2a	6
Pik3c2b	8
Pik3c3	8
Pik3ca	3
Pik3cb	9
Pik3cd	2
Pik3cg	3
Pik3ip1	7
Pik3r1	3
Pik3r2	0
Pik3r4	2
Pikfyve	1
Pim1	5
Pim3	0
Pimreg	5
Pin1	6
Pin4	2
Pink1	5
Pinx1	2
Pip4k2a	5
Pip4k2b	1
Pip4k2c	4
Pip4p1	5
Pip4p2	6
Pip5k1a	8
Pip5k1b	9
Pip5k1c	5
Pipox	0
Pir	2
Pisd	6
Pithd1	7
Pitpna	4
Pitpnb	3
Pitpnc1	3
Pitpnm1	6
Pitpnm2	9
Pitrm1	7
Pja1	8
Pja2	5
Pkd1	3
Pkd2	9
Pkdcc	9
Pkia	4
Pkig	1
Pkm	3
Pkmyt1	8
Pkn1	0
Pkn2	3
Pkn3	1
Pknox1	3
Pknox2	2
Pkp2	4
Pkp4	7
Pla1a	9
Pla2g12a	0
Pla2g15	1
Pla2g4a	9
Pla2g6	9
Pla2g7	7
Plaa	0
Plaat3	3
Plac8	0
Plagl1	1
Plagl2	9
Plat	2
Platr25	2
Plau	9
Plaur	5
Plbd1	1
Plbd2	3
Plcb1	0
Plcb3	9
Plcb4	4
Plcd1	2
Plcd3	3
Plce1	0
Plcg1	0
Plcg2	6
Plch1	9
Plcl1	9
Plcl2	3
Plcxd2	7
Pld1	3
Pld2	2
Pld3	1
Pld4	2
Plec	3
Plek	1
Plekha1	5
Plekha2	2
Plekha3	3
Plekha5	3
Plekha6	7
Plekha7	1
Plekha8	1
Plekhb1	3
Plekhb2	0
Plekhf1	4
Plekhf2	4
Plekhg1	1
Plekhg2	6
Plekhg3	4
Plekhg5	6
Plekhh1	5
Plekhh2	3
Plekhh3	4
Plekhj1	6
Plekhm1	5
Plekhm2	8
Plekhm3	5
Plekhn1	6
Plekho1	0
Plekho2	0
Plet1	0
Plgrkt	5
Plin2	4
Plin3	6
Plk1	2
Plk2	8
Plk3	3
Plk4	8
Pllp	2
Plod1	2
Plod2	9
Plod3	1
Plp1	6
Plp2	1
Plpbp	1
Plpp1	8
Plpp2	1
Plpp3	2
Plpp5	1
Plpp6	9
Plpp7	4
Plppr2	2
Plppr3	4
Plrg1	2
Pls1	6
Pls3	3
Plscr1	6
Plscr2	6
Plscr3	9
Plscr4	6
Pltp	9
Plvap	3
Plxdc1	0
Plxdc2	7
Plxna1	6
Plxna2	1
Plxna3	4
Plxna4	6
Plxnb1	0
Plxnb2	5
Plxnc1	9
Plxnd1	2
Pm20d1	8
Pm20d2	8
Pmaip1	1
Pmepa1	1
Pmf1	8
Pml	3
Pmm1	9
Pmm2	3
Pmp22	1
Pmpca	3
Pmpcb	7
Pms1	3
Pms2	4
Pmvk	4
Pnck	8
Pnisr	7
Pnkd	6
Pnkp	1
Pnma2	8
Pnmal2	4
Pnn	7
Pno1	0
Pnp	6
Pnpla2	6
Pnpla6	0
Pnpla7	6
Pnpla8	1
Pnpo	9
Pnpt1	8
Pnrc1	0
Pnrc2	8
Poc1a	4
Poc1b	6
Poc5	4
Podn	7
Podxl	5
Podxl2	3
Pofut1	7
Pofut2	9
Pogk	3
Poglut1	5
Poglut2	4
Poglut3	9
Pogz	2
Pola1	5
Pola2	8
Polb	8
Pold1	0
Pold2	2
Pold3	4
Pold4	8
Poldip2	6
Poldip3	8
Pole	7
Pole2	7
Pole3	0
Pole4	0
Polg	6
Polg2	1
Polh	1
Poli	3
Polk	3
Poll	8
Polm	6
Polr1a	5
Polr1b	6
Polr1c	7
Polr1d	4
Polr1e	2
Polr2a	9
Polr2b	5
Polr2c	3
Polr2d	2
Polr2e	0
Polr2f	3
Polr2g	9
Polr2h	0
Polr2i	1
Polr2j	2
Polr2k	8
Polr2l	3
Polr2m	4
Polr3a	3
Polr3b	7
Polr3c	7
Polr3d	3
Polr3e	0
Polr3f	8
Polr3g	1
Polr3gl	6
Polr3h	8
Polr3k	5
Polrmt	7
Pom121	5
Pomgnt1	9
Pomgnt2	4
Pomk	8
Pomp	7
Pomt1	8
Pomt2	9
Pon2	8
Pon3	8
Pop1	4
Pop4	8
Pop5	5
Pop7	4
Por	5
Porcn	7
Postn	6
Pot1a	4
Pot1b	1
Pou2f1	9
Pou3f1	2
Ppa1	1
Ppa2	1
Ppan	5
Ppara	3
Ppard	1
Pparg	9
Ppargc1a	5
Ppargc1b	6
Ppat	0
Ppbp	9
Ppcdc	7
Ppcs	7
Ppdpf	1
Ppfia1	2
Ppfia3	5
Ppfibp1	2
Ppfibp2	9
Pphln1	4
Ppia	0
Ppib	6
Ppic	5
Ppid	4
Ppie	2
Ppif	9
Ppig	0
Ppil1	4
Ppil2	4
Ppil3	9
Ppil4	6
Ppip5k1	1
Ppip5k2	1
Ppl	5
Ppm1a	8
Ppm1b	0
Ppm1d	7
Ppm1e	0
Ppm1f	1
Ppm1g	2
Ppm1h	1
Ppm1k	6
Ppm1l	9
Ppm1m	5
Ppme1	0
Ppox	5
Ppp1ca	5
Ppp1cb	7
Ppp1cc	3
Ppp1r10	0
Ppp1r11	7
Ppp1r12a	4
Ppp1r12b	2
Ppp1r12c	1
Ppp1r13b	5
Ppp1r13l	6
Ppp1r14a	2
Ppp1r14b	8
Ppp1r14c	6
Ppp1r15a	1
Ppp1r15b	0
Ppp1r16a	9
Ppp1r16b	4
Ppp1r18	4
Ppp1r1a	5
Ppp1r1b	5
Ppp1r2	2
Ppp1r21	9
Ppp1r26	0
Ppp1r35	2
Ppp1r37	0
Ppp1r3b	4
Ppp1r3c	2
Ppp1r7	4
Ppp1r8	7
Ppp1r9a	9
Ppp1r9b	3
Ppp2ca	2
Ppp2cb	8
Ppp2r1a	9
Ppp2r1b	5
Ppp2r2a	5
Ppp2r2d	9
Ppp2r3a	2
Ppp2r3c	6
Ppp2r5a	0
Ppp2r5b	7
Ppp2r5c	6
Ppp2r5d	1
Ppp2r5e	4
Ppp3ca	1
Ppp3cb	2
Ppp3cc	2
Ppp3r1	1
Ppp4c	8
Ppp4r1	9
Ppp4r2	3
Ppp4r3a	7
Ppp4r3b	7
Ppp4r4	8
Ppp5c	2
Ppp6c	9
Ppp6r1	0
Ppp6r2	1
Ppp6r3	4
Pprc1	9
Ppt1	0
Ppt2	0
Pptc7	1
Ppwd1	0
Pqbp1	3
Pqlc2	7
Pqlc3	3
Pradc1	8
Praf2	9
Prag1	5
Pramef8	6
Prc1	8
Prcc	8
Prcp	9
Prdm10	5
Prdm15	5
Prdm16	2
Prdm2	1
Prdm4	5
Prdm5	5
Prdx1	5
Prdx2	5
Prdx3	2
Prdx4	4
Prdx5	3
Prdx6	3
Preb	6
Prelid1	6
Prelid2	8
Prelid3a	3
Prelid3b	1
Prelp	3
Prep	7
Prepl	0
Prex1	2
Prex2	6
Prickle1	9
Prickle2	6
Prickle3	9
Prim1	3
Prim2	4
Primpol	2
Prkaa1	6
Prkaa2	7
Prkab1	7
Prkab2	5
Prkaca	9
Prkacb	9
Prkag1	4
Prkag2	4
Prkar1a	9
Prkar1b	2
Prkar2a	8
Prkar2b	2
Prkca	6
Prkcb	0
Prkcd	1
Prkce	4
Prkch	9
Prkci	6
Prkcq	8
Prkcsh	4
Prkcz	6
Prkd1	5
Prkd2	8
Prkd3	8
Prkdc	8
Prkg1	3
Prkra	5
Prkrip1	9
Prkx	6
Prlr	3
Prmt1	8
Prmt2	1
Prmt3	1
Prmt5	3
Prmt6	0
Prmt7	2
Prmt9	3
Prnp	9
Procr	5
Prodh	0
Prom1	4
Prorp	7
Prorsd1	5
Pros1	5
Proser1	9
Proser2	7
Proser3	5
Prox1	3
Prpf18	6
Prpf19	6
Prpf3	2
Prpf31	3
Prpf38a	8
Prpf38b	2
Prpf39	0
Prpf4	3
Prpf40a	3
Prpf40b	9
Prpf4b	7
Prpf6	7
Prpf8	7
Prps1	2
Prps1l3	5
Prps2	7
Prpsap1	1
Prpsap2	9
Prr11	1
Prr12	0
Prr13	7
Prr14	3
Prr14l	1
Prr3	0
Prr36	8
Prr5	3
Prr5l	1
Prr7	9
Prrc1	8
Prrc2a	4
Prrc2b	7
Prrc2c	1
Prrg1	5
Prrg2	1
Prrg3	4
Prrg4	9
Prrx1	5
Prrx2	9
Prss23	1
Prss35	9
Prss36	3
Prss8	9
Prune1	9
Prune2	4
Prxl2a	8
Prxl2b	7
Prxl2c	8
Psap	7
Psat1	1
Psd3	5
Psen1	1
Psen2	9
Psenen	7
Psip1	0
Pskh1	5
Psma1	6
Psma2	2
Psma3	5
Psma4	4
Psma5	0
Psma6	6
Psma7	8
Psmb1	3
Psmb10	7
Psmb2	1
Psmb3	1
Psmb4	0
Psmb5	9
Psmb6	7
Psmb7	9
Psmb8	3
Psmb9	1
Psmc1	0
Psmc2	0
Psmc3	4
Psmc3ip	4
Psmc4	7
Psmc5	7
Psmc6	2
Psmd1	5
Psmd10	2
Psmd11	8
Psmd12	7
Psmd13	9
Psmd14	6
Psmd2	3
Psmd3	5
Psmd4	5
Psmd5	8
Psmd6	4
Psmd7	0
Psmd8	7
Psmd9	7
Psme1	5
Psme2	4
Psme3	1
Psme4	5
Psmf1	7
Psmg1	6
Psmg2	3
Psmg3	7
Psmg4	7
Pspc1	4
Psph	3
Psrc1	9
Pstk	7
Pstpip1	4
Pstpip2	7
Ptar1	5
Ptbp1	8
Ptbp2	2
Ptbp3	9
Ptcd1	4
Ptcd2	5
Ptcd3	8
Ptch1	4
Ptdss1	8
Ptdss2	2
Pten	3
Pter	5
Ptgds	1
Ptger4	5
Ptges	2
Ptges2	5
Ptges3	2
Ptgfrn	0
Ptgis	8
Ptgr1	2
Ptgr2	3
Ptgs1	1
Ptgs2	7
Pth1r	8
Ptk2	3
Ptk2b	1
Ptk7	4
Ptma	6
Ptms	5
Ptn	5
Ptov1	7
Ptp4a2	0
Ptp4a3	9
Ptpa	6
Ptpdc1	2
Ptpmt1	7
Ptpn1	2
Ptpn11	4
Ptpn12	6
Ptpn13	3
Ptpn14	3
Ptpn18	2
Ptpn2	1
Ptpn21	6
Ptpn23	1
Ptpn3	5
Ptpn4	2
Ptpn6	1
Ptpn9	7
Ptpra	1
Ptprb	6
Ptprc	0
Ptprd	4
Ptpre	0
Ptprf	8
Ptprg	4
Ptprj	9
Ptprk	2
Ptprm	1
Ptprn	5
Ptpro	7
Ptprs	0
Ptpru	3
Ptprz1	5
Ptrh1	6
Ptrh2	7
Ptrhd1	4
Pts	8
Pttg1	1
Pttg1ip	9
Ptx3	7
Puf60	8
Pum1	5
Pum2	4
Pum3	9
Pura	7
Purb	9
Purg	4
Pus1	6
Pus10	1
Pus3	2
Pus7	6
Pus7l	5
Pusl1	7
Pvr	4
Pwp1	2
Pwp2	4
Pwwp2a	4
Pwwp2b	2
Pwwp3a	1
Pwwp3b	8
Pxdc1	3
Pxdn	4
Pxk	1
Pxmp2	3
Pxmp4	2
Pxn	5
Pxylp1	0
Pycard	8
Pycr1	3
Pycr2	2
Pycrl	2
Pygb	8
Pygl	1
Pygm	7
Pygo1	3
Pygo2	7
Pym1	8
Pyroxd1	4
Pyroxd2	0
Pyurf	4
Qars	5
Qdpr	1
Qk	6
Qpct	7
Qpctl	8
Qprt	8
Qrich1	2
Qrsl1	0
Qser1	9
Qsox1	0
Qsox2	1
Qtrt1	7
Qtrt2	6
R3hcc1	2
R3hcc1l	0
R3hdm1	8
R3hdm2	7
R3hdm4	5
Rab10	4
Rab11a	0
Rab11b	5
Rab11fip1	4
Rab11fip2	7
Rab11fip3	8
Rab11fip4	2
Rab11fip5	7
Rab12	1
Rab13	0
Rab14	0
Rab18	7
Rab1a	9
Rab1b	0
Rab20	3
Rab21	6
Rab22a	7
Rab23	8
Rab24	0
Rab27a	2
Rab27b	3
Rab28	2
Rab29	9
Rab2a	5
Rab2b	1
Rab30	6
Rab31	6
Rab32	0
Rab33b	1
Rab34	6
Rab35	7
Rab36	3
Rab38	5
Rab39b	8
Rab3a	2
Rab3b	5
Rab3d	1
Rab3gap1	1
Rab3gap2	8
Rab3il1	4
Rab3ip	6
Rab40c	6
Rab43	8
Rab4a	8
Rab4b	6
Rab5a	3
Rab5b	3
Rab5c	4
Rab5if	3
Rab6a	3
Rab6b	9
Rab7	0
Rab7b	2
Rab8a	3
Rab8b	8
Rab9	1
Rabac1	2
Rabep1	1
Rabep2	0
Rabepk	8
Rabgap1	4
Rabgap1l	6
Rabgef1	1
Rabggta	7
Rabggtb	0
Rabif	9
Rabl2	1
Rabl3	3
Rabl6	1
Rac1	6
Rac2	4
Rac3	3
Racgap1	8
Rack1	6
Rad1	7
Rad17	1
Rad18	6
Rad21	5
Rad23a	5
Rad23b	1
Rad50	9
Rad51	3
Rad51ap1	7
Rad51b	6
Rad51c	9
Rad51d	4
Rad52	4
Rad54b	3
Rad54l	9
Rad54l2	7
Rad9a	6
Rad9b	5
Radil	2
Rae1	4
Raet1d	7
Raf1	7
Rai1	6
Rai14	7
Rai2	8
Rala	4
Ralb	6
Ralbp1	3
Ralgapa1	3
Ralgapa2	4
Ralgapb	8
Ralgds	4
Ralgps1	0
Ralgps2	5
Raly	9
Ramac	1
Ramp1	9
Ramp2	0
Ramp3	5
Ran	4
Ranbp1	9
Ranbp10	8
Ranbp17	4
Ranbp2	7
Ranbp3	0
Ranbp6	1
Ranbp9	9
Rangap1	8
Rangrf	5
Rap1a	8
Rap1b	1
Rap1gap	5
Rap1gap2	7
Rap1gds1	9
Rap2a	8
Rap2c	3
Rapgef1	7
Rapgef2	0
Rapgef3	5
Rapgef4	5
Rapgef5	9
Rapgef6	7
Raph1	1
Rara	7
Rarb	2
Rarg	3
Rarres1	9
Rarres2	4
Rars	2
Rars2	5
Rasa1	6
Rasa2	1
Rasa3	5
Rasa4	3
Rasal2	9
Rasd1	2
Rasgef1b	6
Rasgrp1	1
Rasgrp2	5
Rasgrp3	1
Rasip1	5
Rasl11a	2
Rasl11b	2
Rassf1	1
Rassf2	9
Rassf3	1
Rassf4	0
Rassf5	2
Rassf6	7
Rassf7	8
Rassf8	5
Raver2	5
Rb1	9
Rb1cc1	5
Rbak	6
Rbbp4	2
Rbbp5	9
Rbbp6	4
Rbbp7	6
Rbbp8	6
Rbbp9	9
Rbck1	2
Rbfa	7
Rbfox2	8
Rbis	2
Rbks	8
Rbl1	6
Rbl2	5
Rbm10	1
Rbm12	9
Rbm12b1	3
Rbm12b2	5
Rbm14	1
Rbm15	5
Rbm15b	2
Rbm17	6
Rbm18	8
Rbm19	9
Rbm22	7
Rbm25	4
Rbm26	6
Rbm27	3
Rbm28	1
Rbm3	4
Rbm33	1
Rbm34	9
Rbm38	7
Rbm39	6
Rbm41	0
Rbm42	2
Rbm43	7
Rbm45	3
Rbm47	4
Rbm48	6
Rbm4b	2
Rbm5	4
Rbm6	1
Rbm7	3
Rbm8a	8
Rbms1	0
Rbms2	6
Rbms3	7
Rbmx	0
Rbmx2	6
Rbmxl1	3
Rbp1	4
Rbp4	9
Rbpj	5
Rbpms	5
Rbpms2	9
Rbsn	7
Rbx1	8
Rc3h1	6
Rc3h2	4
Rcan1	2
Rcan2	7
Rcan3	1
Rcbtb1	0
Rcbtb2	0
Rcc1	3
Rcc1l	9
Rcc2	3
Rccd1	0
Rce1	9
Rchy1	1
Rcl1	8
Rcn1	2
Rcn2	7
Rcn3	6
Rcor1	1
Rcor2	0
Rcor3	2
Rcsd1	4
Rdh10	2
Rdh11	7
Rdh12	4
Rdh13	5
Rdh14	3
Rdh5	0
Rdm1	3
Rdx	0
Rec8	9
Reck	7
Recql	5
Recql4	5
Recql5	4
Reep1	2
Reep2	8
Reep3	7
Reep4	5
Reep5	3
Reep6	0
Rel	5
Rela	2
Relb	8
Relch	4
Rell1	0
Reln	3
Relt	4
Renbp	6
Repin1	0
Reps1	5
Reps2	8
Rer1	7
Rere	7
Rerg	2
Resf1	8
Rest	9
Retreg1	7
Retreg2	0
Retreg3	4
Retsat	9
Rev1	5
Rev3l	6
Rex1bd	9
Rexo1	5
Rexo2	3
Rexo4	2
Rexo5	3
Rfc1	0
Rfc2	2
Rfc3	8
Rfc4	1
Rfc5	9
Rfesd	1
Rffl	0
Rfk	7
Rflnb	6
Rfng	2
Rft1	7
Rftn1	0
Rftn2	3
Rfwd3	6
Rfx1	0
Rfx2	7
Rfx3	8
Rfx5	7
Rfx7	4
Rfxank	7
Rfxap	0
Rgcc	5
Rgl1	0
Rgl2	9
Rgl3	7
Rgma	3
Rgmb	2
Rgp1	5
Rgs10	1
Rgs12	5
Rgs16	0
Rgs19	7
Rgs2	7
Rgs20	1
Rgs3	8
Rgs4	2
Rgs5	0
Rgs9	2
Rhbdd1	5
Rhbdd2	5
Rhbdd3	7
Rhbdf1	0
Rhbdf2	4
Rheb	5
Rhebl1	1
Rhno1	8
Rhoa	3
Rhob	1
Rhobtb1	1
Rhobtb2	0
Rhobtb3	9
Rhoc	8
Rhod	6
Rhof	4
Rhog	6
Rhoj	7
Rhoq	3
Rhot1	8
Rhot2	3
Rhou	4
Rhov	8
Rhpn1	8
Rhpn2	5
Ribc1	9
Ric1	5
Ric3	3
Ric8a	3
Ric8b	6
Rictor	9
Rida	1
Rif1	2
Rilp	1
Rilpl1	9
Rilpl2	9
Rimklb	8
Rims2	1
Rims3	6
Rims4	4
Rin1	8
Rin2	2
Rin3	5
Ring1	1
Rint1	3
Riok1	8
Riok2	1
Riok3	9
Riox1	9
Riox2	6
Ripk1	8
Ripk2	2
Ripk3	2
Ripk4	3
Ripor1	9
Ripor2	5
Rit1	6
Rita1	6
Rlf	9
Rlim	2
Rmc1	7
Rmdn1	3
Rmdn2	7
Rmdn3	7
Rmi1	3
Rmi2	2
Rmnd1	4
Rmnd5a	4
Rmnd5b	9
Rnase4	8
Rnaseh1	5
Rnaseh2a	4
Rnaseh2b	6
Rnaseh2c	9
Rnasel	5
Rnd1	3
Rnd2	8
Rnd3	3
Rnf10	9
Rnf103	0
Rnf11	6
Rnf111	4
Rnf113a1	9
Rnf113a2	0
Rnf114	6
Rnf115	4
Rnf121	9
Rnf122	4
Rnf123	5
Rnf125	0
Rnf126	9
Rnf128	5
Rnf13	3
Rnf130	4
Rnf135	3
Rnf138	6
Rnf139	0
Rnf14	1
Rnf141	1
Rnf144a	7
Rnf144b	5
Rnf145	8
Rnf146	9
Rnf149	5
Rnf150	6
Rnf152	5
Rnf157	7
Rnf165	8
Rnf166	7
Rnf167	0
Rnf168	7
Rnf169	7
Rnf170	2
Rnf180	4
Rnf181	0
Rnf185	6
Rnf187	1
Rnf19a	1
Rnf19b	4
Rnf2	2
Rnf20	6
Rnf213	8
Rnf214	0
Rnf215	7
Rnf216	5
Rnf217	0
Rnf219	2
Rnf220	5
Rnf227	4
Rnf24	6
Rnf25	4
Rnf31	5
Rnf34	0
Rnf38	5
Rnf39	0
Rnf4	7
Rnf40	9
Rnf41	4
Rnf44	6
Rnf5	1
Rnf6	8
Rnf7	2
Rnft1	7
Rnft2	1
Rngtt	2
Rnh1	4
Rnmt	9
Rnpc3	0
Rnpep	2
Rnpepl1	3
Rnps1	4
Ro60	3
Robo1	5
Robo2	0
Robo4	6
Rock1	7
Rock2	4
Rogdi	9
Romo1	6
Ropn1l	9
Ror1	2
Ror2	9
Rora	3
Rorc	0
Rp2	8
Rp9	9
Rpa1	0
Rpa2	0
Rpa3	8
Rpain	0
Rpap1	6
Rpap2	9
Rpap3	1
Rpe	8
Rpf1	0
Rpf2	4
Rpgr	5
Rpgrip1l	5
Rpia	0
Rpl10a	6
Rpl11	3
Rpl12	0
Rpl13	4
Rpl13a	2
Rpl14	9
Rpl15	7
Rpl17	2
Rpl18	7
Rpl18a	4
Rpl19	3
Rpl21	3
Rpl22	0
Rpl22l1	9
Rpl23	8
Rpl23a	6
Rpl24	5
Rpl26	8
Rpl27	4
Rpl27a	7
Rpl28	2
Rpl29	8
Rpl3	5
Rpl30	0
Rpl31	1
Rpl32	2
Rpl34	2
Rpl35	4
Rpl35a	9
Rpl36	1
Rpl36a	7
Rpl36al	5
Rpl37	2
Rpl37a	7
Rpl38	1
Rpl39	9
Rpl4	1
Rpl41	1
Rpl5	0
Rpl6	7
Rpl7	0
Rpl7a	7
Rpl7l1	4
Rpl8	1
Rpl9	7
Rplp0	4
Rplp1	3
Rplp2	8
Rpn1	1
Rpn2	0
Rpp14	4
Rpp21	0
Rpp25	9
Rpp25l	6
Rpp30	5
Rpp38	7
Rpp40	6
Rprd1a	2
Rprd1b	5
Rprd2	5
Rprm	4
Rps10	3
Rps11	4
Rps12	4
Rps13	2
Rps14	1
Rps15	4
Rps15a	0
Rps16	7
Rps17	3
Rps18	0
Rps19	7
Rps19bp1	5
Rps2	5
Rps20	7
Rps21	7
Rps23	3
Rps24	1
Rps25	4
Rps26	1
Rps27a	4
Rps27l	2
Rps28	8
Rps29	3
Rps3	8
Rps3a1	4
Rps4x	8
Rps5	2
Rps6	1
Rps6ka1	3
Rps6ka2	8
Rps6ka3	8
Rps6ka4	0
Rps6ka5	4
Rps6ka6	1
Rps6kb1	1
Rps6kb2	2
Rps6kc1	1
Rps6kl1	2
Rps7	0
Rps8	3
Rps9	5
Rpsa	9
Rptor	3
Rpusd1	2
Rpusd2	0
Rpusd3	4
Rpusd4	5
Rrad	4
Rraga	3
Rragb	7
Rragc	9
Rragd	6
Rras	1
Rras2	3
Rrbp1	3
Rreb1	3
Rrm1	8
Rrm2	0
Rrm2b	1
Rrn3	7
Rrnad1	1
Rrp1	9
Rrp12	6
Rrp15	4
Rrp1b	0
Rrp36	1
Rrp7a	9
Rrp8	9
Rrp9	4
Rrs1	8
Rsad1	9
Rsad2	4
Rsbn1	5
Rsbn1l	2
Rsf1	1
Rsl1d1	3
Rsl24d1	3
Rsph3a	2
Rsph9	1
Rspo3	5
Rspry1	5
Rsrc1	2
Rsrc2	6
Rsrp1	1
Rsu1	5
Rtca	5
Rtcb	3
Rtel1	2
Rtf1	4
Rtf2	0
Rtkn	0
Rtkn2	3
Rtl10	2
Rtl5	9
Rtl6	8
Rtl8c	3
Rtn1	2
Rtn2	5
Rtn3	7
Rtn4	7
Rtn4ip1	2
Rtn4rl1	1
Rtp4	5
Rtraf	2
Rttn	2
Rubcn	3
Rufy1	3
Rufy2	3
Rufy3	7
Rundc1	2
Rundc3a	0
Rundc3b	4
Runx1	1
Runx1t1	9
Runx2	3
Rusc2	7
Ruvbl1	1
Ruvbl2	9
Rwdd1	9
Rwdd2a	6
Rwdd2b	9
Rwdd3	1
Rwdd4a	8
Rxra	5
Rxrb	1
Rxrg	1
Rxylt1	4
Rybp	9
Ryk	3
S100a1	4
S100a10	0
S100a11	9
S100a13	0
S100a16	2
S100a4	3
S100a6	4
S100pbp	7
S1pr1	4
S1pr2	8
S1pr3	4
Saa3	6
Saal1	9
Sac3d1	7
Sacm1l	5
Sacs	0
Sae1	6
Safb	7
Safb2	9
Sall1	9
Sall2	0
Sall3	4
Samd1	3
Samd10	5
Samd4	9
Samd4b	5
Samd5	3
Samd8	1
Samd9l	0
Samhd1	0
Samm50	5
Samsn1	8
Sap130	2
Sap30	1
Sap30bp	2
Sap30l	9
Sapcd2	8
Sar1a	1
Sar1b	3
Saraf	9
Sardh	6
Sarm1	5
Sarnp	6
Sars	8
Sars2	0
Sart1	5
Sart3	3
Sash1	9
Sash3	7
Sass6	2
Sat1	9
Sat2	0
Satb1	1
Satb2	3
Sav1	9
Saysd1	5
Sbds	2
Sbf1	0
Sbf2	3
Sbk1	5
Sbno1	1
Sbno2	0
Sc5d	6
Scaf1	9
Scaf11	4
Scaf4	6
Scaf8	1
Scai	4
Scamp1	3
Scamp2	7
Scamp3	7
Scamp5	1
Scand1	1
Scap	0
Scaper	8
Scara3	9
Scarb1	3
Scarb2	0
Scarf1	3
Scarf2	3
Sccpdh	3
Scd1	2
Scd2	5
Scfd1	5
Scfd2	3
Scg3	3
Scg5	4
Sclt1	7
Scly	8
Scmh1	8
Scn1b	1
Scnm1	6
Scnn1a	7
Sco1	4
Scoc	9
Scp2	6
Scpep1	6
Scrib	6
Scrn1	2
Scrn2	1
Scrn3	8
Scube3	3
Scyl1	6
Scyl2	4
Scyl3	0
Sdad1	8
Sdc1	4
Sdc2	1
Sdc3	5
Sdc4	7
Sdcbp	5
Sdccag8	3
Sde2	4
Sdf2	9
Sdf2l1	0
Sdf4	3
Sdha	8
Sdhaf2	6
Sdhaf3	9
Sdhaf4	9
Sdhb	5
Sdhc	3
Sdhd	8
Sdr39u1	6
Sdr42e1	3
Sdsl	0
Sec11a	4
Sec11c	6
Sec13	3
Sec14l1	6
Sec14l2	0
Sec16a	5
Sec22a	3
Sec22b	7
Sec22c	4
Sec23a	7
Sec23b	4
Sec23ip	2
Sec24a	4
Sec24b	2
Sec24c	1
Sec24d	1
Sec31a	0
Sec61a1	6
Sec61a2	7
Sec61b	6
Sec61g	2
Sec62	8
Sec63	0
Secisbp2	0
Secisbp2l	8
Seh1l	2
Sel1l	0
Sel1l3	8
Selenbp1	3
Selenof	5
Selenoh	4
Selenoi	7
Selenok	0
Selenom	4
Selenon	2
Selenoo	2
Selenop	5
Selenos	6
Selenot	5
Selenow	8
Selplg	2
Sem1	7
Sema3a	6
Sema3b	0
Sema3c	7
Sema3d	7
Sema3e	9
Sema3f	8
Sema4a	7
Sema4b	9
Sema4c	5
Sema4d	1
Sema4f	7
Sema4g	7
Sema5a	0
Sema5b	9
Sema6a	3
Sema6b	2
Sema6c	0
Sema6d	5
Sema7a	3
Senp1	3
Senp2	0
Senp3	7
Senp5	6
Senp6	6
Senp7	2
Senp8	7
Sephs1	1
Sephs2	2
Sepsecs	4
Septin1	3
Septin10	8
Septin11	1
Septin3	6
Septin4	4
Septin5	2
Septin6	7
Septin7	2
Septin8	2
Septin9	2
Serac1	4
Serbp1	2
Serf1	3
Serf2	2
Sergef	9
Serhl	6
Serinc1	1
Serinc2	4
Serinc3	8
Serinc5	2
Serp1	4
Serp2	1
Serpina3g	2
Serpina3n	5
Serpinb1a	2
Serpinb6a	3
Serpinb6b	7
Serpinb8	1
Serpinb9	8
Serpine1	7
Serpine2	7
Serpinf1	1
Serping1	8
Serpinh1	4
Serpini1	4
Sertad1	7
Sertad2	9
Sertad3	3
Sertad4	9
Sesn1	0
Sesn2	7
Sesn3	9
Sestd1	5
Set	1
Setbp1	9
Setd1a	6
Setd1b	2
Setd2	3
Setd3	8
Setd4	4
Setd5	0
Setd6	3
Setd7	7
Setdb1	8
Setdb2	4
Setmar	2
Setx	6
Sf1	8
Sf3a1	9
Sf3a2	5
Sf3a3	5
Sf3b1	0
Sf3b2	1
Sf3b3	5
Sf3b4	9
Sf3b5	9
Sf3b6	7
Sfi1	2
Sfmbt1	6
Sfmbt2	2
Sfn	2
Sfpq	9
Sfr1	8
Sfrp1	1
Sfrp2	5
Sfswap	3
Sft2d2	6
Sft2d3	0
Sfxn1	9
Sfxn2	5
Sfxn3	0
Sfxn4	4
Sfxn5	4
Sgcb	2
Sgcd	0
Sgce	6
Sgf29	9
Sgk1	0
Sgk2	9
Sgk3	5
Sgms1	9
Sgms2	4
Sgo1	1
Sgo2a	4
Sgpl1	2
Sgpp1	4
Sgsh	8
Sgsm1	1
Sgsm2	2
Sgsm3	1
Sgta	7
Sgtb	9
Sh2b1	6
Sh2b2	1
Sh2b3	6
Sh2d3c	3
Sh2d4a	3
Sh3bgrl	5
Sh3bgrl2	6
Sh3bgrl3	1
Sh3bp2	0
Sh3bp4	6
Sh3bp5	1
Sh3bp5l	1
Sh3d19	1
Sh3gl1	4
Sh3gl2	1
Sh3gl3	2
Sh3glb1	4
Sh3glb2	8
Sh3kbp1	0
Sh3pxd2a	0
Sh3pxd2b	1
Sh3rf1	3
Sh3tc1	1
Sh3yl1	8
Shank2	1
Shank3	8
Sharpin	5
Shb	5
Shc1	2
Shc2	5
Shcbp1	4
She	8
Shf	6
Shfl	9
Shisa4	4
Shisa5	2
Shisa7	7
Shkbp1	1
Shld1	0
Shld2	7
Shld3	4
Shmt1	7
Shmt2	2
Shoc2	9
Shox2	1
Shpk	4
Shprh	5
Shq1	9
Shroom1	1
Shroom2	9
Shroom3	1
Shroom4	5
Shtn1	8
Siae	7
Siah1a	0
Siah1b	0
Siah2	4
Sidt2	0
Sigirr	2
Sigmar1	1
Sik1	0
Sik2	2
Sik3	8
Sike1	5
Sil1	9
Simc1	6
Sin3a	5
Sin3b	1
Sinhcaf	7
Sipa1	2
Sipa1l1	7
Sipa1l2	0
Sipa1l3	2
Sirpa	3
Sirt1	5
Sirt2	3
Sirt3	3
Sirt4	7
Sirt5	0
Sirt6	4
Sirt7	2
Siva1	5
Six1	7
Six4	9
Six5	0
Ska1	6
Ska2	7
Ska3	7
Skap2	1
Ski	9
Skida1	8
Skil	3
Skiv2l	3
Skp1a	4
Skp2	5
Sla	7
Slain1	2
Slain2	3
Slbp	1
Slc10a3	9
Slc10a7	0
Slc11a1	2
Slc11a2	7
Slc12a2	0
Slc12a4	2
Slc12a7	6
Slc12a9	4
Slc13a3	8
Slc15a3	2
Slc15a4	0
Slc16a1	4
Slc16a10	6
Slc16a13	3
Slc16a2	3
Slc16a3	4
Slc16a6	4
Slc16a7	9
Slc16a9	1
Slc17a5	2
Slc18b1	9
Slc19a1	0
Slc19a2	2
Slc1a1	3
Slc1a2	3
Slc1a3	8
Slc1a4	9
Slc1a5	1
Slc20a1	3
Slc20a2	3
Slc22a15	2
Slc22a17	4
Slc22a18	7
Slc22a23	3
Slc22a4	7
Slc22a5	9
Slc23a2	4
Slc24a3	2
Slc25a1	3
Slc25a10	2
Slc25a11	7
Slc25a12	4
Slc25a13	5
Slc25a14	6
Slc25a15	3
Slc25a16	9
Slc25a17	9
Slc25a19	6
Slc25a20	3
Slc25a22	0
Slc25a23	8
Slc25a24	7
Slc25a25	9
Slc25a26	0
Slc25a28	9
Slc25a29	7
Slc25a3	6
Slc25a30	9
Slc25a32	0
Slc25a33	4
Slc25a35	0
Slc25a36	2
Slc25a37	4
Slc25a38	2
Slc25a39	5
Slc25a4	2
Slc25a40	0
Slc25a42	9
Slc25a44	0
Slc25a45	7
Slc25a46	5
Slc25a5	8
Slc25a51	8
Slc26a11	4
Slc26a2	3
Slc27a1	1
Slc27a2	4
Slc27a3	9
Slc27a4	4
Slc29a1	5
Slc29a2	8
Slc29a3	0
Slc29a4	5
Slc2a1	6
Slc2a13	8
Slc2a3	7
Slc2a4	1
Slc2a5	0
Slc2a6	4
Slc2a8	2
Slc30a1	5
Slc30a10	6
Slc30a4	1
Slc30a5	5
Slc30a6	6
Slc30a7	1
Slc30a9	0
Slc31a1	0
Slc31a2	2
Slc33a1	4
Slc35a1	7
Slc35a2	5
Slc35a3	9
Slc35a4	1
Slc35a5	9
Slc35b1	8
Slc35b2	7
Slc35b3	5
Slc35b4	1
Slc35c1	0
Slc35c2	3
Slc35d1	9
Slc35d2	5
Slc35e1	0
Slc35e2	2
Slc35e3	6
Slc35e4	1
Slc35f1	0
Slc35f2	2
Slc35f5	8
Slc35f6	7
Slc35g1	0
Slc35g2	1
Slc36a1	7
Slc36a4	7
Slc37a1	3
Slc37a2	7
Slc37a3	1
Slc37a4	5
Slc38a1	6
Slc38a10	4
Slc38a2	4
Slc38a3	4
Slc38a4	5
Slc38a6	2
Slc38a7	0
Slc38a9	9
Slc39a1	9
Slc39a10	9
Slc39a11	0
Slc39a13	2
Slc39a14	5
Slc39a3	2
Slc39a4	5
Slc39a6	3
Slc39a7	4
Slc39a8	5
Slc39a9	6
Slc3a2	6
Slc40a1	9
Slc41a1	5
Slc41a2	0
Slc41a3	6
Slc43a1	7
Slc43a2	3
Slc43a3	3
Slc44a1	6
Slc44a2	5
Slc45a3	1
Slc45a4	1
Slc46a1	2
Slc46a3	8
Slc47a1	4
Slc48a1	1
Slc49a4	3
Slc4a11	6
Slc4a1ap	0
Slc4a2	3
Slc4a3	3
Slc4a4	7
Slc4a7	9
Slc4a8	1
Slc50a1	0
Slc52a2	1
Slc5a3	9
Slc5a6	2
Slc66a2	4
Slc6a1	6
Slc6a13	9
Slc6a15	1
Slc6a17	2
Slc6a6	9
Slc6a8	9
Slc6a9	3
Slc7a1	5
Slc7a11	0
Slc7a2	4
Slc7a3	5
Slc7a4	4
Slc7a5	7
Slc7a6	8
Slc7a6os	7
Slc7a7	8
Slc7a8	9
Slc8a1	1
Slc8a2	8
Slc8b1	9
Slc9a1	0
Slc9a3r1	5
Slc9a3r2	2
Slc9a6	4
Slc9a7	4
Slc9a8	5
Slc9a9	0
Slco2a1	3
Slco2b1	8
Slco3a1	1
Slco4a1	7
Slf1	4
Slf2	3
Slfn2	9
Slfn5	7
Slfn9	8
Slirp	3
Slit2	7
Slit3	0
Slk	1
Slmap	9
Slpi	7
Sltm	3
Slu7	0
Slx1b	8
Slx4	2
Slx4ip	0
Smad1	1
Smad2	8
Smad3	1
Smad4	1
Smad5	6
Smad6	1
Smad7	9
Smad9	7
Smagp	7
Smap1	0
Smap2	6
Smarca1	3
Smarca2	1
Smarca4	8
Smarca5	9
Smarcad1	1
Smarcal1	4
Smarcb1	8
Smarcc1	9
Smarcc2	1
Smarcd1	0
Smarcd2	7
Smarcd3	7
Smarce1	2
Smc1a	9
Smc2	4
Smc3	7
Smc4	2
Smc5	4
Smc6	2
Smchd1	8
Smco4	0
Smcr8	9
Smdt1	1
Smg1	7
Smg5	3
Smg6	8
Smg7	9
Smg8	0
Smg9	8
Smim1	0
Smim10l1	6
Smim11	5
Smim12	1
Smim13	2
Smim14	3
Smim15	9
Smim19	0
Smim20	1
Smim26	9
Smim27	4
Smim3	0
Smim4	6
Smim7	9
Smim8	4
Smn1	7
Smndc1	2
Smo	0
Smoc1	6
Smoc2	4
Smox	6
Smpd1	9
Smpd2	1
Smpd3	2
Smpd4	9
Smpdl3a	6
Smpdl3b	1
Sms	6
Smtn	6
Smtnl2	1
Smu1	7
Smug1	8
Smurf1	6
Smurf2	7
Smyd2	9
Smyd3	8
Smyd4	9
Smyd5	0
Snai1	5
Snai2	1
Snap23	1
Snap29	0
Snap47	4
Snap91	6
Snapc1	1
Snapc2	9
Snapc3	7
Snapc4	5
Snapc5	0
Snapin	0
Snca	6
Sncg	4
Snd1	4
Sned1	3
Snf8	4
Snip1	7
Snn	7
Snrk	5
Snrnp200	5
Snrnp25	7
Snrnp27	7
Snrnp35	9
Snrnp40	4
Snrnp48	9
Snrnp70	7
Snrpa	7
Snrpa1	5
Snrpb	2
Snrpb2	3
Snrpc	0
Snrpd1	0
Snrpd2	4
Snrpd3	0
Snrpe	2
Snrpf	6
Snrpg	4
Snrpn	4
Snta1	2
Sntb1	9
Sntb2	3
Snu13	6
Snupn	4
Snw1	7
Snx1	3
Snx10	9
Snx11	7
Snx12	2
Snx13	9
Snx14	6
Snx15	4
Snx16	5
Snx17	8
Snx18	1
Snx19	2
Snx2	5
Snx21	7
Snx24	9
Snx25	2
Snx27	9
Snx29	7
Snx3	0
Snx30	4
Snx32	3
Snx33	5
Snx4	9
Snx5	0
Snx6	7
Snx7	9
Snx8	8
Snx9	0
Soat1	7
Sobp	5
Socs2	4
Socs3	7
Socs4	5
Socs5	5
Socs6	6
Socs7	4
Sod1	2
Sod2	7
Sod3	7
Soga1	3
Soga3	2
Son	9
Sorbs1	0
Sorbs2	2
Sorbs3	6
Sorcs2	6
Sord	9
Sorl1	1
Sort1	2
Sos1	7
Sos2	8
Sowahc	2
Sox11	6
Sox12	6
Sox13	2
Sox18	3
Sox2	4
Sox4	5
Sox5	6
Sox6	7
Sox7	5
Sox8	6
Sox9	9
Sp1	5
Sp100	5
Sp110	3
Sp2	0
Sp3	5
Sp4	8
Spa17	1
Spag1	1
Spag5	1
Spag7	4
Spag9	3
Sparc	7
Sparcl1	0
Spast	2
Spata13	5
Spata2	2
Spata2l	4
Spata5	4
Spata6	3
Spata7	0
Spats2	5
Spats2l	0
Spc24	4
Spc25	5
Spcs1	7
Spcs2	0
Spcs3	2
Spdl1	2
Specc1	3
Specc1l	5
Spen	4
Spg11	3
Spg20	0
Spg21	5
Spg7	6
Sphk1	7
Sphk2	1
Spi1	9
Spice1	4
Spidr	4
Spin1	1
Spin2c	3
Spin4	6
Spindoc	5
Spint1	0
Spint2	5
Spire1	1
Spire2	8
Spns1	8
Spns2	4
Spock2	1
Spock3	3
Spon1	6
Spon2	5
Spop	6
Spopl	7
Spout1	3
Spp1	8
Sppl2a	5
Sppl2b	9
Sppl3	3
Spr	8
Spred1	1
Spred2	2
Spred3	9
Sprtn	0
Spry1	6
Spry2	5
Spry4	4
Spryd3	7
Spryd4	8
Spryd7	9
Spsb1	1
Spsb2	3
Spsb3	0
Spsb4	1
Sptan1	6
Sptbn1	4
Sptbn2	3
Sptlc1	5
Sptlc2	4
Sptssa	1
Spty2d1	5
Sqle	2
Sqor	1
Sqstm1	1
Sra1	8
Srbd1	6
Src	0
Srcin1	5
Srd5a1	2
Srd5a3	5
Srebf1	5
Srebf2	0
Srek1	1
Srek1ip1	5
Srf	3
Srfbp1	1
Srgap1	4
Srgap2	7
Srgap3	2
Srgn	3
Sri	5
Srl	9
Srm	2
Srp14	6
Srp19	0
Srp54c	8
Srp68	2
Srp72	1
Srp9	6
Srpk1	6
Srpk2	3
Srpr	4
Srprb	1
Srpx2	2
Srr	5
Srrd	1
Srrm1	1
Srrm2	5
Srrt	8
Srsf1	9
Srsf10	7
Srsf11	9
Srsf2	4
Srsf3	5
Srsf4	2
Srsf5	1
Srsf6	4
Srsf7	0
Srsf9	3
Srxn1	2
Ss18	1
Ss18l1	9
Ss18l2	5
Ssb	0
Ssbp1	4
Ssbp2	2
Ssbp3	9
Ssbp4	0
Ssh1	1
Ssh2	5
Ssh3	9
Ssna1	2
Sspn	2
Ssr1	3
Ssr2	0
Ssr3	4
Ssr4	7
Ssrp1	5
Ssu72	0
Ssx2ip	6
St13	4
St3gal1	2
St3gal2	7
St3gal3	9
St3gal4	9
St3gal5	4
St3gal6	7
St6gal1	3
St6galnac3	2
St6galnac4	6
St6galnac6	8
St7	6
St7l	9
St8sia1	5
St8sia4	4
Stab1	5
Stac2	3
Stag1	2
Stag2	2
Stam	0
Stam2	8
Stambp	5
Stambpl1	7
Stap2	5
Stard10	4
Stard13	8
Stard3	8
Stard3nl	5
Stard4	6
Stard5	4
Stard7	4
Stard8	3
Stat1	9
Stat2	5
Stat3	5
Stat5a	4
Stat5b	3
Stat6	3
Stau1	9
Stau2	0
Stbd1	6
Stc1	9
Stc2	4
Steap1	0
Steap2	2
Steap3	8
Steap4	9
Stil	5
Stim1	6
Stim2	1
Stimate	3
Sting1	1
Stip1	7
Stk10	4
Stk11	3
Stk11ip	3
Stk16	6
Stk17b	9
Stk19	9
Stk24	0
Stk25	8
Stk26	7
Stk3	3
Stk32c	7
Stk35	5
Stk36	9
Stk38	8
Stk38l	2
Stk39	8
Stk4	2
Stk40	0
Stmn1	0
Stmn2	1
Stmn3	6
Stmn4	4
Stn1	8
Stom	7
Stoml1	6
Stoml2	1
Ston1	9
Ston2	9
Stox2	6
Strada	3
Stradb	9
Strap	7
Strbp	4
Strip1	6
Strn	3
Strn3	9
Strn4	7
Stt3a	0
Stt3b	0
Stub1	3
Stx12	1
Stx16	4
Stx17	2
Stx18	8
Stx1a	9
Stx1b	9
Stx2	0
Stx3	1
Stx4a	8
Stx5a	6
Stx6	5
Stx7	2
Stx8	0
Stxbp1	6
Stxbp2	1
Stxbp3	0
Stxbp4	6
Stxbp5	5
Stxbp6	6
Sub1	9
Sucla2	3
Suclg1	5
Suclg2	3
Suco	4
Suds3	2
Sufu	3
Sugct	5
Sugp1	8
Sugp2	0
Sugt1	9
Sulf1	3
Sulf2	4
Sult1a1	3
Sult4a1	8
Sumf1	1
Sumf2	8
Sumo1	3
Sumo2	5
Sumo3	8
Sun1	6
Sun2	5
Suox	3
Supt16	6
Supt20	8
Supt3	4
Supt4a	0
Supt5	0
Supt6	5
Supt7l	1
Supv3l1	2
Surf1	6
Surf2	0
Surf4	4
Surf6	2
Susd1	2
Susd2	7
Susd4	4
Susd6	6
Suv39h1	7
Suv39h2	5
Suz12	6
Sv2a	0
Svbp	3
Svep1	7
Svil	1
Svip	2
Swap70	5
Swi5	2
Swsap1	3
Swt1	0
Syap1	2
Syce2	1
Syde1	8
Syde2	6
Syf2	2
Syk	9
Sympk	5
Syn1	8
Syn2	4
Syn3	2
Syncrip	3
Syne1	2
Syne2	5
Syne3	9
Syngap1	1
Syngr1	4
Syngr2	5
Syngr3	8
Synj1	2
Synj2	4
Synj2bp	8
Synpo	9
Synrg	4
Syp	6
Sypl	9
Sys1	1
Syt1	4
Syt11	7
Syt12	8
Syt13	2
Syt14	8
Syt3	4
Syt4	0
Syt5	7
Syt7	4
Syvn1	8
Szrd1	6
Szt2	1
Tab1	8
Tab2	8
Tab3	0
Tacc1	0
Tacc2	7
Tacc3	0
Taco1	4
Tada1	5
Tada2a	5
Tada2b	9
Tada3	8
Taf1	8
Taf10	5
Taf11	8
Taf12	6
Taf13	3
Taf15	5
Taf1a	0
Taf1b	5
Taf1c	6
Taf1d	7
Taf2	8
Taf3	0
Taf4	1
Taf4b	4
Taf5	2
Taf5l	6
Taf6	3
Taf6l	8
Taf7	7
Taf8	4
Taf9	9
Taf9b	5
Tagln	7
Tagln2	3
Tagln3	2
Taldo1	4
Tamm41	3
Tanc1	7
Tanc2	5
Tango2	1
Tango6	4
Tank	2
Taok1	9
Taok2	6
Taok3	1
Tap1	2
Tap2	8
Tapbp	6
Tapbpl	7
Tapt1	6
Tarbp1	0
Tarbp2	6
Tardbp	5
Tars	7
Tars2	1
Tarsl2	6
Tasor	7
Tasor2	7
Tasp1	3
Tatdn1	5
Tatdn2	1
Tatdn3	8
Tax1bp1	7
Tax1bp3	2
Taz	6
Tbc1d1	6
Tbc1d10a	5
Tbc1d10b	5
Tbc1d12	0
Tbc1d13	9
Tbc1d14	0
Tbc1d15	0
Tbc1d16	2
Tbc1d17	6
Tbc1d19	8
Tbc1d2	1
Tbc1d20	7
Tbc1d22a	9
Tbc1d22b	8
Tbc1d23	9
Tbc1d24	3
Tbc1d25	6
Tbc1d2b	5
Tbc1d30	5
Tbc1d31	9
Tbc1d32	4
Tbc1d4	6
Tbc1d5	3
Tbc1d7	2
Tbc1d8	3
Tbc1d8b	3
Tbc1d9	7
Tbc1d9b	5
Tbca	8
Tbcb	4
Tbcc	5
Tbccd1	1
Tbcd	0
Tbce	7
Tbcel	5
Tbck	8
Tbk1	6
Tbkbp1	1
Tbl1x	5
Tbl1xr1	0
Tbl2	5
Tbl3	9
Tbp	6
Tbpl1	6
Tbrg1	4
Tbrg4	3
Tbx20	0
Tbx3	8
Tbxas1	1
Tcaf1	3
Tcaf2	9
Tcaim	6
Tcea1	2
Tcea2	1
Tcea3	1
Tceal1	9
Tceal8	6
Tceal9	0
Tceanc	5
Tceanc2	8
Tcerg1	6
Tcf12	7
Tcf19	7
Tcf20	7
Tcf25	1
Tcf3	1
Tcf4	0
Tcf7	2
Tcf7l1	8
Tcf7l2	4
Tchp	6
Tcim	5
Tcirg1	7
Tcn2	2
Tcof1	2
Tcp1	2
Tcp11l1	8
Tcp11l2	5
Tcta	8
Tctex1d2	2
Tctn1	9
Tctn2	9
Tctn3	3
Tdg	4
Tdp1	1
Tdp2	7
Tdrd3	4
Tdrd7	5
Tdrkh	0
Tdrp	4
Tead1	8
Tead2	9
Tead3	2
Tec	9
Tecpr1	7
Tecpr2	2
Tecr	6
Tedc1	4
Tedc2	0
Tef	3
Tefm	9
Tek	4
Telo2	2
Ten1	5
Tenm3	8
Tenm4	2
Tent2	2
Tent4a	0
Tent4b	3
Tent5a	5
Tent5b	9
Tent5c	8
Tep1	1
Tepsin	3
Terf1	9
Terf2	4
Terf2ip	6
Tes	2
Tesc	3
Tesk1	6
Tesk2	5
Tet2	5
Tet3	2
Tex10	1
Tex2	3
Tex261	3
Tex264	6
Tex30	0
Tex9	4
Tfam	9
Tfap2a	9
Tfap4	6
Tfb1m	5
Tfb2m	2
Tfcp2	1
Tfcp2l1	1
Tfdp1	0
Tfdp2	5
Tfe3	2
Tfeb	0
Tfg	2
Tfip11	2
Tfpi	3
Tfpt	7
Tfrc	9
Tgds	7
Tgfa	8
Tgfb1	0
Tgfb1i1	0
Tgfb2	1
Tgfb3	8
Tgfbi	8
Tgfbr1	4
Tgfbr2	4
Tgfbr3	3
Tgfbrap1	2
Tgif1	5
Tgif2	5
Tgm1	9
Tgm2	0
Tgoln1	3
Tgs1	6
Tha1	7
Thada	6
Thap1	9
Thap11	3
Thap12	1
Thap2	4
Thap3	1
Thap4	5
Thap7	2
Thbd	1
Thbs1	3
Thbs2	9
Thbs3	1
Them4	0
Them6	4
Themis2	3
Thg1l	0
Thnsl1	8
Thnsl2	1
Thoc1	6
Thoc2	1
Thoc2l	3
Thoc3	4
Thoc5	6
Thoc6	4
Thoc7	7
Thop1	9
Thra	4
Thrap3	3
Thrb	5
Thrsp	2
Thsd1	2
Thsd7a	9
Thtpa	6
Thumpd1	9
Thumpd2	1
Thumpd3	1
Thy1	6
Thyn1	6
Tia1	9
Tial1	2
Tiam1	6
Tiam2	1
Ticam1	8
Ticrr	8
Tie1	0
Tifa	7
Tigar	5
Tigd2	8
Tigd5	3
Timeless	8
Timm10	1
Timm13	3
Timm17a	7
Timm17b	1
Timm21	9
Timm22	5
Timm23	1
Timm29	9
Timm44	5
Timm50	8
Timm8a1	8
Timm8b	5
Timm9	5
Timmdc1	1
Timp1	5
Timp2	6
Timp3	4
Tinagl1	5
Tinf2	6
Tiparp	1
Tipin	6
Tiprl	0
Tirap	6
Tjap1	4
Tjp1	7
Tjp2	6
Tjp3	4
Tk1	8
Tk2	2
Tkfc	9
Tkt	5
Tlcd1	0
Tlcd2	7
Tlcd4	7
Tlcd5	0
Tle1	2
Tle2	5
Tle3	9
Tle4	4
Tle5	5
Tle6	9
Tlk1	1
Tlk2	5
Tll1	1
Tln1	9
Tln2	4
Tlnrd1	1
Tlr2	2
Tlr3	6
Tlr4	8
Tlr7	3
Tm2d1	8
Tm2d2	9
Tm2d3	0
Tm4sf1	0
Tm6sf1	6
Tm7sf2	8
Tm7sf3	6
Tm9sf1	1
Tm9sf2	5
Tm9sf3	8
Tm9sf4	3
Tma16	6
Tma7	6
Tmbim1	7
Tmbim4	1
Tmbim6	2
Tmc6	0
Tmc7	0
Tmcc1	7
Tmcc2	3
Tmcc3	9
Tmco1	4
Tmco3	3
Tmco4	3
Tmco6	2
Tmed1	8
Tmed10	2
Tmed2	8
Tmed3	3
Tmed4	5
Tmed5	1
Tmed7	2
Tmed8	4
Tmed9	1
Tmeff1	6
Tmeff2	3
Tmem101	0
Tmem102	7
Tmem104	9
Tmem106a	4
Tmem106b	5
Tmem106c	2
Tmem107	6
Tmem108	1
Tmem109	7
Tmem11	4
Tmem115	8
Tmem119	1
Tmem120a	7
Tmem120b	9
Tmem121	8
Tmem123	3
Tmem126a	5
Tmem126b	1
Tmem127	6
Tmem128	3
Tmem129	2
Tmem131	0
Tmem131l	8
Tmem132a	2
Tmem134	0
Tmem135	1
Tmem138	4
Tmem141	2
Tmem143	7
Tmem144	8
Tmem147	4
Tmem14a	0
Tmem14c	3
Tmem150a	6
Tmem150c	5
Tmem158	0
Tmem159	2
Tmem160	5
Tmem161a	5
Tmem161b	2
Tmem164	2
Tmem165	7
Tmem167	8
Tmem167b	8
Tmem168	1
Tmem17	3
Tmem170	8
Tmem170b	6
Tmem175	0
Tmem176a	2
Tmem176b	4
Tmem177	1
Tmem178	8
Tmem179b	2
Tmem18	1
Tmem181a	0
Tmem183a	1
Tmem184b	7
Tmem184c	7
Tmem185a	0
Tmem185b	4
Tmem186	1
Tmem189	0
Tmem19	6
Tmem192	1
Tmem198b	7
Tmem199	0
Tmem201	5
Tmem203	0
Tmem205	7
Tmem208	6
Tmem209	8
Tmem214	3
Tmem216	5
Tmem218	0
Tmem219	6
Tmem220	7
Tmem222	0
Tmem223	8
Tmem229b	4
Tmem230	1
Tmem231	9
Tmem234	4
Tmem237	3
Tmem238	7
Tmem241	1
Tmem242	6
Tmem243	1
Tmem245	1
Tmem246	3
Tmem248	3
Tmem25	4
Tmem250.ps	4
Tmem251	0
Tmem256	9
Tmem258	1
Tmem259	2
Tmem260	3
Tmem263	4
Tmem267	5
Tmem268	7
Tmem30a	7
Tmem30b	1
Tmem33	1
Tmem35a	1
Tmem35b	6
Tmem37	3
Tmem38a	9
Tmem38b	9
Tmem39a	9
Tmem39b	0
Tmem41a	0
Tmem41b	1
Tmem42	3
Tmem43	8
Tmem44	2
Tmem45a	6
Tmem47	3
Tmem50a	5
Tmem50b	6
Tmem51	7
Tmem53	3
Tmem59	2
Tmem59l	4
Tmem60	4
Tmem62	0
Tmem63a	2
Tmem63b	4
Tmem64	4
Tmem65	7
Tmem67	4
Tmem68	4
Tmem69	8
Tmem70	8
Tmem74	4
Tmem8	4
Tmem86a	0
Tmem87a	4
Tmem87b	4
Tmem88	4
Tmem8b	3
Tmem9	1
Tmem94	1
Tmem97	3
Tmem98	1
Tmem9b	1
Tmf1	7
Tmod1	0
Tmod2	0
Tmod3	8
Tmpo	9
Tmppe	4
Tmsb10	5
Tmsb4x	3
Tmtc2	9
Tmtc3	2
Tmtc4	4
Tmub1	6
Tmub2	2
Tmx1	6
Tmx2	5
Tmx3	9
Tmx4	3
Tnc	3
Tnfaip1	6
Tnfaip2	5
Tnfaip3	3
Tnfaip6	6
Tnfaip8	4
Tnfaip8l1	5
Tnfaip8l2	3
Tnfrsf10b	4
Tnfrsf11b	4
Tnfrsf12a	5
Tnfrsf19	2
Tnfrsf1a	6
Tnfrsf1b	0
Tnfrsf21	0
Tnfrsf22	3
Tnfrsf23	0
Tnfsf10	9
Tnfsf9	6
Tnik	2
Tnip1	0
Tnip2	3
Tnk2	9
Tnks	9
Tnks1bp1	7
Tnks2	6
Tnnt1	2
Tnpo1	8
Tnpo2	1
Tnpo3	0
Tnrc18	5
Tnrc6a	7
Tnrc6b	3
Tnrc6c	8
Tns1	4
Tns2	3
Tns3	2
Tob1	3
Tob2	2
Toe1	3
Togaram1	0
Tollip	0
Tom1	2
Tom1l1	2
Tom1l2	7
Tomm20	9
Tomm22	7
Tomm34	3
Tomm40	5
Tomm40l	4
Tomm5	3
Tomm7	0
Tomm70a	5
Tonsl	9
Top1	0
Top1mt	4
Top2a	2
Top2b	9
Top3a	9
Top3b	9
Topbp1	5
Topors	3
Tor1a	6
Tor1aip1	7
Tor1aip2	5
Tor1b	0
Tor2a	0
Tor3a	3
Tor4a	0
Tox	0
Tox3	2
Tox4	6
Tpbg	3
Tpcn1	9
Tpcn2	7
Tpd52	6
Tpd52l1	6
Tpd52l2	5
Tpgs1	1
Tpgs2	2
Tpi1	3
Tpk1	8
Tpm1	0
Tpm2	6
Tpm3	7
Tpm3.rs7	4
Tpm4	9
Tpmt	8
Tpp1	2
Tpp2	1
Tppp	4
Tppp3	1
Tpr	6
Tpra1	4
Tprgl	7
Tprkb	8
Tprn	5
Tpst1	1
Tpst2	7
Tpt1	5
Tpx2	7
Tra2a	3
Tra2b	3
Trabd	9
Tradd	5
Traf2	9
Traf3	6
Traf3ip1	4
Traf3ip2	7
Traf4	8
Traf5	5
Traf6	4
Traf7	0
Trafd1	3
Traip	1
Trak1	4
Trak2	1
Tram1	4
Tram1l1	1
Tram2	0
Trap1	4
Trappc1	5
Trappc10	3
Trappc11	0
Trappc12	9
Trappc13	7
Trappc2	8
Trappc2l	0
Trappc3	3
Trappc4	2
Trappc5	8
Trappc6a	6
Trappc6b	7
Trappc8	7
Trappc9	7
Trdmt1	7
Trem2	9
Trex1	7
Trf	0
Triap1	0
Trib1	6
Trib2	1
Trib3	0
Tril	1
Trim11	0
Trim12c	2
Trim13	8
Trim14	5
Trim16	7
Trim2	7
Trim21	1
Trim23	9
Trim24	5
Trim25	8
Trim26	4
Trim27	4
Trim28	3
Trim3	9
Trim30a	5
Trim32	8
Trim33	8
Trim35	5
Trim36	5
Trim37	0
Trim39	1
Trim41	2
Trim44	1
Trim45	5
Trim46	1
Trim47	5
Trim56	9
Trim59	2
Trim62	9
Trim65	2
Trim68	2
Trim7	5
Trim8	5
Trio	7
Triobp	5
Trip10	8
Trip11	1
Trip12	1
Trip13	8
Trip4	0
Trip6	6
Triqk	1
Trir	2
Trit1	2
Trmo	4
Trmt1	2
Trmt10a	2
Trmt10b	3
Trmt10c	7
Trmt11	7
Trmt112	9
Trmt12	8
Trmt13	4
Trmt1l	1
Trmt2a	2
Trmt2b	1
Trmt44	3
Trmt5	0
Trmt6	4
Trmt61a	8
Trmu	4
Trnau1ap	9
Trnt1	0
Tro	8
Troap	9
Trp53	4
Trp53bp1	8
Trp53bp2	2
Trp53i11	4
Trp53i13	0
Trp53inp1	8
Trp53inp2	1
Trp53rka	0
Trpc1	3
Trpc4ap	1
Trpm4	6
Trpm7	3
Trps1	6
Trpt1	3
Trpv2	7
Trrap	2
Trub1	6
Trub2	7
Tsacc	5
Tsc1	0
Tsc2	4
Tsc22d1	5
Tsc22d2	2
Tsc22d3	8
Tsc22d4	5
Tsen15	5
Tsen2	1
Tsen34	8
Tsen54	0
Tsfm	6
Tsg101	0
Tsga10	5
Tshz1	2
Tshz2	6
Tshz3	8
Tsku	7
Tsn	3
Tsnax	9
Tspan12	8
Tspan13	6
Tspan14	4
Tspan15	8
Tspan17	3
Tspan18	4
Tspan2	5
Tspan3	9
Tspan31	5
Tspan33	0
Tspan4	4
Tspan5	0
Tspan6	0
Tspan7	1
Tspan9	8
Tspo	6
Tspyl1	8
Tspyl2	0
Tspyl3	3
Tspyl4	6
Tspyl5	1
Tsr1	5
Tsr2	4
Tsr3	8
Tssc4	3
Tst	0
Tsta3	0
Tstd2	6
Tstd3	7
Ttbk2	9
Ttc1	5
Ttc12	2
Ttc13	1
Ttc14	1
Ttc17	1
Ttc19	8
Ttc21b	8
Ttc23	9
Ttc26	1
Ttc27	5
Ttc28	1
Ttc3	8
Ttc30a1	3
Ttc30b	7
Ttc32	1
Ttc33	2
Ttc37	4
Ttc38	0
Ttc39a	0
Ttc39b	1
Ttc39c	3
Ttc4	8
Ttc5	3
Ttc7	6
Ttc7b	4
Ttc8	9
Ttc9	0
Ttc9c	6
Ttf1	7
Ttf2	6
Tti1	6
Tti2	6
Ttk	2
Ttl	8
Ttll1	2
Ttll12	5
Ttll4	6
Ttll5	0
Ttll7	2
Ttpa	9
Ttpal	4
Ttr	3
Ttyh1	1
Ttyh2	6
Ttyh3	6
Tub	5
Tuba1a	6
Tuba1b	0
Tuba1c	9
Tuba4a	6
Tuba8	7
Tubb2a	8
Tubb2b	0
Tubb3	2
Tubb4a	7
Tubb4b	3
Tubb5	1
Tubb6	5
Tubd1	9
Tube1	9
Tubg1	8
Tubgcp2	2
Tubgcp3	6
Tubgcp4	8
Tubgcp5	8
Tubgcp6	1
Tufm	6
Tuft1	4
Tug1	1
Tulp3	9
Tulp4	2
Tusc1	9
Tusc2	1
Tusc3	6
Tut1	0
Tut4	5
Tut7	2
Tvp23a	1
Tvp23b	9
Twf1	5
Twf2	1
Twist1	2
Twistnb	7
Twnk	2
Twsg1	3
Txlna	0
Txlng	4
Txn1	7
Txn2	5
Txndc11	2
Txndc12	6
Txndc15	7
Txndc16	7
Txndc17	9
Txndc5	2
Txndc9	9
Txnip	3
Txnl1	3
Txnl4a	6
Txnl4b	9
Txnrd1	6
Txnrd2	4
Txnrd3	2
Tyk2	1
Tyms	6
Tyro3	5
Tyrobp	6
Tysnd1	8
Tyw1	9
Tyw3	9
Tyw5	3
U2af1	3
U2af2	4
U2surp	2
Uaca	5
Uap1	0
Uap1l1	6
Uba1	4
Uba2	7
Uba3	3
Uba5	5
Uba6	8
Uba7	5
Ubac1	5
Ubac2	5
Ubald1	1
Ubald2	6
Ubap1	6
Ubap2	7
Ubap2l	9
Ubash3b	9
Ubb	0
Ubc	3
Ube2a	9
Ube2b	4
Ube2c	5
Ube2cbp	9
Ube2d1	5
Ube2d2a	2
Ube2d3	1
Ube2e1	3
Ube2e2	9
Ube2e3	8
Ube2f	0
Ube2g1	3
Ube2g2	9
Ube2h	9
Ube2i	3
Ube2j1	5
Ube2j2	6
Ube2k	2
Ube2l3	1
Ube2l6	6
Ube2m	1
Ube2n	2
Ube2o	5
Ube2q1	9
Ube2q2	5
Ube2r2	4
Ube2s	4
Ube2t	0
Ube2v1	0
Ube2v2	3
Ube2w	2
Ube2z	1
Ube3a	6
Ube3b	0
Ube3c	4
Ube4a	9
Ube4b	6
Ubfd1	5
Ubiad1	6
Ubl3	8
Ubl4a	3
Ubl5	4
Ubl7	3
Ublcp1	9
Ubn1	3
Ubn2	7
Ubox5	2
Ubp1	7
Ubqln1	9
Ubqln2	3
Ubqln4	2
Ubr1	6
Ubr2	6
Ubr3	2
Ubr4	7
Ubr5	5
Ubr7	7
Ubtd1	8
Ubtd2	3
Ubtf	0
Ubxn1	8
Ubxn2a	4
Ubxn2b	0
Ubxn4	1
Ubxn6	6
Ubxn7	1
Ubxn8	0
Uchl1	1
Uchl3	1
Uchl5	5
Uck1	2
Uck2	6
Uckl1	3
Ucp2	7
Uevld	9
Ufc1	4
Ufd1	4
Ufl1	3
Ufm1	9
Ufsp1	0
Ufsp2	4
Ugcg	7
Ugdh	1
Uggt1	0
Uggt2	7
Ugp2	0
Ugt1a6a	4
Ugt8a	8
Uhmk1	9
Uhrf1	6
Uhrf1bp1	7
Uhrf1bp1l	8
Uhrf2	1
Uimc1	7
Ulbp1	0
Ulk1	6
Ulk2	8
Ulk3	6
Umad1	1
Umps	4
Unc119	6
Unc119b	2
Unc13a	0
Unc13b	8
Unc45a	0
Unc50	2
Unc5b	2
Unc5c	7
Unc93b1	2
Ung	1
Unk	9
Unkl	2
Upf1	1
Upf2	5
Upf3a	9
Upf3b	2
Upp1	5
Uprt	3
Uqcc1	5
Uqcc2	9
Uqcc3	1
Uqcr10	3
Uqcr11	1
Uqcrb	7
Uqcrc1	2
Uqcrc2	6
Uqcrfs1	4
Uqcrh	4
Uqcrq	9
Urah	5
Urb1	9
Urb2	9
Urgcp	7
Uri1	4
Urm1	8
Urod	3
Uros	6
Usb1	5
Use1	3
Usf1	5
Usf2	8
Usf3	4
Uso1	8
Usp1	0
Usp10	9
Usp11	8
Usp12	7
Usp13	5
Usp14	2
Usp15	4
Usp16	5
Usp18	2
Usp19	2
Usp2	9
Usp20	5
Usp21	6
Usp22	3
Usp24	6
Usp25	6
Usp27x	8
Usp28	6
Usp3	5
Usp30	7
Usp31	3
Usp32	8
Usp33	6
Usp34	2
Usp35	1
Usp36	8
Usp37	2
Usp38	9
Usp39	2
Usp4	2
Usp40	8
Usp42	3
Usp45	4
Usp46	1
Usp47	5
Usp48	2
Usp5	2
Usp53	8
Usp54	9
Usp6nl	7
Usp7	9
Usp8	6
Usp9x	9
Uspl1	8
Ust	5
Utp11	4
Utp14a	2
Utp14b	4
Utp15	1
Utp18	4
Utp20	5
Utp23	6
Utp25	4
Utp3	8
Utp4	7
Utp6	6
Utrn	4
Uty	0
Uvrag	4
Uvssa	3
Uxs1	8
Uxt	4
Vac14	2
Vamp2	3
Vamp3	2
Vamp4	9
Vamp5	7
Vamp8	3
Vangl1	2
Vangl2	8
Vapa	8
Vapb	7
Vars	5
Vars2	5
Vash1	2
Vash2	4
Vasn	3
Vasp	8
Vat1	6
Vat1l	3
Vav1	2
Vav2	0
Vav3	1
Vbp1	1
Vcam1	8
Vcan	9
Vcl	8
Vcp	1
Vcpip1	7
Vcpkmt	2
Vdac1	4
Vdac2	6
Vdac3	8
Vdr	5
Vegfa	7
Vegfb	9
Vegfc	1
Vegfd	7
Vezf1	3
Vezt	7
Vgf	4
Vgll4	7
Vhl	3
Vill	2
Vim	6
Vipas39	6
Virma	7
Vkorc1	4
Vkorc1l1	5
Vldlr	0
Vma21	7
Vmac	4
Vmp1	4
Vopp1	5
Vps11	3
Vps13a	0
Vps13b	6
Vps13c	8
Vps13d	3
Vps16	8
Vps18	6
Vps25	3
Vps26a	4
Vps26b	3
Vps26c	0
Vps28	1
Vps29	1
Vps33a	3
Vps33b	8
Vps35	6
Vps36	5
Vps37a	2
Vps37b	9
Vps37c	1
Vps37d	1
Vps39	0
Vps41	8
Vps45	2
Vps4a	4
Vps4b	9
Vps50	1
Vps51	6
Vps52	9
Vps53	1
Vps54	4
Vps72	2
Vps8	1
Vps9d1	2
Vrk1	6
Vrk2	5
Vrk3	1
Vsig10	9
Vsir	2
Vta1	0
Vti1a	0
Vti1b	2
Vtn	9
Vwa1	7
Vwa5a	2
Vwa8	0
Vwf	5
Wac	8
Wapl	5
Wars	4
Wars2	8
Was	2
Wasf1	7
Wasf2	8
Wasf3	6
Washc1	3
Washc2	0
Washc3	8
Washc4	6
Washc5	5
Wasl	9
Wbp1	5
Wbp11	4
Wbp1l	7
Wbp2	2
Wbp4	2
Wdcp	4
Wdfy1	4
Wdfy2	1
Wdfy3	2
Wdhd1	0
Wdpcp	7
Wdr1	3
Wdr11	8
Wdr12	8
Wdr13	8
Wdr18	3
Wdr19	9
Wdr20	0
Wdr24	9
Wdr25	0
Wdr26	7
Wdr3	8
Wdr31	4
Wdr33	0
Wdr34	2
Wdr35	3
Wdr36	4
Wdr37	7
Wdr4	9
Wdr41	0
Wdr43	1
Wdr44	9
Wdr45	3
Wdr45b	9
Wdr46	2
Wdr47	1
Wdr48	7
Wdr5	1
Wdr53	8
Wdr54	0
Wdr55	6
Wdr59	3
Wdr5b	6
Wdr6	7
Wdr60	4
Wdr61	0
Wdr62	8
Wdr7	8
Wdr70	0
Wdr73	1
Wdr74	7
Wdr75	5
Wdr76	0
Wdr77	4
Wdr81	2
Wdr82	7
Wdr83	2
Wdr83os	5
Wdr89	5
Wdr90	9
Wdr91	1
Wdr92	2
Wdsub1	5
Wdtc1	3
Wdyhv1	3
Wee1	5
Wfdc1	2
Wfdc17	9
Wfdc2	3
Wfs1	7
Whamm	4
Whrn	6
Wipf1	7
Wipf2	5
Wipf3	3
Wipi1	2
Wipi2	0
Wiz	4
Wls	8
Wnk1	4
Wnk2	3
Wnk3	9
Wnt5a	0
Wnt5b	1
Wnt7b	7
Wrap53	7
Wrap73	1
Wrn	2
Wrnip1	5
Wsb1	7
Wsb2	2
Wscd1	4
Wtap	7
Wtip	8
Wwc1	1
Wwc2	4
Wwox	2
Wwp1	5
Wwp2	5
Wwtr1	2
Xab2	7
Xaf1	7
Xbp1	9
Xdh	7
Xiap	0
Xk	0
Xkr8	9
Xpa	1
Xpc	6
Xpnpep1	0
Xpnpep3	5
Xpo1	2
Xpo4	5
Xpo5	5
Xpo6	2
Xpo7	6
Xpot	1
Xpr1	7
Xrcc1	5
Xrcc2	1
Xrcc3	3
Xrcc4	6
Xrcc5	8
Xrcc6	9
Xrn1	2
Xrn2	5
Xxylt1	5
Xylb	0
Xylt1	1
Xylt2	2
Yae1d1	0
Yaf2	4
Yap1	9
Yars	8
Yars2	9
Ybey	8
Ybx1	9
Ybx3	2
Ydjc	1
Yeats2	1
Yeats4	8
Yes1	4
Yif1a	8
Yif1b	8
Yipf1	9
Yipf2	0
Yipf3	7
Yipf4	1
Yipf5	2
Yipf6	1
Yjefn3	0
Yju2	8
Ykt6	6
Ylpm1	6
Yme1l1	2
Yod1	6
Ypel2	8
Ypel3	1
Ypel5	7
Yrdc	5
Ythdc1	1
Ythdc2	4
Ythdf1	7
Ythdf2	0
Ythdf3	8
Ywhab	3
Ywhae	9
Ywhag	1
Ywhah	4
Ywhaq	4
Ywhaz	7
Yy1	8
Zadh2	6
Zbed3	3
Zbed4	7
Zbed5	3
Zbp1	0
Zbtb1	8
Zbtb10	9
Zbtb11	7
Zbtb12	6
Zbtb14	5
Zbtb16	2
Zbtb17	6
Zbtb18	9
Zbtb2	3
Zbtb20	4
Zbtb21	2
Zbtb22	9
Zbtb24	9
Zbtb25	1
Zbtb26	1
Zbtb3	7
Zbtb33	8
Zbtb34	7
Zbtb37	8
Zbtb38	5
Zbtb39	7
Zbtb4	1
Zbtb40	5
Zbtb41	6
Zbtb43	8
Zbtb44	1
Zbtb45	3
Zbtb46	4
Zbtb48	3
Zbtb49	5
Zbtb5	8
Zbtb6	1
Zbtb7a	9
Zbtb7b	9
Zbtb8a	3
Zbtb8os	3
Zc2hc1a	6
Zc2hc1c	1
Zc3h10	7
Zc3h12a	6
Zc3h12c	3
Zc3h13	4
Zc3h14	3
Zc3h15	6
Zc3h18	6
Zc3h3	4
Zc3h4	8
Zc3h6	6
Zc3h7a	3
Zc3h7b	9
Zc3h8	3
Zc3hav1	0
Zc3hav1l	0
Zc3hc1	0
Zc4h2	1
Zcchc10	9
Zcchc12	7
Zcchc14	9
Zcchc17	4
Zcchc18	4
Zcchc2	6
Zcchc24	0
Zcchc3	4
Zcchc4	3
Zcchc7	8
Zcchc8	9
Zcchc9	3
Zcrb1	2
Zcwpw1	1
Zdbf2	6
Zdhhc12	1
Zdhhc13	7
Zdhhc14	5
Zdhhc15	0
Zdhhc16	4
Zdhhc17	4
Zdhhc18	4
Zdhhc2	6
Zdhhc20	1
Zdhhc21	6
Zdhhc24	8
Zdhhc3	6
Zdhhc4	3
Zdhhc5	7
Zdhhc6	6
Zdhhc7	8
Zdhhc8	7
Zdhhc9	8
Zeb1	5
Zeb2	2
Zer1	3
Zfand1	0
Zfand2a	6
Zfand2b	8
Zfand3	9
Zfand4	3
Zfand5	2
Zfand6	4
Zfat	5
Zfc3h1	8
Zfhx2	7
Zfhx3	0
Zfhx4	4
Zfp1	4
Zfp101	9
Zfp105	0
Zfp106	7
Zfp109	4
Zfp11	5
Zfp110	3
Zfp111	4
Zfp113	9
Zfp119a	2
Zfp119b	3
Zfp12	2
Zfp120	2
Zfp128	4
Zfp13	4
Zfp131	3
Zfp14	4
Zfp141	3
Zfp142	3
Zfp143	6
Zfp146	6
Zfp148	1
Zfp157	8
Zfp160	8
Zfp169	4
Zfp180	0
Zfp182	0
Zfp184	6
Zfp185	1
Zfp189	1
Zfp2	4
Zfp202	8
Zfp207	8
Zfp212	4
Zfp213	9
Zfp217	2
Zfp219	7
Zfp229	0
Zfp235	3
Zfp236	6
Zfp24	8
Zfp248	3
Zfp251	4
Zfp26	0
Zfp260	9
Zfp263	4
Zfp266	8
Zfp267	2
Zfp27	8
Zfp275	5
Zfp276	6
Zfp277	1
Zfp28	2
Zfp280b	4
Zfp280c	1
Zfp280d	7
Zfp281	8
Zfp282	5
Zfp286	2
Zfp287	5
Zfp292	6
Zfp3	1
Zfp30	7
Zfp316	9
Zfp317	7
Zfp318	8
Zfp319	8
Zfp322a	0
Zfp324	3
Zfp326	1
Zfp329	3
Zfp330	9
Zfp334	9
Zfp335	0
Zfp341	8
Zfp346	1
Zfp35	3
Zfp354a	1
Zfp354c	3
Zfp358	2
Zfp36	5
Zfp362	4
Zfp365	2
Zfp367	5
Zfp369	4
Zfp36l1	1
Zfp36l2	7
Zfp37	8
Zfp382	0
Zfp383	7
Zfp384	9
Zfp385a	0
Zfp385b	0
Zfp386	7
Zfp39	6
Zfp395	0
Zfp397	3
Zfp398	9
Zfp40	0
Zfp407	6
Zfp408	3
Zfp41	2
Zfp410	3
Zfp414	0
Zfp418	4
Zfp422	4
Zfp423	9
Zfp426	4
Zfp428	4
Zfp438	0
Zfp442	6
Zfp444	7
Zfp445	6
Zfp446	7
Zfp449	6
Zfp451	5
Zfp46	5
Zfp462	1
Zfp467	9
Zfp472	1
Zfp503	7
Zfp507	8
Zfp51	0
Zfp511	6
Zfp512	5
Zfp512b	0
Zfp513	1
Zfp516	6
Zfp518a	9
Zfp518b	6
Zfp52	7
Zfp521	1
Zfp523	9
Zfp526	4
Zfp53	1
Zfp532	9
Zfp54	7
Zfp551	3
Zfp553	9
Zfp560	1
Zfp563	7
Zfp566	8
Zfp568	0
Zfp57	9
Zfp574	2
Zfp579	6
Zfp580	8
Zfp59	8
Zfp592	4
Zfp593	6
Zfp597	6
Zfp598	6
Zfp599	8
Zfp60	4
Zfp605	7
Zfp606	5
Zfp608	1
Zfp609	6
Zfp61	8
Zfp612	1
Zfp617	7
Zfp618	6
Zfp62	3
Zfp622	6
Zfp623	8
Zfp626	8
Zfp628	8
Zfp629	9
Zfp637	7
Zfp638	1
Zfp639	6
Zfp64	7
Zfp644	8
Zfp646	8
Zfp647	1
Zfp65	5
Zfp651	5
Zfp652	5
Zfp653	6
Zfp654	3
Zfp655	9
Zfp658	1
Zfp661	2
Zfp664	1
Zfp667	0
Zfp668	4
Zfp672	8
Zfp68	8
Zfp687	8
Zfp688	7
Zfp689	2
Zfp691	0
Zfp692	1
Zfp697	7
Zfp7	7
Zfp703	4
Zfp704	7
Zfp706	0
Zfp707	0
Zfp709	6
Zfp710	2
Zfp711	9
Zfp715	9
Zfp719	1
Zfp729a	8
Zfp729b	7
Zfp738	5
Zfp74	2
Zfp740	9
Zfp746	0
Zfp747	2
Zfp748	7
Zfp750	0
Zfp758	0
Zfp759	6
Zfp760	6
Zfp763	5
Zfp768	3
Zfp770	9
Zfp771	7
Zfp772	7
Zfp775	3
Zfp777	4
Zfp780b	1
Zfp787	5
Zfp788	2
Zfp790	5
Zfp791	8
Zfp799	4
Zfp800	4
Zfp809	9
Zfp81	1
Zfp810	7
Zfp821	5
Zfp825	8
Zfp827	4
Zfp830	6
Zfp839	1
Zfp84	5
Zfp846	6
Zfp850	9
Zfp865	8
Zfp866	4
Zfp867	7
Zfp868	0
Zfp869	6
Zfp87	3
Zfp870	8
Zfp871	5
Zfp873	7
Zfp874a	4
Zfp874b	4
Zfp882	2
Zfp9	7
Zfp90	7
Zfp91	9
Zfp930	3
Zfp933	5
Zfp937	5
Zfp938	5
Zfp94	1
Zfp940	6
Zfp941	7
Zfp942	5
Zfp943	5
Zfp944	9
Zfp945	4
Zfp946	1
Zfp948	0
Zfp949	6
Zfp950	7
Zfp951	0
Zfp952	0
Zfp954	8
Zfp955a	6
Zfp955b	3
Zfp956	9
Zfp958	8
Zfp959	9
Zfp961	4
Zfp963	4
Zfp971	7
Zfp983	0
Zfp994	4
Zfpl1	4
Zfpm1	9
Zfpm2	9
Zfr	7
Zfx	5
Zfyve1	9
Zfyve16	8
Zfyve19	5
Zfyve21	6
Zfyve26	7
Zfyve27	2
Zfyve9	9
Zgpat	8
Zgrf1	5
Zhx1	1
Zhx2	0
Zhx3	8
Zic2	7
Zic3	1
Zic5	2
Zik1	3
Zkscan1	3
Zkscan14	4
Zkscan17	4
Zkscan3	5
Zkscan5	8
Zkscan6	7
Zkscan7	9
Zkscan8	6
Zmat1	7
Zmat2	8
Zmat3	6
Zmat5	1
Zmiz1	4
Zmiz2	6
Zmpste24	2
Zmym1	4
Zmym2	2
Zmym3	7
Zmym4	1
Zmym5	6
Zmym6	1
Zmynd11	5
Zmynd19	4
Zmynd8	7
Znfx1	9
Znhit1	9
Znhit2	0
Znhit3	7
Znhit6	3
Znrd1	1
Znrd1as	0
Znrf1	8
Znrf2	3
Znrf3	2
Zpr1	5
Zranb1	8
Zranb2	6
Zranb3	8
Zrsr1	4
Zrsr2	0
Zscan12	6
Zscan18	2
Zscan2	7
Zscan20	9
Zscan21	0
Zscan22	3
Zscan25	8
Zscan26	9
Zscan29	1
Zswim1	5
Zswim3	5
Zswim4	0
Zswim5	3
Zswim6	3
Zswim7	3
Zswim8	1
Zswim9	0
Zup1	8
Zw10	7
Zwilch	0
Zwint	9
Zxdb	6
Zxdc	0
Zyg11b	0
Zyx	6
Zzef1	4
Zzz3	6
mt.Atp6	5
mt.Atp8	1
mt.Co1	5
mt.Co2	7
mt.Nd1	6
mt.Nd2	5
mt.Nd3	0
mt.Nd4l	5
mt.Nd5	9
mt.Nd6	5
dummy_gene	0
