SYMBOL,Amino_Acid,Codon,UTR5,UTR3,fold,tx_size,utr5_size,cds_size,utr3_size,tx_sequence,co_pred_HEK293T,co_pred_Huh-7.5,co_pred_HEK293T-co_pred_Huh-7.5
original,original,original,CWF19L2,CWF19L2,4,1316,28,723,565,AATTTTCTTGCGGCTTCTTAGCTTTACGATGGTGAGCAAGGGCGAGGAGCTGTTCACCGGGGTGGTGCCCATCCTGGTCGAGCTGGACGGCGACGTAAACGGCCACAAGTTCAGCGTGTCCGGCGAGGGCGAGGGCGATGCCACCTACGGCAAGCTGACCCTGAAGTTCATCTGCACCACCGGCAAGCTGCCCGTGCCCTGGCCCACCCTCGTGACCACCCTGACCTACGGCGTGCAGTGCTTCAGCCGCTACCCCGACCACATGAAGCAGCACGACTTCTTCAAGTCCGCCATGCCCGAAGGCTACGTCCAGGAGCGCACCATCTTCTTCAAGGACGACGGCAACTACAAGACCCGCGCCGAGGTGAAGTTCGAGGGCGACACCCTGGTGAACCGCATCGAGCTGAAGGGCATCGACTTCAAGGAGGACGGCAACATCCTGGGGCACAAGCTGGAGTACAACTACAACAGCCACAACGTCTATATCATGGCCGACAAGCAGAAGAACGGCATCAAGGTGAACTTCAAGATCCGCCACAACATCGAGGACGGCAGCGTGCAGCTCGCCGACCACTACCAGCAGAACACCCCCATCGGCGACGGCCCCGTGCTGCTGCCCGACAACCACTACCTGAGCACCCAGTCCGCCCTGAGCAAAGACCCCAACGAGAAGCGCGATCACATGGTCCTGCTGGAGTTCGTGACCGCCGCCGGGATCACTCTCGGCATGGACGAGCTGTACAAGTCCTAAGGTGTACCTTCCATTTTAAAATTTTTCTTCAGATCCCGTTCAGTTTTATTTCCATTGCATCTAATGAAGCAACTGACCCTCAGGTCACAGGCAGAGAGAGTCACAGCAGCAGACTGCTCTGGGTCAGTGACAACTGTACATCAGGAGATTGTGTTGTTTTCTTCTTCACCTGCTCCTATCTATGGACTTCATTTTAGTCACCATGGAGTAAAAACATATATTCGATGATCTGCTCACATTCCTGCTCTCTACCTACTTCTTGGTATTCCGAATTGTTCAGTTAATTTAGAGAAGGCCTTTTCTGAAGGGATATCTAAAAAGCATAGGAAATCCTTGGTTCAGAGGGAAGTGGGTCTGCTTCATGGTTGTTAAGTCTACTGTCTGGCTTCTTTTGCATTTTTAAAAATAAGACGATTTAATTTTAATTTCATAGGATTTTATAGAAAAGCTCTTAATTTTCTACTAGCAGTATATAGTATCACTTCTATTCTTTTTGTTAAAGGAAAAGGAAATGTCCCCAAAGTATTAAAGAATTAAATGATACTGAAAATTTGTATGATTCAAA,2.0496397380217624,0.42766246102490857,1.6219772769968537
M_to_ATG,M,ATG,CWF19L2,CWF19L2,4,1316,28,723,565,AATTTTCTTGCGGCTTCTTAGCTTTACGATGGTGAGCAAGGGCGAGGAGCTGTTCACCGGGGTGGTGCCCATCCTGGTCGAGCTGGACGGCGACGTAAACGGCCACAAGTTCAGCGTGTCCGGCGAGGGCGAGGGCGATGCCACCTACGGCAAGCTGACCCTGAAGTTCATCTGCACCACCGGCAAGCTGCCCGTGCCCTGGCCCACCCTCGTGACCACCCTGACCTACGGCGTGCAGTGCTTCAGCCGCTACCCCGACCACATGAAGCAGCACGACTTCTTCAAGTCCGCCATGCCCGAAGGCTACGTCCAGGAGCGCACCATCTTCTTCAAGGACGACGGCAACTACAAGACCCGCGCCGAGGTGAAGTTCGAGGGCGACACCCTGGTGAACCGCATCGAGCTGAAGGGCATCGACTTCAAGGAGGACGGCAACATCCTGGGGCACAAGCTGGAGTACAACTACAACAGCCACAACGTCTATATCATGGCCGACAAGCAGAAGAACGGCATCAAGGTGAACTTCAAGATCCGCCACAACATCGAGGACGGCAGCGTGCAGCTCGCCGACCACTACCAGCAGAACACCCCCATCGGCGACGGCCCCGTGCTGCTGCCCGACAACCACTACCTGAGCACCCAGTCCGCCCTGAGCAAAGACCCCAACGAGAAGCGCGATCACATGGTCCTGCTGGAGTTCGTGACCGCCGCCGGGATCACTCTCGGCATGGACGAGCTGTACAAGTCCTAAGGTGTACCTTCCATTTTAAAATTTTTCTTCAGATCCCGTTCAGTTTTATTTCCATTGCATCTAATGAAGCAACTGACCCTCAGGTCACAGGCAGAGAGAGTCACAGCAGCAGACTGCTCTGGGTCAGTGACAACTGTACATCAGGAGATTGTGTTGTTTTCTTCTTCACCTGCTCCTATCTATGGACTTCATTTTAGTCACCATGGAGTAAAAACATATATTCGATGATCTGCTCACATTCCTGCTCTCTACCTACTTCTTGGTATTCCGAATTGTTCAGTTAATTTAGAGAAGGCCTTTTCTGAAGGGATATCTAAAAAGCATAGGAAATCCTTGGTTCAGAGGGAAGTGGGTCTGCTTCATGGTTGTTAAGTCTACTGTCTGGCTTCTTTTGCATTTTTAAAAATAAGACGATTTAATTTTAATTTCATAGGATTTTATAGAAAAGCTCTTAATTTTCTACTAGCAGTATATAGTATCACTTCTATTCTTTTTGTTAAAGGAAAAGGAAATGTCCCCAAAGTATTAAAGAATTAAATGATACTGAAAATTTGTATGATTCAAA,2.0496397380217624,0.42766246102490857,1.6219772769968537
I_to_ATA,I,ATA,CWF19L2,CWF19L2,4,1316,28,723,565,AATTTTCTTGCGGCTTCTTAGCTTTACGATGGTGAGCAAGGGCGAGGAGCTGTTCACCGGGGTGGTGCCCATACTGGTCGAGCTGGACGGCGACGTAAACGGCCACAAGTTCAGCGTGTCCGGCGAGGGCGAGGGCGATGCCACCTACGGCAAGCTGACCCTGAAGTTCATATGCACCACCGGCAAGCTGCCCGTGCCCTGGCCCACCCTCGTGACCACCCTGACCTACGGCGTGCAGTGCTTCAGCCGCTACCCCGACCACATGAAGCAGCACGACTTCTTCAAGTCCGCCATGCCCGAAGGCTACGTCCAGGAGCGCACCATATTCTTCAAGGACGACGGCAACTACAAGACCCGCGCCGAGGTGAAGTTCGAGGGCGACACCCTGGTGAACCGCATAGAGCTGAAGGGCATAGACTTCAAGGAGGACGGCAACATACTGGGGCACAAGCTGGAGTACAACTACAACAGCCACAACGTCTATATAATGGCCGACAAGCAGAAGAACGGCATAAAGGTGAACTTCAAGATACGCCACAACATAGAGGACGGCAGCGTGCAGCTCGCCGACCACTACCAGCAGAACACCCCCATAGGCGACGGCCCCGTGCTGCTGCCCGACAACCACTACCTGAGCACCCAGTCCGCCCTGAGCAAAGACCCCAACGAGAAGCGCGATCACATGGTCCTGCTGGAGTTCGTGACCGCCGCCGGGATAACTCTCGGCATGGACGAGCTGTACAAGTCCTAAGGTGTACCTTCCATTTTAAAATTTTTCTTCAGATCCCGTTCAGTTTTATTTCCATTGCATCTAATGAAGCAACTGACCCTCAGGTCACAGGCAGAGAGAGTCACAGCAGCAGACTGCTCTGGGTCAGTGACAACTGTACATCAGGAGATTGTGTTGTTTTCTTCTTCACCTGCTCCTATCTATGGACTTCATTTTAGTCACCATGGAGTAAAAACATATATTCGATGATCTGCTCACATTCCTGCTCTCTACCTACTTCTTGGTATTCCGAATTGTTCAGTTAATTTAGAGAAGGCCTTTTCTGAAGGGATATCTAAAAAGCATAGGAAATCCTTGGTTCAGAGGGAAGTGGGTCTGCTTCATGGTTGTTAAGTCTACTGTCTGGCTTCTTTTGCATTTTTAAAAATAAGACGATTTAATTTTAATTTCATAGGATTTTATAGAAAAGCTCTTAATTTTCTACTAGCAGTATATAGTATCACTTCTATTCTTTTTGTTAAAGGAAAAGGAAATGTCCCCAAAGTATTAAAGAATTAAATGATACTGAAAATTTGTATGATTCAAA,1.8243906417100337,0.3922468383035692,1.4321438034064644
I_to_ATC,I,ATC,CWF19L2,CWF19L2,4,1316,28,723,565,AATTTTCTTGCGGCTTCTTAGCTTTACGATGGTGAGCAAGGGCGAGGAGCTGTTCACCGGGGTGGTGCCCATCCTGGTCGAGCTGGACGGCGACGTAAACGGCCACAAGTTCAGCGTGTCCGGCGAGGGCGAGGGCGATGCCACCTACGGCAAGCTGACCCTGAAGTTCATCTGCACCACCGGCAAGCTGCCCGTGCCCTGGCCCACCCTCGTGACCACCCTGACCTACGGCGTGCAGTGCTTCAGCCGCTACCCCGACCACATGAAGCAGCACGACTTCTTCAAGTCCGCCATGCCCGAAGGCTACGTCCAGGAGCGCACCATCTTCTTCAAGGACGACGGCAACTACAAGACCCGCGCCGAGGTGAAGTTCGAGGGCGACACCCTGGTGAACCGCATCGAGCTGAAGGGCATCGACTTCAAGGAGGACGGCAACATCCTGGGGCACAAGCTGGAGTACAACTACAACAGCCACAACGTCTATATCATGGCCGACAAGCAGAAGAACGGCATCAAGGTGAACTTCAAGATCCGCCACAACATCGAGGACGGCAGCGTGCAGCTCGCCGACCACTACCAGCAGAACACCCCCATCGGCGACGGCCCCGTGCTGCTGCCCGACAACCACTACCTGAGCACCCAGTCCGCCCTGAGCAAAGACCCCAACGAGAAGCGCGATCACATGGTCCTGCTGGAGTTCGTGACCGCCGCCGGGATCACTCTCGGCATGGACGAGCTGTACAAGTCCTAAGGTGTACCTTCCATTTTAAAATTTTTCTTCAGATCCCGTTCAGTTTTATTTCCATTGCATCTAATGAAGCAACTGACCCTCAGGTCACAGGCAGAGAGAGTCACAGCAGCAGACTGCTCTGGGTCAGTGACAACTGTACATCAGGAGATTGTGTTGTTTTCTTCTTCACCTGCTCCTATCTATGGACTTCATTTTAGTCACCATGGAGTAAAAACATATATTCGATGATCTGCTCACATTCCTGCTCTCTACCTACTTCTTGGTATTCCGAATTGTTCAGTTAATTTAGAGAAGGCCTTTTCTGAAGGGATATCTAAAAAGCATAGGAAATCCTTGGTTCAGAGGGAAGTGGGTCTGCTTCATGGTTGTTAAGTCTACTGTCTGGCTTCTTTTGCATTTTTAAAAATAAGACGATTTAATTTTAATTTCATAGGATTTTATAGAAAAGCTCTTAATTTTCTACTAGCAGTATATAGTATCACTTCTATTCTTTTTGTTAAAGGAAAAGGAAATGTCCCCAAAGTATTAAAGAATTAAATGATACTGAAAATTTGTATGATTCAAA,2.0496397380217624,0.42766246102490857,1.6219772769968537
I_to_ATT,I,ATT,CWF19L2,CWF19L2,4,1316,28,723,565,AATTTTCTTGCGGCTTCTTAGCTTTACGATGGTGAGCAAGGGCGAGGAGCTGTTCACCGGGGTGGTGCCCATTCTGGTCGAGCTGGACGGCGACGTAAACGGCCACAAGTTCAGCGTGTCCGGCGAGGGCGAGGGCGATGCCACCTACGGCAAGCTGACCCTGAAGTTCATTTGCACCACCGGCAAGCTGCCCGTGCCCTGGCCCACCCTCGTGACCACCCTGACCTACGGCGTGCAGTGCTTCAGCCGCTACCCCGACCACATGAAGCAGCACGACTTCTTCAAGTCCGCCATGCCCGAAGGCTACGTCCAGGAGCGCACCATTTTCTTCAAGGACGACGGCAACTACAAGACCCGCGCCGAGGTGAAGTTCGAGGGCGACACCCTGGTGAACCGCATTGAGCTGAAGGGCATTGACTTCAAGGAGGACGGCAACATTCTGGGGCACAAGCTGGAGTACAACTACAACAGCCACAACGTCTATATTATGGCCGACAAGCAGAAGAACGGCATTAAGGTGAACTTCAAGATTCGCCACAACATTGAGGACGGCAGCGTGCAGCTCGCCGACCACTACCAGCAGAACACCCCCATTGGCGACGGCCCCGTGCTGCTGCCCGACAACCACTACCTGAGCACCCAGTCCGCCCTGAGCAAAGACCCCAACGAGAAGCGCGATCACATGGTCCTGCTGGAGTTCGTGACCGCCGCCGGGATTACTCTCGGCATGGACGAGCTGTACAAGTCCTAAGGTGTACCTTCCATTTTAAAATTTTTCTTCAGATCCCGTTCAGTTTTATTTCCATTGCATCTAATGAAGCAACTGACCCTCAGGTCACAGGCAGAGAGAGTCACAGCAGCAGACTGCTCTGGGTCAGTGACAACTGTACATCAGGAGATTGTGTTGTTTTCTTCTTCACCTGCTCCTATCTATGGACTTCATTTTAGTCACCATGGAGTAAAAACATATATTCGATGATCTGCTCACATTCCTGCTCTCTACCTACTTCTTGGTATTCCGAATTGTTCAGTTAATTTAGAGAAGGCCTTTTCTGAAGGGATATCTAAAAAGCATAGGAAATCCTTGGTTCAGAGGGAAGTGGGTCTGCTTCATGGTTGTTAAGTCTACTGTCTGGCTTCTTTTGCATTTTTAAAAATAAGACGATTTAATTTTAATTTCATAGGATTTTATAGAAAAGCTCTTAATTTTCTACTAGCAGTATATAGTATCACTTCTATTCTTTTTGTTAAAGGAAAAGGAAATGTCCCCAAAGTATTAAAGAATTAAATGATACTGAAAATTTGTATGATTCAAA,1.980816566552447,0.42766246102490857,1.5531541055275384
L_to_TTA,L,TTA,CWF19L2,CWF19L2,4,1316,28,723,565,AATTTTCTTGCGGCTTCTTAGCTTTACGATGGTGAGCAAGGGCGAGGAGTTATTCACCGGGGTGGTGCCCATCTTAGTCGAGTTAGACGGCGACGTAAACGGCCACAAGTTCAGCGTGTCCGGCGAGGGCGAGGGCGATGCCACCTACGGCAAGTTAACCTTAAAGTTCATCTGCACCACCGGCAAGTTACCCGTGCCCTGGCCCACCTTAGTGACCACCTTAACCTACGGCGTGCAGTGCTTCAGCCGCTACCCCGACCACATGAAGCAGCACGACTTCTTCAAGTCCGCCATGCCCGAAGGCTACGTCCAGGAGCGCACCATCTTCTTCAAGGACGACGGCAACTACAAGACCCGCGCCGAGGTGAAGTTCGAGGGCGACACCTTAGTGAACCGCATCGAGTTAAAGGGCATCGACTTCAAGGAGGACGGCAACATCTTAGGGCACAAGTTAGAGTACAACTACAACAGCCACAACGTCTATATCATGGCCGACAAGCAGAAGAACGGCATCAAGGTGAACTTCAAGATCCGCCACAACATCGAGGACGGCAGCGTGCAGTTAGCCGACCACTACCAGCAGAACACCCCCATCGGCGACGGCCCCGTGTTATTACCCGACAACCACTACTTAAGCACCCAGTCCGCCTTAAGCAAAGACCCCAACGAGAAGCGCGATCACATGGTCTTATTAGAGTTCGTGACCGCCGCCGGGATCACTTTAGGCATGGACGAGTTATACAAGTCCTAAGGTGTACCTTCCATTTTAAAATTTTTCTTCAGATCCCGTTCAGTTTTATTTCCATTGCATCTAATGAAGCAACTGACCCTCAGGTCACAGGCAGAGAGAGTCACAGCAGCAGACTGCTCTGGGTCAGTGACAACTGTACATCAGGAGATTGTGTTGTTTTCTTCTTCACCTGCTCCTATCTATGGACTTCATTTTAGTCACCATGGAGTAAAAACATATATTCGATGATCTGCTCACATTCCTGCTCTCTACCTACTTCTTGGTATTCCGAATTGTTCAGTTAATTTAGAGAAGGCCTTTTCTGAAGGGATATCTAAAAAGCATAGGAAATCCTTGGTTCAGAGGGAAGTGGGTCTGCTTCATGGTTGTTAAGTCTACTGTCTGGCTTCTTTTGCATTTTTAAAAATAAGACGATTTAATTTTAATTTCATAGGATTTTATAGAAAAGCTCTTAATTTTCTACTAGCAGTATATAGTATCACTTCTATTCTTTTTGTTAAAGGAAAAGGAAATGTCCCCAAAGTATTAAAGAATTAAATGATACTGAAAATTTGTATGATTCAAA,1.9962514902280304,0.4314776406744232,1.5647738495536072
L_to_TTG,L,TTG,CWF19L2,CWF19L2,4,1316,28,723,565,AATTTTCTTGCGGCTTCTTAGCTTTACGATGGTGAGCAAGGGCGAGGAGTTGTTCACCGGGGTGGTGCCCATCTTGGTCGAGTTGGACGGCGACGTAAACGGCCACAAGTTCAGCGTGTCCGGCGAGGGCGAGGGCGATGCCACCTACGGCAAGTTGACCTTGAAGTTCATCTGCACCACCGGCAAGTTGCCCGTGCCCTGGCCCACCTTGGTGACCACCTTGACCTACGGCGTGCAGTGCTTCAGCCGCTACCCCGACCACATGAAGCAGCACGACTTCTTCAAGTCCGCCATGCCCGAAGGCTACGTCCAGGAGCGCACCATCTTCTTCAAGGACGACGGCAACTACAAGACCCGCGCCGAGGTGAAGTTCGAGGGCGACACCTTGGTGAACCGCATCGAGTTGAAGGGCATCGACTTCAAGGAGGACGGCAACATCTTGGGGCACAAGTTGGAGTACAACTACAACAGCCACAACGTCTATATCATGGCCGACAAGCAGAAGAACGGCATCAAGGTGAACTTCAAGATCCGCCACAACATCGAGGACGGCAGCGTGCAGTTGGCCGACCACTACCAGCAGAACACCCCCATCGGCGACGGCCCCGTGTTGTTGCCCGACAACCACTACTTGAGCACCCAGTCCGCCTTGAGCAAAGACCCCAACGAGAAGCGCGATCACATGGTCTTGTTGGAGTTCGTGACCGCCGCCGGGATCACTTTGGGCATGGACGAGTTGTACAAGTCCTAAGGTGTACCTTCCATTTTAAAATTTTTCTTCAGATCCCGTTCAGTTTTATTTCCATTGCATCTAATGAAGCAACTGACCCTCAGGTCACAGGCAGAGAGAGTCACAGCAGCAGACTGCTCTGGGTCAGTGACAACTGTACATCAGGAGATTGTGTTGTTTTCTTCTTCACCTGCTCCTATCTATGGACTTCATTTTAGTCACCATGGAGTAAAAACATATATTCGATGATCTGCTCACATTCCTGCTCTCTACCTACTTCTTGGTATTCCGAATTGTTCAGTTAATTTAGAGAAGGCCTTTTCTGAAGGGATATCTAAAAAGCATAGGAAATCCTTGGTTCAGAGGGAAGTGGGTCTGCTTCATGGTTGTTAAGTCTACTGTCTGGCTTCTTTTGCATTTTTAAAAATAAGACGATTTAATTTTAATTTCATAGGATTTTATAGAAAAGCTCTTAATTTTCTACTAGCAGTATATAGTATCACTTCTATTCTTTTTGTTAAAGGAAAAGGAAATGTCCCCAAAGTATTAAAGAATTAAATGATACTGAAAATTTGTATGATTCAAA,2.057024673024936,0.4622915867451373,1.5947330862797986
L_to_CTA,L,CTA,CWF19L2,CWF19L2,4,1316,28,723,565,AATTTTCTTGCGGCTTCTTAGCTTTACGATGGTGAGCAAGGGCGAGGAGCTATTCACCGGGGTGGTGCCCATCCTAGTCGAGCTAGACGGCGACGTAAACGGCCACAAGTTCAGCGTGTCCGGCGAGGGCGAGGGCGATGCCACCTACGGCAAGCTAACCCTAAAGTTCATCTGCACCACCGGCAAGCTACCCGTGCCCTGGCCCACCCTAGTGACCACCCTAACCTACGGCGTGCAGTGCTTCAGCCGCTACCCCGACCACATGAAGCAGCACGACTTCTTCAAGTCCGCCATGCCCGAAGGCTACGTCCAGGAGCGCACCATCTTCTTCAAGGACGACGGCAACTACAAGACCCGCGCCGAGGTGAAGTTCGAGGGCGACACCCTAGTGAACCGCATCGAGCTAAAGGGCATCGACTTCAAGGAGGACGGCAACATCCTAGGGCACAAGCTAGAGTACAACTACAACAGCCACAACGTCTATATCATGGCCGACAAGCAGAAGAACGGCATCAAGGTGAACTTCAAGATCCGCCACAACATCGAGGACGGCAGCGTGCAGCTAGCCGACCACTACCAGCAGAACACCCCCATCGGCGACGGCCCCGTGCTACTACCCGACAACCACTACCTAAGCACCCAGTCCGCCCTAAGCAAAGACCCCAACGAGAAGCGCGATCACATGGTCCTACTAGAGTTCGTGACCGCCGCCGGGATCACTCTAGGCATGGACGAGCTATACAAGTCCTAAGGTGTACCTTCCATTTTAAAATTTTTCTTCAGATCCCGTTCAGTTTTATTTCCATTGCATCTAATGAAGCAACTGACCCTCAGGTCACAGGCAGAGAGAGTCACAGCAGCAGACTGCTCTGGGTCAGTGACAACTGTACATCAGGAGATTGTGTTGTTTTCTTCTTCACCTGCTCCTATCTATGGACTTCATTTTAGTCACCATGGAGTAAAAACATATATTCGATGATCTGCTCACATTCCTGCTCTCTACCTACTTCTTGGTATTCCGAATTGTTCAGTTAATTTAGAGAAGGCCTTTTCTGAAGGGATATCTAAAAAGCATAGGAAATCCTTGGTTCAGAGGGAAGTGGGTCTGCTTCATGGTTGTTAAGTCTACTGTCTGGCTTCTTTTGCATTTTTAAAAATAAGACGATTTAATTTTAATTTCATAGGATTTTATAGAAAAGCTCTTAATTTTCTACTAGCAGTATATAGTATCACTTCTATTCTTTTTGTTAAAGGAAAAGGAAATGTCCCCAAAGTATTAAAGAATTAAATGATACTGAAAATTTGTATGATTCAAA,1.948937169287539,0.36642365200638755,1.5825135172811515
L_to_CTC,L,CTC,CWF19L2,CWF19L2,4,1316,28,723,565,AATTTTCTTGCGGCTTCTTAGCTTTACGATGGTGAGCAAGGGCGAGGAGCTCTTCACCGGGGTGGTGCCCATCCTCGTCGAGCTCGACGGCGACGTAAACGGCCACAAGTTCAGCGTGTCCGGCGAGGGCGAGGGCGATGCCACCTACGGCAAGCTCACCCTCAAGTTCATCTGCACCACCGGCAAGCTCCCCGTGCCCTGGCCCACCCTCGTGACCACCCTCACCTACGGCGTGCAGTGCTTCAGCCGCTACCCCGACCACATGAAGCAGCACGACTTCTTCAAGTCCGCCATGCCCGAAGGCTACGTCCAGGAGCGCACCATCTTCTTCAAGGACGACGGCAACTACAAGACCCGCGCCGAGGTGAAGTTCGAGGGCGACACCCTCGTGAACCGCATCGAGCTCAAGGGCATCGACTTCAAGGAGGACGGCAACATCCTCGGGCACAAGCTCGAGTACAACTACAACAGCCACAACGTCTATATCATGGCCGACAAGCAGAAGAACGGCATCAAGGTGAACTTCAAGATCCGCCACAACATCGAGGACGGCAGCGTGCAGCTCGCCGACCACTACCAGCAGAACACCCCCATCGGCGACGGCCCCGTGCTCCTCCCCGACAACCACTACCTCAGCACCCAGTCCGCCCTCAGCAAAGACCCCAACGAGAAGCGCGATCACATGGTCCTCCTCGAGTTCGTGACCGCCGCCGGGATCACTCTCGGCATGGACGAGCTCTACAAGTCCTAAGGTGTACCTTCCATTTTAAAATTTTTCTTCAGATCCCGTTCAGTTTTATTTCCATTGCATCTAATGAAGCAACTGACCCTCAGGTCACAGGCAGAGAGAGTCACAGCAGCAGACTGCTCTGGGTCAGTGACAACTGTACATCAGGAGATTGTGTTGTTTTCTTCTTCACCTGCTCCTATCTATGGACTTCATTTTAGTCACCATGGAGTAAAAACATATATTCGATGATCTGCTCACATTCCTGCTCTCTACCTACTTCTTGGTATTCCGAATTGTTCAGTTAATTTAGAGAAGGCCTTTTCTGAAGGGATATCTAAAAAGCATAGGAAATCCTTGGTTCAGAGGGAAGTGGGTCTGCTTCATGGTTGTTAAGTCTACTGTCTGGCTTCTTTTGCATTTTTAAAAATAAGACGATTTAATTTTAATTTCATAGGATTTTATAGAAAAGCTCTTAATTTTCTACTAGCAGTATATAGTATCACTTCTATTCTTTTTGTTAAAGGAAAAGGAAATGTCCCCAAAGTATTAAAGAATTAAATGATACTGAAAATTTGTATGATTCAAA,2.0166974066256342,0.34916213724971434,1.6675352693759198
L_to_CTG,L,CTG,CWF19L2,CWF19L2,4,1316,28,723,565,AATTTTCTTGCGGCTTCTTAGCTTTACGATGGTGAGCAAGGGCGAGGAGCTGTTCACCGGGGTGGTGCCCATCCTGGTCGAGCTGGACGGCGACGTAAACGGCCACAAGTTCAGCGTGTCCGGCGAGGGCGAGGGCGATGCCACCTACGGCAAGCTGACCCTGAAGTTCATCTGCACCACCGGCAAGCTGCCCGTGCCCTGGCCCACCCTGGTGACCACCCTGACCTACGGCGTGCAGTGCTTCAGCCGCTACCCCGACCACATGAAGCAGCACGACTTCTTCAAGTCCGCCATGCCCGAAGGCTACGTCCAGGAGCGCACCATCTTCTTCAAGGACGACGGCAACTACAAGACCCGCGCCGAGGTGAAGTTCGAGGGCGACACCCTGGTGAACCGCATCGAGCTGAAGGGCATCGACTTCAAGGAGGACGGCAACATCCTGGGGCACAAGCTGGAGTACAACTACAACAGCCACAACGTCTATATCATGGCCGACAAGCAGAAGAACGGCATCAAGGTGAACTTCAAGATCCGCCACAACATCGAGGACGGCAGCGTGCAGCTGGCCGACCACTACCAGCAGAACACCCCCATCGGCGACGGCCCCGTGCTGCTGCCCGACAACCACTACCTGAGCACCCAGTCCGCCCTGAGCAAAGACCCCAACGAGAAGCGCGATCACATGGTCCTGCTGGAGTTCGTGACCGCCGCCGGGATCACTCTGGGCATGGACGAGCTGTACAAGTCCTAAGGTGTACCTTCCATTTTAAAATTTTTCTTCAGATCCCGTTCAGTTTTATTTCCATTGCATCTAATGAAGCAACTGACCCTCAGGTCACAGGCAGAGAGAGTCACAGCAGCAGACTGCTCTGGGTCAGTGACAACTGTACATCAGGAGATTGTGTTGTTTTCTTCTTCACCTGCTCCTATCTATGGACTTCATTTTAGTCACCATGGAGTAAAAACATATATTCGATGATCTGCTCACATTCCTGCTCTCTACCTACTTCTTGGTATTCCGAATTGTTCAGTTAATTTAGAGAAGGCCTTTTCTGAAGGGATATCTAAAAAGCATAGGAAATCCTTGGTTCAGAGGGAAGTGGGTCTGCTTCATGGTTGTTAAGTCTACTGTCTGGCTTCTTTTGCATTTTTAAAAATAAGACGATTTAATTTTAATTTCATAGGATTTTATAGAAAAGCTCTTAATTTTCTACTAGCAGTATATAGTATCACTTCTATTCTTTTTGTTAAAGGAAAAGGAAATGTCCCCAAAGTATTAAAGAATTAAATGATACTGAAAATTTGTATGATTCAAA,2.0496397380217624,0.43289783513761926,1.6167419028841432
L_to_CTT,L,CTT,CWF19L2,CWF19L2,4,1316,28,723,565,AATTTTCTTGCGGCTTCTTAGCTTTACGATGGTGAGCAAGGGCGAGGAGCTTTTCACCGGGGTGGTGCCCATCCTTGTCGAGCTTGACGGCGACGTAAACGGCCACAAGTTCAGCGTGTCCGGCGAGGGCGAGGGCGATGCCACCTACGGCAAGCTTACCCTTAAGTTCATCTGCACCACCGGCAAGCTTCCCGTGCCCTGGCCCACCCTTGTGACCACCCTTACCTACGGCGTGCAGTGCTTCAGCCGCTACCCCGACCACATGAAGCAGCACGACTTCTTCAAGTCCGCCATGCCCGAAGGCTACGTCCAGGAGCGCACCATCTTCTTCAAGGACGACGGCAACTACAAGACCCGCGCCGAGGTGAAGTTCGAGGGCGACACCCTTGTGAACCGCATCGAGCTTAAGGGCATCGACTTCAAGGAGGACGGCAACATCCTTGGGCACAAGCTTGAGTACAACTACAACAGCCACAACGTCTATATCATGGCCGACAAGCAGAAGAACGGCATCAAGGTGAACTTCAAGATCCGCCACAACATCGAGGACGGCAGCGTGCAGCTTGCCGACCACTACCAGCAGAACACCCCCATCGGCGACGGCCCCGTGCTTCTTCCCGACAACCACTACCTTAGCACCCAGTCCGCCCTTAGCAAAGACCCCAACGAGAAGCGCGATCACATGGTCCTTCTTGAGTTCGTGACCGCCGCCGGGATCACTCTTGGCATGGACGAGCTTTACAAGTCCTAAGGTGTACCTTCCATTTTAAAATTTTTCTTCAGATCCCGTTCAGTTTTATTTCCATTGCATCTAATGAAGCAACTGACCCTCAGGTCACAGGCAGAGAGAGTCACAGCAGCAGACTGCTCTGGGTCAGTGACAACTGTACATCAGGAGATTGTGTTGTTTTCTTCTTCACCTGCTCCTATCTATGGACTTCATTTTAGTCACCATGGAGTAAAAACATATATTCGATGATCTGCTCACATTCCTGCTCTCTACCTACTTCTTGGTATTCCGAATTGTTCAGTTAATTTAGAGAAGGCCTTTTCTGAAGGGATATCTAAAAAGCATAGGAAATCCTTGGTTCAGAGGGAAGTGGGTCTGCTTCATGGTTGTTAAGTCTACTGTCTGGCTTCTTTTGCATTTTTAAAAATAAGACGATTTAATTTTAATTTCATAGGATTTTATAGAAAAGCTCTTAATTTTCTACTAGCAGTATATAGTATCACTTCTATTCTTTTTGTTAAAGGAAAAGGAAATGTCCCCAAAGTATTAAAGAATTAAATGATACTGAAAATTTGTATGATTCAAA,2.0509181647199655,0.4029824728529632,1.6479356918670023
V_to_GTA,V,GTA,CWF19L2,CWF19L2,4,1316,28,723,565,AATTTTCTTGCGGCTTCTTAGCTTTACGATGGTAAGCAAGGGCGAGGAGCTGTTCACCGGGGTAGTACCCATCCTGGTAGAGCTGGACGGCGACGTAAACGGCCACAAGTTCAGCGTATCCGGCGAGGGCGAGGGCGATGCCACCTACGGCAAGCTGACCCTGAAGTTCATCTGCACCACCGGCAAGCTGCCCGTACCCTGGCCCACCCTCGTAACCACCCTGACCTACGGCGTACAGTGCTTCAGCCGCTACCCCGACCACATGAAGCAGCACGACTTCTTCAAGTCCGCCATGCCCGAAGGCTACGTACAGGAGCGCACCATCTTCTTCAAGGACGACGGCAACTACAAGACCCGCGCCGAGGTAAAGTTCGAGGGCGACACCCTGGTAAACCGCATCGAGCTGAAGGGCATCGACTTCAAGGAGGACGGCAACATCCTGGGGCACAAGCTGGAGTACAACTACAACAGCCACAACGTATATATCATGGCCGACAAGCAGAAGAACGGCATCAAGGTAAACTTCAAGATCCGCCACAACATCGAGGACGGCAGCGTACAGCTCGCCGACCACTACCAGCAGAACACCCCCATCGGCGACGGCCCCGTACTGCTGCCCGACAACCACTACCTGAGCACCCAGTCCGCCCTGAGCAAAGACCCCAACGAGAAGCGCGATCACATGGTACTGCTGGAGTTCGTAACCGCCGCCGGGATCACTCTCGGCATGGACGAGCTGTACAAGTCCTAAGGTGTACCTTCCATTTTAAAATTTTTCTTCAGATCCCGTTCAGTTTTATTTCCATTGCATCTAATGAAGCAACTGACCCTCAGGTCACAGGCAGAGAGAGTCACAGCAGCAGACTGCTCTGGGTCAGTGACAACTGTACATCAGGAGATTGTGTTGTTTTCTTCTTCACCTGCTCCTATCTATGGACTTCATTTTAGTCACCATGGAGTAAAAACATATATTCGATGATCTGCTCACATTCCTGCTCTCTACCTACTTCTTGGTATTCCGAATTGTTCAGTTAATTTAGAGAAGGCCTTTTCTGAAGGGATATCTAAAAAGCATAGGAAATCCTTGGTTCAGAGGGAAGTGGGTCTGCTTCATGGTTGTTAAGTCTACTGTCTGGCTTCTTTTGCATTTTTAAAAATAAGACGATTTAATTTTAATTTCATAGGATTTTATAGAAAAGCTCTTAATTTTCTACTAGCAGTATATAGTATCACTTCTATTCTTTTTGTTAAAGGAAAAGGAAATGTCCCCAAAGTATTAAAGAATTAAATGATACTGAAAATTTGTATGATTCAAA,2.0413158606769795,0.4165105888480638,1.6248052718289157
V_to_GTC,V,GTC,CWF19L2,CWF19L2,4,1316,28,723,565,AATTTTCTTGCGGCTTCTTAGCTTTACGATGGTCAGCAAGGGCGAGGAGCTGTTCACCGGGGTCGTCCCCATCCTGGTCGAGCTGGACGGCGACGTCAACGGCCACAAGTTCAGCGTCTCCGGCGAGGGCGAGGGCGATGCCACCTACGGCAAGCTGACCCTGAAGTTCATCTGCACCACCGGCAAGCTGCCCGTCCCCTGGCCCACCCTCGTCACCACCCTGACCTACGGCGTCCAGTGCTTCAGCCGCTACCCCGACCACATGAAGCAGCACGACTTCTTCAAGTCCGCCATGCCCGAAGGCTACGTCCAGGAGCGCACCATCTTCTTCAAGGACGACGGCAACTACAAGACCCGCGCCGAGGTCAAGTTCGAGGGCGACACCCTGGTCAACCGCATCGAGCTGAAGGGCATCGACTTCAAGGAGGACGGCAACATCCTGGGGCACAAGCTGGAGTACAACTACAACAGCCACAACGTCTATATCATGGCCGACAAGCAGAAGAACGGCATCAAGGTCAACTTCAAGATCCGCCACAACATCGAGGACGGCAGCGTCCAGCTCGCCGACCACTACCAGCAGAACACCCCCATCGGCGACGGCCCCGTCCTGCTGCCCGACAACCACTACCTGAGCACCCAGTCCGCCCTGAGCAAAGACCCCAACGAGAAGCGCGATCACATGGTCCTGCTGGAGTTCGTCACCGCCGCCGGGATCACTCTCGGCATGGACGAGCTGTACAAGTCCTAAGGTGTACCTTCCATTTTAAAATTTTTCTTCAGATCCCGTTCAGTTTTATTTCCATTGCATCTAATGAAGCAACTGACCCTCAGGTCACAGGCAGAGAGAGTCACAGCAGCAGACTGCTCTGGGTCAGTGACAACTGTACATCAGGAGATTGTGTTGTTTTCTTCTTCACCTGCTCCTATCTATGGACTTCATTTTAGTCACCATGGAGTAAAAACATATATTCGATGATCTGCTCACATTCCTGCTCTCTACCTACTTCTTGGTATTCCGAATTGTTCAGTTAATTTAGAGAAGGCCTTTTCTGAAGGGATATCTAAAAAGCATAGGAAATCCTTGGTTCAGAGGGAAGTGGGTCTGCTTCATGGTTGTTAAGTCTACTGTCTGGCTTCTTTTGCATTTTTAAAAATAAGACGATTTAATTTTAATTTCATAGGATTTTATAGAAAAGCTCTTAATTTTCTACTAGCAGTATATAGTATCACTTCTATTCTTTTTGTTAAAGGAAAAGGAAATGTCCCCAAAGTATTAAAGAATTAAATGATACTGAAAATTTGTATGATTCAAA,2.0907877941161543,0.4619264078458065,1.6288613862703478
V_to_GTG,V,GTG,CWF19L2,CWF19L2,4,1316,28,723,565,AATTTTCTTGCGGCTTCTTAGCTTTACGATGGTGAGCAAGGGCGAGGAGCTGTTCACCGGGGTGGTGCCCATCCTGGTGGAGCTGGACGGCGACGTGAACGGCCACAAGTTCAGCGTGTCCGGCGAGGGCGAGGGCGATGCCACCTACGGCAAGCTGACCCTGAAGTTCATCTGCACCACCGGCAAGCTGCCCGTGCCCTGGCCCACCCTCGTGACCACCCTGACCTACGGCGTGCAGTGCTTCAGCCGCTACCCCGACCACATGAAGCAGCACGACTTCTTCAAGTCCGCCATGCCCGAAGGCTACGTGCAGGAGCGCACCATCTTCTTCAAGGACGACGGCAACTACAAGACCCGCGCCGAGGTGAAGTTCGAGGGCGACACCCTGGTGAACCGCATCGAGCTGAAGGGCATCGACTTCAAGGAGGACGGCAACATCCTGGGGCACAAGCTGGAGTACAACTACAACAGCCACAACGTGTATATCATGGCCGACAAGCAGAAGAACGGCATCAAGGTGAACTTCAAGATCCGCCACAACATCGAGGACGGCAGCGTGCAGCTCGCCGACCACTACCAGCAGAACACCCCCATCGGCGACGGCCCCGTGCTGCTGCCCGACAACCACTACCTGAGCACCCAGTCCGCCCTGAGCAAAGACCCCAACGAGAAGCGCGATCACATGGTGCTGCTGGAGTTCGTGACCGCCGCCGGGATCACTCTCGGCATGGACGAGCTGTACAAGTCCTAAGGTGTACCTTCCATTTTAAAATTTTTCTTCAGATCCCGTTCAGTTTTATTTCCATTGCATCTAATGAAGCAACTGACCCTCAGGTCACAGGCAGAGAGAGTCACAGCAGCAGACTGCTCTGGGTCAGTGACAACTGTACATCAGGAGATTGTGTTGTTTTCTTCTTCACCTGCTCCTATCTATGGACTTCATTTTAGTCACCATGGAGTAAAAACATATATTCGATGATCTGCTCACATTCCTGCTCTCTACCTACTTCTTGGTATTCCGAATTGTTCAGTTAATTTAGAGAAGGCCTTTTCTGAAGGGATATCTAAAAAGCATAGGAAATCCTTGGTTCAGAGGGAAGTGGGTCTGCTTCATGGTTGTTAAGTCTACTGTCTGGCTTCTTTTGCATTTTTAAAAATAAGACGATTTAATTTTAATTTCATAGGATTTTATAGAAAAGCTCTTAATTTTCTACTAGCAGTATATAGTATCACTTCTATTCTTTTTGTTAAAGGAAAAGGAAATGTCCCCAAAGTATTAAAGAATTAAATGATACTGAAAATTTGTATGATTCAAA,2.0378840337440582,0.4181435311675705,1.6197405025764877
V_to_GTT,V,GTT,CWF19L2,CWF19L2,4,1316,28,723,565,AATTTTCTTGCGGCTTCTTAGCTTTACGATGGTTAGCAAGGGCGAGGAGCTGTTCACCGGGGTTGTTCCCATCCTGGTTGAGCTGGACGGCGACGTTAACGGCCACAAGTTCAGCGTTTCCGGCGAGGGCGAGGGCGATGCCACCTACGGCAAGCTGACCCTGAAGTTCATCTGCACCACCGGCAAGCTGCCCGTTCCCTGGCCCACCCTCGTTACCACCCTGACCTACGGCGTTCAGTGCTTCAGCCGCTACCCCGACCACATGAAGCAGCACGACTTCTTCAAGTCCGCCATGCCCGAAGGCTACGTTCAGGAGCGCACCATCTTCTTCAAGGACGACGGCAACTACAAGACCCGCGCCGAGGTTAAGTTCGAGGGCGACACCCTGGTTAACCGCATCGAGCTGAAGGGCATCGACTTCAAGGAGGACGGCAACATCCTGGGGCACAAGCTGGAGTACAACTACAACAGCCACAACGTTTATATCATGGCCGACAAGCAGAAGAACGGCATCAAGGTTAACTTCAAGATCCGCCACAACATCGAGGACGGCAGCGTTCAGCTCGCCGACCACTACCAGCAGAACACCCCCATCGGCGACGGCCCCGTTCTGCTGCCCGACAACCACTACCTGAGCACCCAGTCCGCCCTGAGCAAAGACCCCAACGAGAAGCGCGATCACATGGTTCTGCTGGAGTTCGTTACCGCCGCCGGGATCACTCTCGGCATGGACGAGCTGTACAAGTCCTAAGGTGTACCTTCCATTTTAAAATTTTTCTTCAGATCCCGTTCAGTTTTATTTCCATTGCATCTAATGAAGCAACTGACCCTCAGGTCACAGGCAGAGAGAGTCACAGCAGCAGACTGCTCTGGGTCAGTGACAACTGTACATCAGGAGATTGTGTTGTTTTCTTCTTCACCTGCTCCTATCTATGGACTTCATTTTAGTCACCATGGAGTAAAAACATATATTCGATGATCTGCTCACATTCCTGCTCTCTACCTACTTCTTGGTATTCCGAATTGTTCAGTTAATTTAGAGAAGGCCTTTTCTGAAGGGATATCTAAAAAGCATAGGAAATCCTTGGTTCAGAGGGAAGTGGGTCTGCTTCATGGTTGTTAAGTCTACTGTCTGGCTTCTTTTGCATTTTTAAAAATAAGACGATTTAATTTTAATTTCATAGGATTTTATAGAAAAGCTCTTAATTTTCTACTAGCAGTATATAGTATCACTTCTATTCTTTTTGTTAAAGGAAAAGGAAATGTCCCCAAAGTATTAAAGAATTAAATGATACTGAAAATTTGTATGATTCAAA,2.111029602448864,0.45292033594305764,1.6581092665058064
F_to_TTC,F,TTC,CWF19L2,CWF19L2,4,1316,28,723,565,AATTTTCTTGCGGCTTCTTAGCTTTACGATGGTGAGCAAGGGCGAGGAGCTGTTCACCGGGGTGGTGCCCATCCTGGTCGAGCTGGACGGCGACGTAAACGGCCACAAGTTCAGCGTGTCCGGCGAGGGCGAGGGCGATGCCACCTACGGCAAGCTGACCCTGAAGTTCATCTGCACCACCGGCAAGCTGCCCGTGCCCTGGCCCACCCTCGTGACCACCCTGACCTACGGCGTGCAGTGCTTCAGCCGCTACCCCGACCACATGAAGCAGCACGACTTCTTCAAGTCCGCCATGCCCGAAGGCTACGTCCAGGAGCGCACCATCTTCTTCAAGGACGACGGCAACTACAAGACCCGCGCCGAGGTGAAGTTCGAGGGCGACACCCTGGTGAACCGCATCGAGCTGAAGGGCATCGACTTCAAGGAGGACGGCAACATCCTGGGGCACAAGCTGGAGTACAACTACAACAGCCACAACGTCTATATCATGGCCGACAAGCAGAAGAACGGCATCAAGGTGAACTTCAAGATCCGCCACAACATCGAGGACGGCAGCGTGCAGCTCGCCGACCACTACCAGCAGAACACCCCCATCGGCGACGGCCCCGTGCTGCTGCCCGACAACCACTACCTGAGCACCCAGTCCGCCCTGAGCAAAGACCCCAACGAGAAGCGCGATCACATGGTCCTGCTGGAGTTCGTGACCGCCGCCGGGATCACTCTCGGCATGGACGAGCTGTACAAGTCCTAAGGTGTACCTTCCATTTTAAAATTTTTCTTCAGATCCCGTTCAGTTTTATTTCCATTGCATCTAATGAAGCAACTGACCCTCAGGTCACAGGCAGAGAGAGTCACAGCAGCAGACTGCTCTGGGTCAGTGACAACTGTACATCAGGAGATTGTGTTGTTTTCTTCTTCACCTGCTCCTATCTATGGACTTCATTTTAGTCACCATGGAGTAAAAACATATATTCGATGATCTGCTCACATTCCTGCTCTCTACCTACTTCTTGGTATTCCGAATTGTTCAGTTAATTTAGAGAAGGCCTTTTCTGAAGGGATATCTAAAAAGCATAGGAAATCCTTGGTTCAGAGGGAAGTGGGTCTGCTTCATGGTTGTTAAGTCTACTGTCTGGCTTCTTTTGCATTTTTAAAAATAAGACGATTTAATTTTAATTTCATAGGATTTTATAGAAAAGCTCTTAATTTTCTACTAGCAGTATATAGTATCACTTCTATTCTTTTTGTTAAAGGAAAAGGAAATGTCCCCAAAGTATTAAAGAATTAAATGATACTGAAAATTTGTATGATTCAAA,2.0496397380217624,0.42766246102490857,1.6219772769968537
F_to_TTT,F,TTT,CWF19L2,CWF19L2,4,1316,28,723,565,AATTTTCTTGCGGCTTCTTAGCTTTACGATGGTGAGCAAGGGCGAGGAGCTGTTTACCGGGGTGGTGCCCATCCTGGTCGAGCTGGACGGCGACGTAAACGGCCACAAGTTTAGCGTGTCCGGCGAGGGCGAGGGCGATGCCACCTACGGCAAGCTGACCCTGAAGTTTATCTGCACCACCGGCAAGCTGCCCGTGCCCTGGCCCACCCTCGTGACCACCCTGACCTACGGCGTGCAGTGCTTTAGCCGCTACCCCGACCACATGAAGCAGCACGACTTTTTTAAGTCCGCCATGCCCGAAGGCTACGTCCAGGAGCGCACCATCTTTTTTAAGGACGACGGCAACTACAAGACCCGCGCCGAGGTGAAGTTTGAGGGCGACACCCTGGTGAACCGCATCGAGCTGAAGGGCATCGACTTTAAGGAGGACGGCAACATCCTGGGGCACAAGCTGGAGTACAACTACAACAGCCACAACGTCTATATCATGGCCGACAAGCAGAAGAACGGCATCAAGGTGAACTTTAAGATCCGCCACAACATCGAGGACGGCAGCGTGCAGCTCGCCGACCACTACCAGCAGAACACCCCCATCGGCGACGGCCCCGTGCTGCTGCCCGACAACCACTACCTGAGCACCCAGTCCGCCCTGAGCAAAGACCCCAACGAGAAGCGCGATCACATGGTCCTGCTGGAGTTTGTGACCGCCGCCGGGATCACTCTCGGCATGGACGAGCTGTACAAGTCCTAAGGTGTACCTTCCATTTTAAAATTTTTCTTCAGATCCCGTTCAGTTTTATTTCCATTGCATCTAATGAAGCAACTGACCCTCAGGTCACAGGCAGAGAGAGTCACAGCAGCAGACTGCTCTGGGTCAGTGACAACTGTACATCAGGAGATTGTGTTGTTTTCTTCTTCACCTGCTCCTATCTATGGACTTCATTTTAGTCACCATGGAGTAAAAACATATATTCGATGATCTGCTCACATTCCTGCTCTCTACCTACTTCTTGGTATTCCGAATTGTTCAGTTAATTTAGAGAAGGCCTTTTCTGAAGGGATATCTAAAAAGCATAGGAAATCCTTGGTTCAGAGGGAAGTGGGTCTGCTTCATGGTTGTTAAGTCTACTGTCTGGCTTCTTTTGCATTTTTAAAAATAAGACGATTTAATTTTAATTTCATAGGATTTTATAGAAAAGCTCTTAATTTTCTACTAGCAGTATATAGTATCACTTCTATTCTTTTTGTTAAAGGAAAAGGAAATGTCCCCAAAGTATTAAAGAATTAAATGATACTGAAAATTTGTATGATTCAAA,2.0202320055235043,0.6129510876538357,1.4072809178696688
C_to_TGC,C,TGC,CWF19L2,CWF19L2,4,1316,28,723,565,AATTTTCTTGCGGCTTCTTAGCTTTACGATGGTGAGCAAGGGCGAGGAGCTGTTCACCGGGGTGGTGCCCATCCTGGTCGAGCTGGACGGCGACGTAAACGGCCACAAGTTCAGCGTGTCCGGCGAGGGCGAGGGCGATGCCACCTACGGCAAGCTGACCCTGAAGTTCATCTGCACCACCGGCAAGCTGCCCGTGCCCTGGCCCACCCTCGTGACCACCCTGACCTACGGCGTGCAGTGCTTCAGCCGCTACCCCGACCACATGAAGCAGCACGACTTCTTCAAGTCCGCCATGCCCGAAGGCTACGTCCAGGAGCGCACCATCTTCTTCAAGGACGACGGCAACTACAAGACCCGCGCCGAGGTGAAGTTCGAGGGCGACACCCTGGTGAACCGCATCGAGCTGAAGGGCATCGACTTCAAGGAGGACGGCAACATCCTGGGGCACAAGCTGGAGTACAACTACAACAGCCACAACGTCTATATCATGGCCGACAAGCAGAAGAACGGCATCAAGGTGAACTTCAAGATCCGCCACAACATCGAGGACGGCAGCGTGCAGCTCGCCGACCACTACCAGCAGAACACCCCCATCGGCGACGGCCCCGTGCTGCTGCCCGACAACCACTACCTGAGCACCCAGTCCGCCCTGAGCAAAGACCCCAACGAGAAGCGCGATCACATGGTCCTGCTGGAGTTCGTGACCGCCGCCGGGATCACTCTCGGCATGGACGAGCTGTACAAGTCCTAAGGTGTACCTTCCATTTTAAAATTTTTCTTCAGATCCCGTTCAGTTTTATTTCCATTGCATCTAATGAAGCAACTGACCCTCAGGTCACAGGCAGAGAGAGTCACAGCAGCAGACTGCTCTGGGTCAGTGACAACTGTACATCAGGAGATTGTGTTGTTTTCTTCTTCACCTGCTCCTATCTATGGACTTCATTTTAGTCACCATGGAGTAAAAACATATATTCGATGATCTGCTCACATTCCTGCTCTCTACCTACTTCTTGGTATTCCGAATTGTTCAGTTAATTTAGAGAAGGCCTTTTCTGAAGGGATATCTAAAAAGCATAGGAAATCCTTGGTTCAGAGGGAAGTGGGTCTGCTTCATGGTTGTTAAGTCTACTGTCTGGCTTCTTTTGCATTTTTAAAAATAAGACGATTTAATTTTAATTTCATAGGATTTTATAGAAAAGCTCTTAATTTTCTACTAGCAGTATATAGTATCACTTCTATTCTTTTTGTTAAAGGAAAAGGAAATGTCCCCAAAGTATTAAAGAATTAAATGATACTGAAAATTTGTATGATTCAAA,2.0496397380217624,0.42766246102490857,1.6219772769968537
C_to_TGT,C,TGT,CWF19L2,CWF19L2,4,1316,28,723,565,AATTTTCTTGCGGCTTCTTAGCTTTACGATGGTGAGCAAGGGCGAGGAGCTGTTCACCGGGGTGGTGCCCATCCTGGTCGAGCTGGACGGCGACGTAAACGGCCACAAGTTCAGCGTGTCCGGCGAGGGCGAGGGCGATGCCACCTACGGCAAGCTGACCCTGAAGTTCATCTGTACCACCGGCAAGCTGCCCGTGCCCTGGCCCACCCTCGTGACCACCCTGACCTACGGCGTGCAGTGTTTCAGCCGCTACCCCGACCACATGAAGCAGCACGACTTCTTCAAGTCCGCCATGCCCGAAGGCTACGTCCAGGAGCGCACCATCTTCTTCAAGGACGACGGCAACTACAAGACCCGCGCCGAGGTGAAGTTCGAGGGCGACACCCTGGTGAACCGCATCGAGCTGAAGGGCATCGACTTCAAGGAGGACGGCAACATCCTGGGGCACAAGCTGGAGTACAACTACAACAGCCACAACGTCTATATCATGGCCGACAAGCAGAAGAACGGCATCAAGGTGAACTTCAAGATCCGCCACAACATCGAGGACGGCAGCGTGCAGCTCGCCGACCACTACCAGCAGAACACCCCCATCGGCGACGGCCCCGTGCTGCTGCCCGACAACCACTACCTGAGCACCCAGTCCGCCCTGAGCAAAGACCCCAACGAGAAGCGCGATCACATGGTCCTGCTGGAGTTCGTGACCGCCGCCGGGATCACTCTCGGCATGGACGAGCTGTACAAGTCCTAAGGTGTACCTTCCATTTTAAAATTTTTCTTCAGATCCCGTTCAGTTTTATTTCCATTGCATCTAATGAAGCAACTGACCCTCAGGTCACAGGCAGAGAGAGTCACAGCAGCAGACTGCTCTGGGTCAGTGACAACTGTACATCAGGAGATTGTGTTGTTTTCTTCTTCACCTGCTCCTATCTATGGACTTCATTTTAGTCACCATGGAGTAAAAACATATATTCGATGATCTGCTCACATTCCTGCTCTCTACCTACTTCTTGGTATTCCGAATTGTTCAGTTAATTTAGAGAAGGCCTTTTCTGAAGGGATATCTAAAAAGCATAGGAAATCCTTGGTTCAGAGGGAAGTGGGTCTGCTTCATGGTTGTTAAGTCTACTGTCTGGCTTCTTTTGCATTTTTAAAAATAAGACGATTTAATTTTAATTTCATAGGATTTTATAGAAAAGCTCTTAATTTTCTACTAGCAGTATATAGTATCACTTCTATTCTTTTTGTTAAAGGAAAAGGAAATGTCCCCAAAGTATTAAAGAATTAAATGATACTGAAAATTTGTATGATTCAAA,2.0888540450206388,0.42766246102490857,1.66119158399573
A_to_GCA,A,GCA,CWF19L2,CWF19L2,4,1316,28,723,565,AATTTTCTTGCGGCTTCTTAGCTTTACGATGGTGAGCAAGGGCGAGGAGCTGTTCACCGGGGTGGTGCCCATCCTGGTCGAGCTGGACGGCGACGTAAACGGCCACAAGTTCAGCGTGTCCGGCGAGGGCGAGGGCGATGCAACCTACGGCAAGCTGACCCTGAAGTTCATCTGCACCACCGGCAAGCTGCCCGTGCCCTGGCCCACCCTCGTGACCACCCTGACCTACGGCGTGCAGTGCTTCAGCCGCTACCCCGACCACATGAAGCAGCACGACTTCTTCAAGTCCGCAATGCCCGAAGGCTACGTCCAGGAGCGCACCATCTTCTTCAAGGACGACGGCAACTACAAGACCCGCGCAGAGGTGAAGTTCGAGGGCGACACCCTGGTGAACCGCATCGAGCTGAAGGGCATCGACTTCAAGGAGGACGGCAACATCCTGGGGCACAAGCTGGAGTACAACTACAACAGCCACAACGTCTATATCATGGCAGACAAGCAGAAGAACGGCATCAAGGTGAACTTCAAGATCCGCCACAACATCGAGGACGGCAGCGTGCAGCTCGCAGACCACTACCAGCAGAACACCCCCATCGGCGACGGCCCCGTGCTGCTGCCCGACAACCACTACCTGAGCACCCAGTCCGCACTGAGCAAAGACCCCAACGAGAAGCGCGATCACATGGTCCTGCTGGAGTTCGTGACCGCAGCAGGGATCACTCTCGGCATGGACGAGCTGTACAAGTCCTAAGGTGTACCTTCCATTTTAAAATTTTTCTTCAGATCCCGTTCAGTTTTATTTCCATTGCATCTAATGAAGCAACTGACCCTCAGGTCACAGGCAGAGAGAGTCACAGCAGCAGACTGCTCTGGGTCAGTGACAACTGTACATCAGGAGATTGTGTTGTTTTCTTCTTCACCTGCTCCTATCTATGGACTTCATTTTAGTCACCATGGAGTAAAAACATATATTCGATGATCTGCTCACATTCCTGCTCTCTACCTACTTCTTGGTATTCCGAATTGTTCAGTTAATTTAGAGAAGGCCTTTTCTGAAGGGATATCTAAAAAGCATAGGAAATCCTTGGTTCAGAGGGAAGTGGGTCTGCTTCATGGTTGTTAAGTCTACTGTCTGGCTTCTTTTGCATTTTTAAAAATAAGACGATTTAATTTTAATTTCATAGGATTTTATAGAAAAGCTCTTAATTTTCTACTAGCAGTATATAGTATCACTTCTATTCTTTTTGTTAAAGGAAAAGGAAATGTCCCCAAAGTATTAAAGAATTAAATGATACTGAAAATTTGTATGATTCAAA,1.9469208217124925,0.3987599281328361,1.5481608935796562
A_to_GCC,A,GCC,CWF19L2,CWF19L2,4,1316,28,723,565,AATTTTCTTGCGGCTTCTTAGCTTTACGATGGTGAGCAAGGGCGAGGAGCTGTTCACCGGGGTGGTGCCCATCCTGGTCGAGCTGGACGGCGACGTAAACGGCCACAAGTTCAGCGTGTCCGGCGAGGGCGAGGGCGATGCCACCTACGGCAAGCTGACCCTGAAGTTCATCTGCACCACCGGCAAGCTGCCCGTGCCCTGGCCCACCCTCGTGACCACCCTGACCTACGGCGTGCAGTGCTTCAGCCGCTACCCCGACCACATGAAGCAGCACGACTTCTTCAAGTCCGCCATGCCCGAAGGCTACGTCCAGGAGCGCACCATCTTCTTCAAGGACGACGGCAACTACAAGACCCGCGCCGAGGTGAAGTTCGAGGGCGACACCCTGGTGAACCGCATCGAGCTGAAGGGCATCGACTTCAAGGAGGACGGCAACATCCTGGGGCACAAGCTGGAGTACAACTACAACAGCCACAACGTCTATATCATGGCCGACAAGCAGAAGAACGGCATCAAGGTGAACTTCAAGATCCGCCACAACATCGAGGACGGCAGCGTGCAGCTCGCCGACCACTACCAGCAGAACACCCCCATCGGCGACGGCCCCGTGCTGCTGCCCGACAACCACTACCTGAGCACCCAGTCCGCCCTGAGCAAAGACCCCAACGAGAAGCGCGATCACATGGTCCTGCTGGAGTTCGTGACCGCCGCCGGGATCACTCTCGGCATGGACGAGCTGTACAAGTCCTAAGGTGTACCTTCCATTTTAAAATTTTTCTTCAGATCCCGTTCAGTTTTATTTCCATTGCATCTAATGAAGCAACTGACCCTCAGGTCACAGGCAGAGAGAGTCACAGCAGCAGACTGCTCTGGGTCAGTGACAACTGTACATCAGGAGATTGTGTTGTTTTCTTCTTCACCTGCTCCTATCTATGGACTTCATTTTAGTCACCATGGAGTAAAAACATATATTCGATGATCTGCTCACATTCCTGCTCTCTACCTACTTCTTGGTATTCCGAATTGTTCAGTTAATTTAGAGAAGGCCTTTTCTGAAGGGATATCTAAAAAGCATAGGAAATCCTTGGTTCAGAGGGAAGTGGGTCTGCTTCATGGTTGTTAAGTCTACTGTCTGGCTTCTTTTGCATTTTTAAAAATAAGACGATTTAATTTTAATTTCATAGGATTTTATAGAAAAGCTCTTAATTTTCTACTAGCAGTATATAGTATCACTTCTATTCTTTTTGTTAAAGGAAAAGGAAATGTCCCCAAAGTATTAAAGAATTAAATGATACTGAAAATTTGTATGATTCAAA,2.0496397380217624,0.42766246102490857,1.6219772769968537
A_to_GCG,A,GCG,CWF19L2,CWF19L2,4,1316,28,723,565,AATTTTCTTGCGGCTTCTTAGCTTTACGATGGTGAGCAAGGGCGAGGAGCTGTTCACCGGGGTGGTGCCCATCCTGGTCGAGCTGGACGGCGACGTAAACGGCCACAAGTTCAGCGTGTCCGGCGAGGGCGAGGGCGATGCGACCTACGGCAAGCTGACCCTGAAGTTCATCTGCACCACCGGCAAGCTGCCCGTGCCCTGGCCCACCCTCGTGACCACCCTGACCTACGGCGTGCAGTGCTTCAGCCGCTACCCCGACCACATGAAGCAGCACGACTTCTTCAAGTCCGCGATGCCCGAAGGCTACGTCCAGGAGCGCACCATCTTCTTCAAGGACGACGGCAACTACAAGACCCGCGCGGAGGTGAAGTTCGAGGGCGACACCCTGGTGAACCGCATCGAGCTGAAGGGCATCGACTTCAAGGAGGACGGCAACATCCTGGGGCACAAGCTGGAGTACAACTACAACAGCCACAACGTCTATATCATGGCGGACAAGCAGAAGAACGGCATCAAGGTGAACTTCAAGATCCGCCACAACATCGAGGACGGCAGCGTGCAGCTCGCGGACCACTACCAGCAGAACACCCCCATCGGCGACGGCCCCGTGCTGCTGCCCGACAACCACTACCTGAGCACCCAGTCCGCGCTGAGCAAAGACCCCAACGAGAAGCGCGATCACATGGTCCTGCTGGAGTTCGTGACCGCGGCGGGGATCACTCTCGGCATGGACGAGCTGTACAAGTCCTAAGGTGTACCTTCCATTTTAAAATTTTTCTTCAGATCCCGTTCAGTTTTATTTCCATTGCATCTAATGAAGCAACTGACCCTCAGGTCACAGGCAGAGAGAGTCACAGCAGCAGACTGCTCTGGGTCAGTGACAACTGTACATCAGGAGATTGTGTTGTTTTCTTCTTCACCTGCTCCTATCTATGGACTTCATTTTAGTCACCATGGAGTAAAAACATATATTCGATGATCTGCTCACATTCCTGCTCTCTACCTACTTCTTGGTATTCCGAATTGTTCAGTTAATTTAGAGAAGGCCTTTTCTGAAGGGATATCTAAAAAGCATAGGAAATCCTTGGTTCAGAGGGAAGTGGGTCTGCTTCATGGTTGTTAAGTCTACTGTCTGGCTTCTTTTGCATTTTTAAAAATAAGACGATTTAATTTTAATTTCATAGGATTTTATAGAAAAGCTCTTAATTTTCTACTAGCAGTATATAGTATCACTTCTATTCTTTTTGTTAAAGGAAAAGGAAATGTCCCCAAAGTATTAAAGAATTAAATGATACTGAAAATTTGTATGATTCAAA,2.0468798087601354,0.3738373291557401,1.6730424796043954
A_to_GCT,A,GCT,CWF19L2,CWF19L2,4,1316,28,723,565,AATTTTCTTGCGGCTTCTTAGCTTTACGATGGTGAGCAAGGGCGAGGAGCTGTTCACCGGGGTGGTGCCCATCCTGGTCGAGCTGGACGGCGACGTAAACGGCCACAAGTTCAGCGTGTCCGGCGAGGGCGAGGGCGATGCTACCTACGGCAAGCTGACCCTGAAGTTCATCTGCACCACCGGCAAGCTGCCCGTGCCCTGGCCCACCCTCGTGACCACCCTGACCTACGGCGTGCAGTGCTTCAGCCGCTACCCCGACCACATGAAGCAGCACGACTTCTTCAAGTCCGCTATGCCCGAAGGCTACGTCCAGGAGCGCACCATCTTCTTCAAGGACGACGGCAACTACAAGACCCGCGCTGAGGTGAAGTTCGAGGGCGACACCCTGGTGAACCGCATCGAGCTGAAGGGCATCGACTTCAAGGAGGACGGCAACATCCTGGGGCACAAGCTGGAGTACAACTACAACAGCCACAACGTCTATATCATGGCTGACAAGCAGAAGAACGGCATCAAGGTGAACTTCAAGATCCGCCACAACATCGAGGACGGCAGCGTGCAGCTCGCTGACCACTACCAGCAGAACACCCCCATCGGCGACGGCCCCGTGCTGCTGCCCGACAACCACTACCTGAGCACCCAGTCCGCTCTGAGCAAAGACCCCAACGAGAAGCGCGATCACATGGTCCTGCTGGAGTTCGTGACCGCTGCTGGGATCACTCTCGGCATGGACGAGCTGTACAAGTCCTAAGGTGTACCTTCCATTTTAAAATTTTTCTTCAGATCCCGTTCAGTTTTATTTCCATTGCATCTAATGAAGCAACTGACCCTCAGGTCACAGGCAGAGAGAGTCACAGCAGCAGACTGCTCTGGGTCAGTGACAACTGTACATCAGGAGATTGTGTTGTTTTCTTCTTCACCTGCTCCTATCTATGGACTTCATTTTAGTCACCATGGAGTAAAAACATATATTCGATGATCTGCTCACATTCCTGCTCTCTACCTACTTCTTGGTATTCCGAATTGTTCAGTTAATTTAGAGAAGGCCTTTTCTGAAGGGATATCTAAAAAGCATAGGAAATCCTTGGTTCAGAGGGAAGTGGGTCTGCTTCATGGTTGTTAAGTCTACTGTCTGGCTTCTTTTGCATTTTTAAAAATAAGACGATTTAATTTTAATTTCATAGGATTTTATAGAAAAGCTCTTAATTTTCTACTAGCAGTATATAGTATCACTTCTATTCTTTTTGTTAAAGGAAAAGGAAATGTCCCCAAAGTATTAAAGAATTAAATGATACTGAAAATTTGTATGATTCAAA,2.1683822354599105,0.37380342132472494,1.7945788141351855
G_to_GGA,G,GGA,CWF19L2,CWF19L2,4,1316,28,723,565,AATTTTCTTGCGGCTTCTTAGCTTTACGATGGTGAGCAAGGGAGAGGAGCTGTTCACCGGAGTGGTGCCCATCCTGGTCGAGCTGGACGGAGACGTAAACGGACACAAGTTCAGCGTGTCCGGAGAGGGAGAGGGAGATGCCACCTACGGAAAGCTGACCCTGAAGTTCATCTGCACCACCGGAAAGCTGCCCGTGCCCTGGCCCACCCTCGTGACCACCCTGACCTACGGAGTGCAGTGCTTCAGCCGCTACCCCGACCACATGAAGCAGCACGACTTCTTCAAGTCCGCCATGCCCGAAGGATACGTCCAGGAGCGCACCATCTTCTTCAAGGACGACGGAAACTACAAGACCCGCGCCGAGGTGAAGTTCGAGGGAGACACCCTGGTGAACCGCATCGAGCTGAAGGGAATCGACTTCAAGGAGGACGGAAACATCCTGGGACACAAGCTGGAGTACAACTACAACAGCCACAACGTCTATATCATGGCCGACAAGCAGAAGAACGGAATCAAGGTGAACTTCAAGATCCGCCACAACATCGAGGACGGAAGCGTGCAGCTCGCCGACCACTACCAGCAGAACACCCCCATCGGAGACGGACCCGTGCTGCTGCCCGACAACCACTACCTGAGCACCCAGTCCGCCCTGAGCAAAGACCCCAACGAGAAGCGCGATCACATGGTCCTGCTGGAGTTCGTGACCGCCGCCGGAATCACTCTCGGAATGGACGAGCTGTACAAGTCCTAAGGTGTACCTTCCATTTTAAAATTTTTCTTCAGATCCCGTTCAGTTTTATTTCCATTGCATCTAATGAAGCAACTGACCCTCAGGTCACAGGCAGAGAGAGTCACAGCAGCAGACTGCTCTGGGTCAGTGACAACTGTACATCAGGAGATTGTGTTGTTTTCTTCTTCACCTGCTCCTATCTATGGACTTCATTTTAGTCACCATGGAGTAAAAACATATATTCGATGATCTGCTCACATTCCTGCTCTCTACCTACTTCTTGGTATTCCGAATTGTTCAGTTAATTTAGAGAAGGCCTTTTCTGAAGGGATATCTAAAAAGCATAGGAAATCCTTGGTTCAGAGGGAAGTGGGTCTGCTTCATGGTTGTTAAGTCTACTGTCTGGCTTCTTTTGCATTTTTAAAAATAAGACGATTTAATTTTAATTTCATAGGATTTTATAGAAAAGCTCTTAATTTTCTACTAGCAGTATATAGTATCACTTCTATTCTTTTTGTTAAAGGAAAAGGAAATGTCCCCAAAGTATTAAAGAATTAAATGATACTGAAAATTTGTATGATTCAAA,1.9990753182893508,0.4522288927902023,1.5468464254991485
G_to_GGC,G,GGC,CWF19L2,CWF19L2,4,1316,28,723,565,AATTTTCTTGCGGCTTCTTAGCTTTACGATGGTGAGCAAGGGCGAGGAGCTGTTCACCGGCGTGGTGCCCATCCTGGTCGAGCTGGACGGCGACGTAAACGGCCACAAGTTCAGCGTGTCCGGCGAGGGCGAGGGCGATGCCACCTACGGCAAGCTGACCCTGAAGTTCATCTGCACCACCGGCAAGCTGCCCGTGCCCTGGCCCACCCTCGTGACCACCCTGACCTACGGCGTGCAGTGCTTCAGCCGCTACCCCGACCACATGAAGCAGCACGACTTCTTCAAGTCCGCCATGCCCGAAGGCTACGTCCAGGAGCGCACCATCTTCTTCAAGGACGACGGCAACTACAAGACCCGCGCCGAGGTGAAGTTCGAGGGCGACACCCTGGTGAACCGCATCGAGCTGAAGGGCATCGACTTCAAGGAGGACGGCAACATCCTGGGCCACAAGCTGGAGTACAACTACAACAGCCACAACGTCTATATCATGGCCGACAAGCAGAAGAACGGCATCAAGGTGAACTTCAAGATCCGCCACAACATCGAGGACGGCAGCGTGCAGCTCGCCGACCACTACCAGCAGAACACCCCCATCGGCGACGGCCCCGTGCTGCTGCCCGACAACCACTACCTGAGCACCCAGTCCGCCCTGAGCAAAGACCCCAACGAGAAGCGCGATCACATGGTCCTGCTGGAGTTCGTGACCGCCGCCGGCATCACTCTCGGCATGGACGAGCTGTACAAGTCCTAAGGTGTACCTTCCATTTTAAAATTTTTCTTCAGATCCCGTTCAGTTTTATTTCCATTGCATCTAATGAAGCAACTGACCCTCAGGTCACAGGCAGAGAGAGTCACAGCAGCAGACTGCTCTGGGTCAGTGACAACTGTACATCAGGAGATTGTGTTGTTTTCTTCTTCACCTGCTCCTATCTATGGACTTCATTTTAGTCACCATGGAGTAAAAACATATATTCGATGATCTGCTCACATTCCTGCTCTCTACCTACTTCTTGGTATTCCGAATTGTTCAGTTAATTTAGAGAAGGCCTTTTCTGAAGGGATATCTAAAAAGCATAGGAAATCCTTGGTTCAGAGGGAAGTGGGTCTGCTTCATGGTTGTTAAGTCTACTGTCTGGCTTCTTTTGCATTTTTAAAAATAAGACGATTTAATTTTAATTTCATAGGATTTTATAGAAAAGCTCTTAATTTTCTACTAGCAGTATATAGTATCACTTCTATTCTTTTTGTTAAAGGAAAAGGAAATGTCCCCAAAGTATTAAAGAATTAAATGATACTGAAAATTTGTATGATTCAAA,2.0543803537677148,0.42766246102490857,1.626717892742806
G_to_GGG,G,GGG,CWF19L2,CWF19L2,4,1316,28,723,565,AATTTTCTTGCGGCTTCTTAGCTTTACGATGGTGAGCAAGGGGGAGGAGCTGTTCACCGGGGTGGTGCCCATCCTGGTCGAGCTGGACGGGGACGTAAACGGGCACAAGTTCAGCGTGTCCGGGGAGGGGGAGGGGGATGCCACCTACGGGAAGCTGACCCTGAAGTTCATCTGCACCACCGGGAAGCTGCCCGTGCCCTGGCCCACCCTCGTGACCACCCTGACCTACGGGGTGCAGTGCTTCAGCCGCTACCCCGACCACATGAAGCAGCACGACTTCTTCAAGTCCGCCATGCCCGAAGGGTACGTCCAGGAGCGCACCATCTTCTTCAAGGACGACGGGAACTACAAGACCCGCGCCGAGGTGAAGTTCGAGGGGGACACCCTGGTGAACCGCATCGAGCTGAAGGGGATCGACTTCAAGGAGGACGGGAACATCCTGGGGCACAAGCTGGAGTACAACTACAACAGCCACAACGTCTATATCATGGCCGACAAGCAGAAGAACGGGATCAAGGTGAACTTCAAGATCCGCCACAACATCGAGGACGGGAGCGTGCAGCTCGCCGACCACTACCAGCAGAACACCCCCATCGGGGACGGGCCCGTGCTGCTGCCCGACAACCACTACCTGAGCACCCAGTCCGCCCTGAGCAAAGACCCCAACGAGAAGCGCGATCACATGGTCCTGCTGGAGTTCGTGACCGCCGCCGGGATCACTCTCGGGATGGACGAGCTGTACAAGTCCTAAGGTGTACCTTCCATTTTAAAATTTTTCTTCAGATCCCGTTCAGTTTTATTTCCATTGCATCTAATGAAGCAACTGACCCTCAGGTCACAGGCAGAGAGAGTCACAGCAGCAGACTGCTCTGGGTCAGTGACAACTGTACATCAGGAGATTGTGTTGTTTTCTTCTTCACCTGCTCCTATCTATGGACTTCATTTTAGTCACCATGGAGTAAAAACATATATTCGATGATCTGCTCACATTCCTGCTCTCTACCTACTTCTTGGTATTCCGAATTGTTCAGTTAATTTAGAGAAGGCCTTTTCTGAAGGGATATCTAAAAAGCATAGGAAATCCTTGGTTCAGAGGGAAGTGGGTCTGCTTCATGGTTGTTAAGTCTACTGTCTGGCTTCTTTTGCATTTTTAAAAATAAGACGATTTAATTTTAATTTCATAGGATTTTATAGAAAAGCTCTTAATTTTCTACTAGCAGTATATAGTATCACTTCTATTCTTTTTGTTAAAGGAAAAGGAAATGTCCCCAAAGTATTAAAGAATTAAATGATACTGAAAATTTGTATGATTCAAA,2.0032447118092276,0.43283096906929164,1.570413742739936
G_to_GGT,G,GGT,CWF19L2,CWF19L2,4,1316,28,723,565,AATTTTCTTGCGGCTTCTTAGCTTTACGATGGTGAGCAAGGGTGAGGAGCTGTTCACCGGTGTGGTGCCCATCCTGGTCGAGCTGGACGGTGACGTAAACGGTCACAAGTTCAGCGTGTCCGGTGAGGGTGAGGGTGATGCCACCTACGGTAAGCTGACCCTGAAGTTCATCTGCACCACCGGTAAGCTGCCCGTGCCCTGGCCCACCCTCGTGACCACCCTGACCTACGGTGTGCAGTGCTTCAGCCGCTACCCCGACCACATGAAGCAGCACGACTTCTTCAAGTCCGCCATGCCCGAAGGTTACGTCCAGGAGCGCACCATCTTCTTCAAGGACGACGGTAACTACAAGACCCGCGCCGAGGTGAAGTTCGAGGGTGACACCCTGGTGAACCGCATCGAGCTGAAGGGTATCGACTTCAAGGAGGACGGTAACATCCTGGGTCACAAGCTGGAGTACAACTACAACAGCCACAACGTCTATATCATGGCCGACAAGCAGAAGAACGGTATCAAGGTGAACTTCAAGATCCGCCACAACATCGAGGACGGTAGCGTGCAGCTCGCCGACCACTACCAGCAGAACACCCCCATCGGTGACGGTCCCGTGCTGCTGCCCGACAACCACTACCTGAGCACCCAGTCCGCCCTGAGCAAAGACCCCAACGAGAAGCGCGATCACATGGTCCTGCTGGAGTTCGTGACCGCCGCCGGTATCACTCTCGGTATGGACGAGCTGTACAAGTCCTAAGGTGTACCTTCCATTTTAAAATTTTTCTTCAGATCCCGTTCAGTTTTATTTCCATTGCATCTAATGAAGCAACTGACCCTCAGGTCACAGGCAGAGAGAGTCACAGCAGCAGACTGCTCTGGGTCAGTGACAACTGTACATCAGGAGATTGTGTTGTTTTCTTCTTCACCTGCTCCTATCTATGGACTTCATTTTAGTCACCATGGAGTAAAAACATATATTCGATGATCTGCTCACATTCCTGCTCTCTACCTACTTCTTGGTATTCCGAATTGTTCAGTTAATTTAGAGAAGGCCTTTTCTGAAGGGATATCTAAAAAGCATAGGAAATCCTTGGTTCAGAGGGAAGTGGGTCTGCTTCATGGTTGTTAAGTCTACTGTCTGGCTTCTTTTGCATTTTTAAAAATAAGACGATTTAATTTTAATTTCATAGGATTTTATAGAAAAGCTCTTAATTTTCTACTAGCAGTATATAGTATCACTTCTATTCTTTTTGTTAAAGGAAAAGGAAATGTCCCCAAAGTATTAAAGAATTAAATGATACTGAAAATTTGTATGATTCAAA,2.126462780957355,0.3755336789204502,1.7509291020369047
P_to_CCA,P,CCA,CWF19L2,CWF19L2,4,1316,28,723,565,AATTTTCTTGCGGCTTCTTAGCTTTACGATGGTGAGCAAGGGCGAGGAGCTGTTCACCGGGGTGGTGCCAATCCTGGTCGAGCTGGACGGCGACGTAAACGGCCACAAGTTCAGCGTGTCCGGCGAGGGCGAGGGCGATGCCACCTACGGCAAGCTGACCCTGAAGTTCATCTGCACCACCGGCAAGCTGCCAGTGCCATGGCCAACCCTCGTGACCACCCTGACCTACGGCGTGCAGTGCTTCAGCCGCTACCCAGACCACATGAAGCAGCACGACTTCTTCAAGTCCGCCATGCCAGAAGGCTACGTCCAGGAGCGCACCATCTTCTTCAAGGACGACGGCAACTACAAGACCCGCGCCGAGGTGAAGTTCGAGGGCGACACCCTGGTGAACCGCATCGAGCTGAAGGGCATCGACTTCAAGGAGGACGGCAACATCCTGGGGCACAAGCTGGAGTACAACTACAACAGCCACAACGTCTATATCATGGCCGACAAGCAGAAGAACGGCATCAAGGTGAACTTCAAGATCCGCCACAACATCGAGGACGGCAGCGTGCAGCTCGCCGACCACTACCAGCAGAACACCCCAATCGGCGACGGCCCAGTGCTGCTGCCAGACAACCACTACCTGAGCACCCAGTCCGCCCTGAGCAAAGACCCAAACGAGAAGCGCGATCACATGGTCCTGCTGGAGTTCGTGACCGCCGCCGGGATCACTCTCGGCATGGACGAGCTGTACAAGTCCTAAGGTGTACCTTCCATTTTAAAATTTTTCTTCAGATCCCGTTCAGTTTTATTTCCATTGCATCTAATGAAGCAACTGACCCTCAGGTCACAGGCAGAGAGAGTCACAGCAGCAGACTGCTCTGGGTCAGTGACAACTGTACATCAGGAGATTGTGTTGTTTTCTTCTTCACCTGCTCCTATCTATGGACTTCATTTTAGTCACCATGGAGTAAAAACATATATTCGATGATCTGCTCACATTCCTGCTCTCTACCTACTTCTTGGTATTCCGAATTGTTCAGTTAATTTAGAGAAGGCCTTTTCTGAAGGGATATCTAAAAAGCATAGGAAATCCTTGGTTCAGAGGGAAGTGGGTCTGCTTCATGGTTGTTAAGTCTACTGTCTGGCTTCTTTTGCATTTTTAAAAATAAGACGATTTAATTTTAATTTCATAGGATTTTATAGAAAAGCTCTTAATTTTCTACTAGCAGTATATAGTATCACTTCTATTCTTTTTGTTAAAGGAAAAGGAAATGTCCCCAAAGTATTAAAGAATTAAATGATACTGAAAATTTGTATGATTCAAA,2.0135458252704224,0.5189693597090097,1.4945764655614127
P_to_CCC,P,CCC,CWF19L2,CWF19L2,4,1316,28,723,565,AATTTTCTTGCGGCTTCTTAGCTTTACGATGGTGAGCAAGGGCGAGGAGCTGTTCACCGGGGTGGTGCCCATCCTGGTCGAGCTGGACGGCGACGTAAACGGCCACAAGTTCAGCGTGTCCGGCGAGGGCGAGGGCGATGCCACCTACGGCAAGCTGACCCTGAAGTTCATCTGCACCACCGGCAAGCTGCCCGTGCCCTGGCCCACCCTCGTGACCACCCTGACCTACGGCGTGCAGTGCTTCAGCCGCTACCCCGACCACATGAAGCAGCACGACTTCTTCAAGTCCGCCATGCCCGAAGGCTACGTCCAGGAGCGCACCATCTTCTTCAAGGACGACGGCAACTACAAGACCCGCGCCGAGGTGAAGTTCGAGGGCGACACCCTGGTGAACCGCATCGAGCTGAAGGGCATCGACTTCAAGGAGGACGGCAACATCCTGGGGCACAAGCTGGAGTACAACTACAACAGCCACAACGTCTATATCATGGCCGACAAGCAGAAGAACGGCATCAAGGTGAACTTCAAGATCCGCCACAACATCGAGGACGGCAGCGTGCAGCTCGCCGACCACTACCAGCAGAACACCCCCATCGGCGACGGCCCCGTGCTGCTGCCCGACAACCACTACCTGAGCACCCAGTCCGCCCTGAGCAAAGACCCCAACGAGAAGCGCGATCACATGGTCCTGCTGGAGTTCGTGACCGCCGCCGGGATCACTCTCGGCATGGACGAGCTGTACAAGTCCTAAGGTGTACCTTCCATTTTAAAATTTTTCTTCAGATCCCGTTCAGTTTTATTTCCATTGCATCTAATGAAGCAACTGACCCTCAGGTCACAGGCAGAGAGAGTCACAGCAGCAGACTGCTCTGGGTCAGTGACAACTGTACATCAGGAGATTGTGTTGTTTTCTTCTTCACCTGCTCCTATCTATGGACTTCATTTTAGTCACCATGGAGTAAAAACATATATTCGATGATCTGCTCACATTCCTGCTCTCTACCTACTTCTTGGTATTCCGAATTGTTCAGTTAATTTAGAGAAGGCCTTTTCTGAAGGGATATCTAAAAAGCATAGGAAATCCTTGGTTCAGAGGGAAGTGGGTCTGCTTCATGGTTGTTAAGTCTACTGTCTGGCTTCTTTTGCATTTTTAAAAATAAGACGATTTAATTTTAATTTCATAGGATTTTATAGAAAAGCTCTTAATTTTCTACTAGCAGTATATAGTATCACTTCTATTCTTTTTGTTAAAGGAAAAGGAAATGTCCCCAAAGTATTAAAGAATTAAATGATACTGAAAATTTGTATGATTCAAA,2.0496397380217624,0.42766246102490857,1.6219772769968537
P_to_CCG,P,CCG,CWF19L2,CWF19L2,4,1316,28,723,565,AATTTTCTTGCGGCTTCTTAGCTTTACGATGGTGAGCAAGGGCGAGGAGCTGTTCACCGGGGTGGTGCCGATCCTGGTCGAGCTGGACGGCGACGTAAACGGCCACAAGTTCAGCGTGTCCGGCGAGGGCGAGGGCGATGCCACCTACGGCAAGCTGACCCTGAAGTTCATCTGCACCACCGGCAAGCTGCCGGTGCCGTGGCCGACCCTCGTGACCACCCTGACCTACGGCGTGCAGTGCTTCAGCCGCTACCCGGACCACATGAAGCAGCACGACTTCTTCAAGTCCGCCATGCCGGAAGGCTACGTCCAGGAGCGCACCATCTTCTTCAAGGACGACGGCAACTACAAGACCCGCGCCGAGGTGAAGTTCGAGGGCGACACCCTGGTGAACCGCATCGAGCTGAAGGGCATCGACTTCAAGGAGGACGGCAACATCCTGGGGCACAAGCTGGAGTACAACTACAACAGCCACAACGTCTATATCATGGCCGACAAGCAGAAGAACGGCATCAAGGTGAACTTCAAGATCCGCCACAACATCGAGGACGGCAGCGTGCAGCTCGCCGACCACTACCAGCAGAACACCCCGATCGGCGACGGCCCGGTGCTGCTGCCGGACAACCACTACCTGAGCACCCAGTCCGCCCTGAGCAAAGACCCGAACGAGAAGCGCGATCACATGGTCCTGCTGGAGTTCGTGACCGCCGCCGGGATCACTCTCGGCATGGACGAGCTGTACAAGTCCTAAGGTGTACCTTCCATTTTAAAATTTTTCTTCAGATCCCGTTCAGTTTTATTTCCATTGCATCTAATGAAGCAACTGACCCTCAGGTCACAGGCAGAGAGAGTCACAGCAGCAGACTGCTCTGGGTCAGTGACAACTGTACATCAGGAGATTGTGTTGTTTTCTTCTTCACCTGCTCCTATCTATGGACTTCATTTTAGTCACCATGGAGTAAAAACATATATTCGATGATCTGCTCACATTCCTGCTCTCTACCTACTTCTTGGTATTCCGAATTGTTCAGTTAATTTAGAGAAGGCCTTTTCTGAAGGGATATCTAAAAAGCATAGGAAATCCTTGGTTCAGAGGGAAGTGGGTCTGCTTCATGGTTGTTAAGTCTACTGTCTGGCTTCTTTTGCATTTTTAAAAATAAGACGATTTAATTTTAATTTCATAGGATTTTATAGAAAAGCTCTTAATTTTCTACTAGCAGTATATAGTATCACTTCTATTCTTTTTGTTAAAGGAAAAGGAAATGTCCCCAAAGTATTAAAGAATTAAATGATACTGAAAATTTGTATGATTCAAA,2.0496397380217624,0.5166816545628157,1.5329580834589467
P_to_CCT,P,CCT,CWF19L2,CWF19L2,4,1316,28,723,565,AATTTTCTTGCGGCTTCTTAGCTTTACGATGGTGAGCAAGGGCGAGGAGCTGTTCACCGGGGTGGTGCCTATCCTGGTCGAGCTGGACGGCGACGTAAACGGCCACAAGTTCAGCGTGTCCGGCGAGGGCGAGGGCGATGCCACCTACGGCAAGCTGACCCTGAAGTTCATCTGCACCACCGGCAAGCTGCCTGTGCCTTGGCCTACCCTCGTGACCACCCTGACCTACGGCGTGCAGTGCTTCAGCCGCTACCCTGACCACATGAAGCAGCACGACTTCTTCAAGTCCGCCATGCCTGAAGGCTACGTCCAGGAGCGCACCATCTTCTTCAAGGACGACGGCAACTACAAGACCCGCGCCGAGGTGAAGTTCGAGGGCGACACCCTGGTGAACCGCATCGAGCTGAAGGGCATCGACTTCAAGGAGGACGGCAACATCCTGGGGCACAAGCTGGAGTACAACTACAACAGCCACAACGTCTATATCATGGCCGACAAGCAGAAGAACGGCATCAAGGTGAACTTCAAGATCCGCCACAACATCGAGGACGGCAGCGTGCAGCTCGCCGACCACTACCAGCAGAACACCCCTATCGGCGACGGCCCTGTGCTGCTGCCTGACAACCACTACCTGAGCACCCAGTCCGCCCTGAGCAAAGACCCTAACGAGAAGCGCGATCACATGGTCCTGCTGGAGTTCGTGACCGCCGCCGGGATCACTCTCGGCATGGACGAGCTGTACAAGTCCTAAGGTGTACCTTCCATTTTAAAATTTTTCTTCAGATCCCGTTCAGTTTTATTTCCATTGCATCTAATGAAGCAACTGACCCTCAGGTCACAGGCAGAGAGAGTCACAGCAGCAGACTGCTCTGGGTCAGTGACAACTGTACATCAGGAGATTGTGTTGTTTTCTTCTTCACCTGCTCCTATCTATGGACTTCATTTTAGTCACCATGGAGTAAAAACATATATTCGATGATCTGCTCACATTCCTGCTCTCTACCTACTTCTTGGTATTCCGAATTGTTCAGTTAATTTAGAGAAGGCCTTTTCTGAAGGGATATCTAAAAAGCATAGGAAATCCTTGGTTCAGAGGGAAGTGGGTCTGCTTCATGGTTGTTAAGTCTACTGTCTGGCTTCTTTTGCATTTTTAAAAATAAGACGATTTAATTTTAATTTCATAGGATTTTATAGAAAAGCTCTTAATTTTCTACTAGCAGTATATAGTATCACTTCTATTCTTTTTGTTAAAGGAAAAGGAAATGTCCCCAAAGTATTAAAGAATTAAATGATACTGAAAATTTGTATGATTCAAA,2.052045910540359,0.537578667583308,1.5144672429570507
T_to_ACA,T,ACA,CWF19L2,CWF19L2,4,1316,28,723,565,AATTTTCTTGCGGCTTCTTAGCTTTACGATGGTGAGCAAGGGCGAGGAGCTGTTCACAGGGGTGGTGCCCATCCTGGTCGAGCTGGACGGCGACGTAAACGGCCACAAGTTCAGCGTGTCCGGCGAGGGCGAGGGCGATGCCACATACGGCAAGCTGACACTGAAGTTCATCTGCACAACAGGCAAGCTGCCCGTGCCCTGGCCCACACTCGTGACAACACTGACATACGGCGTGCAGTGCTTCAGCCGCTACCCCGACCACATGAAGCAGCACGACTTCTTCAAGTCCGCCATGCCCGAAGGCTACGTCCAGGAGCGCACAATCTTCTTCAAGGACGACGGCAACTACAAGACACGCGCCGAGGTGAAGTTCGAGGGCGACACACTGGTGAACCGCATCGAGCTGAAGGGCATCGACTTCAAGGAGGACGGCAACATCCTGGGGCACAAGCTGGAGTACAACTACAACAGCCACAACGTCTATATCATGGCCGACAAGCAGAAGAACGGCATCAAGGTGAACTTCAAGATCCGCCACAACATCGAGGACGGCAGCGTGCAGCTCGCCGACCACTACCAGCAGAACACACCCATCGGCGACGGCCCCGTGCTGCTGCCCGACAACCACTACCTGAGCACACAGTCCGCCCTGAGCAAAGACCCCAACGAGAAGCGCGATCACATGGTCCTGCTGGAGTTCGTGACAGCCGCCGGGATCACACTCGGCATGGACGAGCTGTACAAGTCCTAAGGTGTACCTTCCATTTTAAAATTTTTCTTCAGATCCCGTTCAGTTTTATTTCCATTGCATCTAATGAAGCAACTGACCCTCAGGTCACAGGCAGAGAGAGTCACAGCAGCAGACTGCTCTGGGTCAGTGACAACTGTACATCAGGAGATTGTGTTGTTTTCTTCTTCACCTGCTCCTATCTATGGACTTCATTTTAGTCACCATGGAGTAAAAACATATATTCGATGATCTGCTCACATTCCTGCTCTCTACCTACTTCTTGGTATTCCGAATTGTTCAGTTAATTTAGAGAAGGCCTTTTCTGAAGGGATATCTAAAAAGCATAGGAAATCCTTGGTTCAGAGGGAAGTGGGTCTGCTTCATGGTTGTTAAGTCTACTGTCTGGCTTCTTTTGCATTTTTAAAAATAAGACGATTTAATTTTAATTTCATAGGATTTTATAGAAAAGCTCTTAATTTTCTACTAGCAGTATATAGTATCACTTCTATTCTTTTTGTTAAAGGAAAAGGAAATGTCCCCAAAGTATTAAAGAATTAAATGATACTGAAAATTTGTATGATTCAAA,1.866876473807941,0.4758805490313757,1.3909959247765653
T_to_ACC,T,ACC,CWF19L2,CWF19L2,4,1316,28,723,565,AATTTTCTTGCGGCTTCTTAGCTTTACGATGGTGAGCAAGGGCGAGGAGCTGTTCACCGGGGTGGTGCCCATCCTGGTCGAGCTGGACGGCGACGTAAACGGCCACAAGTTCAGCGTGTCCGGCGAGGGCGAGGGCGATGCCACCTACGGCAAGCTGACCCTGAAGTTCATCTGCACCACCGGCAAGCTGCCCGTGCCCTGGCCCACCCTCGTGACCACCCTGACCTACGGCGTGCAGTGCTTCAGCCGCTACCCCGACCACATGAAGCAGCACGACTTCTTCAAGTCCGCCATGCCCGAAGGCTACGTCCAGGAGCGCACCATCTTCTTCAAGGACGACGGCAACTACAAGACCCGCGCCGAGGTGAAGTTCGAGGGCGACACCCTGGTGAACCGCATCGAGCTGAAGGGCATCGACTTCAAGGAGGACGGCAACATCCTGGGGCACAAGCTGGAGTACAACTACAACAGCCACAACGTCTATATCATGGCCGACAAGCAGAAGAACGGCATCAAGGTGAACTTCAAGATCCGCCACAACATCGAGGACGGCAGCGTGCAGCTCGCCGACCACTACCAGCAGAACACCCCCATCGGCGACGGCCCCGTGCTGCTGCCCGACAACCACTACCTGAGCACCCAGTCCGCCCTGAGCAAAGACCCCAACGAGAAGCGCGATCACATGGTCCTGCTGGAGTTCGTGACCGCCGCCGGGATCACCCTCGGCATGGACGAGCTGTACAAGTCCTAAGGTGTACCTTCCATTTTAAAATTTTTCTTCAGATCCCGTTCAGTTTTATTTCCATTGCATCTAATGAAGCAACTGACCCTCAGGTCACAGGCAGAGAGAGTCACAGCAGCAGACTGCTCTGGGTCAGTGACAACTGTACATCAGGAGATTGTGTTGTTTTCTTCTTCACCTGCTCCTATCTATGGACTTCATTTTAGTCACCATGGAGTAAAAACATATATTCGATGATCTGCTCACATTCCTGCTCTCTACCTACTTCTTGGTATTCCGAATTGTTCAGTTAATTTAGAGAAGGCCTTTTCTGAAGGGATATCTAAAAAGCATAGGAAATCCTTGGTTCAGAGGGAAGTGGGTCTGCTTCATGGTTGTTAAGTCTACTGTCTGGCTTCTTTTGCATTTTTAAAAATAAGACGATTTAATTTTAATTTCATAGGATTTTATAGAAAAGCTCTTAATTTTCTACTAGCAGTATATAGTATCACTTCTATTCTTTTTGTTAAAGGAAAAGGAAATGTCCCCAAAGTATTAAAGAATTAAATGATACTGAAAATTTGTATGATTCAAA,2.0291089688710424,0.47463048741639985,1.5544784814546426
T_to_ACG,T,ACG,CWF19L2,CWF19L2,4,1316,28,723,565,AATTTTCTTGCGGCTTCTTAGCTTTACGATGGTGAGCAAGGGCGAGGAGCTGTTCACGGGGGTGGTGCCCATCCTGGTCGAGCTGGACGGCGACGTAAACGGCCACAAGTTCAGCGTGTCCGGCGAGGGCGAGGGCGATGCCACGTACGGCAAGCTGACGCTGAAGTTCATCTGCACGACGGGCAAGCTGCCCGTGCCCTGGCCCACGCTCGTGACGACGCTGACGTACGGCGTGCAGTGCTTCAGCCGCTACCCCGACCACATGAAGCAGCACGACTTCTTCAAGTCCGCCATGCCCGAAGGCTACGTCCAGGAGCGCACGATCTTCTTCAAGGACGACGGCAACTACAAGACGCGCGCCGAGGTGAAGTTCGAGGGCGACACGCTGGTGAACCGCATCGAGCTGAAGGGCATCGACTTCAAGGAGGACGGCAACATCCTGGGGCACAAGCTGGAGTACAACTACAACAGCCACAACGTCTATATCATGGCCGACAAGCAGAAGAACGGCATCAAGGTGAACTTCAAGATCCGCCACAACATCGAGGACGGCAGCGTGCAGCTCGCCGACCACTACCAGCAGAACACGCCCATCGGCGACGGCCCCGTGCTGCTGCCCGACAACCACTACCTGAGCACGCAGTCCGCCCTGAGCAAAGACCCCAACGAGAAGCGCGATCACATGGTCCTGCTGGAGTTCGTGACGGCCGCCGGGATCACGCTCGGCATGGACGAGCTGTACAAGTCCTAAGGTGTACCTTCCATTTTAAAATTTTTCTTCAGATCCCGTTCAGTTTTATTTCCATTGCATCTAATGAAGCAACTGACCCTCAGGTCACAGGCAGAGAGAGTCACAGCAGCAGACTGCTCTGGGTCAGTGACAACTGTACATCAGGAGATTGTGTTGTTTTCTTCTTCACCTGCTCCTATCTATGGACTTCATTTTAGTCACCATGGAGTAAAAACATATATTCGATGATCTGCTCACATTCCTGCTCTCTACCTACTTCTTGGTATTCCGAATTGTTCAGTTAATTTAGAGAAGGCCTTTTCTGAAGGGATATCTAAAAAGCATAGGAAATCCTTGGTTCAGAGGGAAGTGGGTCTGCTTCATGGTTGTTAAGTCTACTGTCTGGCTTCTTTTGCATTTTTAAAAATAAGACGATTTAATTTTAATTTCATAGGATTTTATAGAAAAGCTCTTAATTTTCTACTAGCAGTATATAGTATCACTTCTATTCTTTTTGTTAAAGGAAAAGGAAATGTCCCCAAAGTATTAAAGAATTAAATGATACTGAAAATTTGTATGATTCAAA,1.92929194871403,0.5666929875545327,1.3625989611594975
T_to_ACT,T,ACT,CWF19L2,CWF19L2,4,1316,28,723,565,AATTTTCTTGCGGCTTCTTAGCTTTACGATGGTGAGCAAGGGCGAGGAGCTGTTCACTGGGGTGGTGCCCATCCTGGTCGAGCTGGACGGCGACGTAAACGGCCACAAGTTCAGCGTGTCCGGCGAGGGCGAGGGCGATGCCACTTACGGCAAGCTGACTCTGAAGTTCATCTGCACTACTGGCAAGCTGCCCGTGCCCTGGCCCACTCTCGTGACTACTCTGACTTACGGCGTGCAGTGCTTCAGCCGCTACCCCGACCACATGAAGCAGCACGACTTCTTCAAGTCCGCCATGCCCGAAGGCTACGTCCAGGAGCGCACTATCTTCTTCAAGGACGACGGCAACTACAAGACTCGCGCCGAGGTGAAGTTCGAGGGCGACACTCTGGTGAACCGCATCGAGCTGAAGGGCATCGACTTCAAGGAGGACGGCAACATCCTGGGGCACAAGCTGGAGTACAACTACAACAGCCACAACGTCTATATCATGGCCGACAAGCAGAAGAACGGCATCAAGGTGAACTTCAAGATCCGCCACAACATCGAGGACGGCAGCGTGCAGCTCGCCGACCACTACCAGCAGAACACTCCCATCGGCGACGGCCCCGTGCTGCTGCCCGACAACCACTACCTGAGCACTCAGTCCGCCCTGAGCAAAGACCCCAACGAGAAGCGCGATCACATGGTCCTGCTGGAGTTCGTGACTGCCGCCGGGATCACTCTCGGCATGGACGAGCTGTACAAGTCCTAAGGTGTACCTTCCATTTTAAAATTTTTCTTCAGATCCCGTTCAGTTTTATTTCCATTGCATCTAATGAAGCAACTGACCCTCAGGTCACAGGCAGAGAGAGTCACAGCAGCAGACTGCTCTGGGTCAGTGACAACTGTACATCAGGAGATTGTGTTGTTTTCTTCTTCACCTGCTCCTATCTATGGACTTCATTTTAGTCACCATGGAGTAAAAACATATATTCGATGATCTGCTCACATTCCTGCTCTCTACCTACTTCTTGGTATTCCGAATTGTTCAGTTAATTTAGAGAAGGCCTTTTCTGAAGGGATATCTAAAAAGCATAGGAAATCCTTGGTTCAGAGGGAAGTGGGTCTGCTTCATGGTTGTTAAGTCTACTGTCTGGCTTCTTTTGCATTTTTAAAAATAAGACGATTTAATTTTAATTTCATAGGATTTTATAGAAAAGCTCTTAATTTTCTACTAGCAGTATATAGTATCACTTCTATTCTTTTTGTTAAAGGAAAAGGAAATGTCCCCAAAGTATTAAAGAATTAAATGATACTGAAAATTTGTATGATTCAAA,1.9498227178647498,0.390362119462984,1.5594605984017658
S_to_TCA,S,TCA,CWF19L2,CWF19L2,4,1316,28,723,565,AATTTTCTTGCGGCTTCTTAGCTTTACGATGGTGTCAAAGGGCGAGGAGCTGTTCACCGGGGTGGTGCCCATCCTGGTCGAGCTGGACGGCGACGTAAACGGCCACAAGTTCTCAGTGTCAGGCGAGGGCGAGGGCGATGCCACCTACGGCAAGCTGACCCTGAAGTTCATCTGCACCACCGGCAAGCTGCCCGTGCCCTGGCCCACCCTCGTGACCACCCTGACCTACGGCGTGCAGTGCTTCTCACGCTACCCCGACCACATGAAGCAGCACGACTTCTTCAAGTCAGCCATGCCCGAAGGCTACGTCCAGGAGCGCACCATCTTCTTCAAGGACGACGGCAACTACAAGACCCGCGCCGAGGTGAAGTTCGAGGGCGACACCCTGGTGAACCGCATCGAGCTGAAGGGCATCGACTTCAAGGAGGACGGCAACATCCTGGGGCACAAGCTGGAGTACAACTACAACTCACACAACGTCTATATCATGGCCGACAAGCAGAAGAACGGCATCAAGGTGAACTTCAAGATCCGCCACAACATCGAGGACGGCTCAGTGCAGCTCGCCGACCACTACCAGCAGAACACCCCCATCGGCGACGGCCCCGTGCTGCTGCCCGACAACCACTACCTGTCAACCCAGTCAGCCCTGTCAAAAGACCCCAACGAGAAGCGCGATCACATGGTCCTGCTGGAGTTCGTGACCGCCGCCGGGATCACTCTCGGCATGGACGAGCTGTACAAGTCATAAGGTGTACCTTCCATTTTAAAATTTTTCTTCAGATCCCGTTCAGTTTTATTTCCATTGCATCTAATGAAGCAACTGACCCTCAGGTCACAGGCAGAGAGAGTCACAGCAGCAGACTGCTCTGGGTCAGTGACAACTGTACATCAGGAGATTGTGTTGTTTTCTTCTTCACCTGCTCCTATCTATGGACTTCATTTTAGTCACCATGGAGTAAAAACATATATTCGATGATCTGCTCACATTCCTGCTCTCTACCTACTTCTTGGTATTCCGAATTGTTCAGTTAATTTAGAGAAGGCCTTTTCTGAAGGGATATCTAAAAAGCATAGGAAATCCTTGGTTCAGAGGGAAGTGGGTCTGCTTCATGGTTGTTAAGTCTACTGTCTGGCTTCTTTTGCATTTTTAAAAATAAGACGATTTAATTTTAATTTCATAGGATTTTATAGAAAAGCTCTTAATTTTCTACTAGCAGTATATAGTATCACTTCTATTCTTTTTGTTAAAGGAAAAGGAAATGTCCCCAAAGTATTAAAGAATTAAATGATACTGAAAATTTGTATGATTCAAA,1.9530389621048871,0.3594106630793068,1.5936282990255803
S_to_TCC,S,TCC,CWF19L2,CWF19L2,4,1316,28,723,565,AATTTTCTTGCGGCTTCTTAGCTTTACGATGGTGTCCAAGGGCGAGGAGCTGTTCACCGGGGTGGTGCCCATCCTGGTCGAGCTGGACGGCGACGTAAACGGCCACAAGTTCTCCGTGTCCGGCGAGGGCGAGGGCGATGCCACCTACGGCAAGCTGACCCTGAAGTTCATCTGCACCACCGGCAAGCTGCCCGTGCCCTGGCCCACCCTCGTGACCACCCTGACCTACGGCGTGCAGTGCTTCTCCCGCTACCCCGACCACATGAAGCAGCACGACTTCTTCAAGTCCGCCATGCCCGAAGGCTACGTCCAGGAGCGCACCATCTTCTTCAAGGACGACGGCAACTACAAGACCCGCGCCGAGGTGAAGTTCGAGGGCGACACCCTGGTGAACCGCATCGAGCTGAAGGGCATCGACTTCAAGGAGGACGGCAACATCCTGGGGCACAAGCTGGAGTACAACTACAACTCCCACAACGTCTATATCATGGCCGACAAGCAGAAGAACGGCATCAAGGTGAACTTCAAGATCCGCCACAACATCGAGGACGGCTCCGTGCAGCTCGCCGACCACTACCAGCAGAACACCCCCATCGGCGACGGCCCCGTGCTGCTGCCCGACAACCACTACCTGTCCACCCAGTCCGCCCTGTCCAAAGACCCCAACGAGAAGCGCGATCACATGGTCCTGCTGGAGTTCGTGACCGCCGCCGGGATCACTCTCGGCATGGACGAGCTGTACAAGTCCTAAGGTGTACCTTCCATTTTAAAATTTTTCTTCAGATCCCGTTCAGTTTTATTTCCATTGCATCTAATGAAGCAACTGACCCTCAGGTCACAGGCAGAGAGAGTCACAGCAGCAGACTGCTCTGGGTCAGTGACAACTGTACATCAGGAGATTGTGTTGTTTTCTTCTTCACCTGCTCCTATCTATGGACTTCATTTTAGTCACCATGGAGTAAAAACATATATTCGATGATCTGCTCACATTCCTGCTCTCTACCTACTTCTTGGTATTCCGAATTGTTCAGTTAATTTAGAGAAGGCCTTTTCTGAAGGGATATCTAAAAAGCATAGGAAATCCTTGGTTCAGAGGGAAGTGGGTCTGCTTCATGGTTGTTAAGTCTACTGTCTGGCTTCTTTTGCATTTTTAAAAATAAGACGATTTAATTTTAATTTCATAGGATTTTATAGAAAAGCTCTTAATTTTCTACTAGCAGTATATAGTATCACTTCTATTCTTTTTGTTAAAGGAAAAGGAAATGTCCCCAAAGTATTAAAGAATTAAATGATACTGAAAATTTGTATGATTCAAA,2.1482175823651977,0.3734218768672071,1.7747957054979906
S_to_TCG,S,TCG,CWF19L2,CWF19L2,4,1316,28,723,565,AATTTTCTTGCGGCTTCTTAGCTTTACGATGGTGTCGAAGGGCGAGGAGCTGTTCACCGGGGTGGTGCCCATCCTGGTCGAGCTGGACGGCGACGTAAACGGCCACAAGTTCTCGGTGTCGGGCGAGGGCGAGGGCGATGCCACCTACGGCAAGCTGACCCTGAAGTTCATCTGCACCACCGGCAAGCTGCCCGTGCCCTGGCCCACCCTCGTGACCACCCTGACCTACGGCGTGCAGTGCTTCTCGCGCTACCCCGACCACATGAAGCAGCACGACTTCTTCAAGTCGGCCATGCCCGAAGGCTACGTCCAGGAGCGCACCATCTTCTTCAAGGACGACGGCAACTACAAGACCCGCGCCGAGGTGAAGTTCGAGGGCGACACCCTGGTGAACCGCATCGAGCTGAAGGGCATCGACTTCAAGGAGGACGGCAACATCCTGGGGCACAAGCTGGAGTACAACTACAACTCGCACAACGTCTATATCATGGCCGACAAGCAGAAGAACGGCATCAAGGTGAACTTCAAGATCCGCCACAACATCGAGGACGGCTCGGTGCAGCTCGCCGACCACTACCAGCAGAACACCCCCATCGGCGACGGCCCCGTGCTGCTGCCCGACAACCACTACCTGTCGACCCAGTCGGCCCTGTCGAAAGACCCCAACGAGAAGCGCGATCACATGGTCCTGCTGGAGTTCGTGACCGCCGCCGGGATCACTCTCGGCATGGACGAGCTGTACAAGTCGTAAGGTGTACCTTCCATTTTAAAATTTTTCTTCAGATCCCGTTCAGTTTTATTTCCATTGCATCTAATGAAGCAACTGACCCTCAGGTCACAGGCAGAGAGAGTCACAGCAGCAGACTGCTCTGGGTCAGTGACAACTGTACATCAGGAGATTGTGTTGTTTTCTTCTTCACCTGCTCCTATCTATGGACTTCATTTTAGTCACCATGGAGTAAAAACATATATTCGATGATCTGCTCACATTCCTGCTCTCTACCTACTTCTTGGTATTCCGAATTGTTCAGTTAATTTAGAGAAGGCCTTTTCTGAAGGGATATCTAAAAAGCATAGGAAATCCTTGGTTCAGAGGGAAGTGGGTCTGCTTCATGGTTGTTAAGTCTACTGTCTGGCTTCTTTTGCATTTTTAAAAATAAGACGATTTAATTTTAATTTCATAGGATTTTATAGAAAAGCTCTTAATTTTCTACTAGCAGTATATAGTATCACTTCTATTCTTTTTGTTAAAGGAAAAGGAAATGTCCCCAAAGTATTAAAGAATTAAATGATACTGAAAATTTGTATGATTCAAA,2.0790700146505547,0.3751477962947159,1.703922218355839
S_to_TCT,S,TCT,CWF19L2,CWF19L2,4,1316,28,723,565,AATTTTCTTGCGGCTTCTTAGCTTTACGATGGTGTCTAAGGGCGAGGAGCTGTTCACCGGGGTGGTGCCCATCCTGGTCGAGCTGGACGGCGACGTAAACGGCCACAAGTTCTCTGTGTCTGGCGAGGGCGAGGGCGATGCCACCTACGGCAAGCTGACCCTGAAGTTCATCTGCACCACCGGCAAGCTGCCCGTGCCCTGGCCCACCCTCGTGACCACCCTGACCTACGGCGTGCAGTGCTTCTCTCGCTACCCCGACCACATGAAGCAGCACGACTTCTTCAAGTCTGCCATGCCCGAAGGCTACGTCCAGGAGCGCACCATCTTCTTCAAGGACGACGGCAACTACAAGACCCGCGCCGAGGTGAAGTTCGAGGGCGACACCCTGGTGAACCGCATCGAGCTGAAGGGCATCGACTTCAAGGAGGACGGCAACATCCTGGGGCACAAGCTGGAGTACAACTACAACTCTCACAACGTCTATATCATGGCCGACAAGCAGAAGAACGGCATCAAGGTGAACTTCAAGATCCGCCACAACATCGAGGACGGCTCTGTGCAGCTCGCCGACCACTACCAGCAGAACACCCCCATCGGCGACGGCCCCGTGCTGCTGCCCGACAACCACTACCTGTCTACCCAGTCTGCCCTGTCTAAAGACCCCAACGAGAAGCGCGATCACATGGTCCTGCTGGAGTTCGTGACCGCCGCCGGGATCACTCTCGGCATGGACGAGCTGTACAAGTCTTAAGGTGTACCTTCCATTTTAAAATTTTTCTTCAGATCCCGTTCAGTTTTATTTCCATTGCATCTAATGAAGCAACTGACCCTCAGGTCACAGGCAGAGAGAGTCACAGCAGCAGACTGCTCTGGGTCAGTGACAACTGTACATCAGGAGATTGTGTTGTTTTCTTCTTCACCTGCTCCTATCTATGGACTTCATTTTAGTCACCATGGAGTAAAAACATATATTCGATGATCTGCTCACATTCCTGCTCTCTACCTACTTCTTGGTATTCCGAATTGTTCAGTTAATTTAGAGAAGGCCTTTTCTGAAGGGATATCTAAAAAGCATAGGAAATCCTTGGTTCAGAGGGAAGTGGGTCTGCTTCATGGTTGTTAAGTCTACTGTCTGGCTTCTTTTGCATTTTTAAAAATAAGACGATTTAATTTTAATTTCATAGGATTTTATAGAAAAGCTCTTAATTTTCTACTAGCAGTATATAGTATCACTTCTATTCTTTTTGTTAAAGGAAAAGGAAATGTCCCCAAAGTATTAAAGAATTAAATGATACTGAAAATTTGTATGATTCAAA,2.1286813857510603,0.39925585807548075,1.7294255276755794
S_to_AGC,S,AGC,CWF19L2,CWF19L2,4,1316,28,723,565,AATTTTCTTGCGGCTTCTTAGCTTTACGATGGTGAGCAAGGGCGAGGAGCTGTTCACCGGGGTGGTGCCCATCCTGGTCGAGCTGGACGGCGACGTAAACGGCCACAAGTTCAGCGTGAGCGGCGAGGGCGAGGGCGATGCCACCTACGGCAAGCTGACCCTGAAGTTCATCTGCACCACCGGCAAGCTGCCCGTGCCCTGGCCCACCCTCGTGACCACCCTGACCTACGGCGTGCAGTGCTTCAGCCGCTACCCCGACCACATGAAGCAGCACGACTTCTTCAAGAGCGCCATGCCCGAAGGCTACGTCCAGGAGCGCACCATCTTCTTCAAGGACGACGGCAACTACAAGACCCGCGCCGAGGTGAAGTTCGAGGGCGACACCCTGGTGAACCGCATCGAGCTGAAGGGCATCGACTTCAAGGAGGACGGCAACATCCTGGGGCACAAGCTGGAGTACAACTACAACAGCCACAACGTCTATATCATGGCCGACAAGCAGAAGAACGGCATCAAGGTGAACTTCAAGATCCGCCACAACATCGAGGACGGCAGCGTGCAGCTCGCCGACCACTACCAGCAGAACACCCCCATCGGCGACGGCCCCGTGCTGCTGCCCGACAACCACTACCTGAGCACCCAGAGCGCCCTGAGCAAAGACCCCAACGAGAAGCGCGATCACATGGTCCTGCTGGAGTTCGTGACCGCCGCCGGGATCACTCTCGGCATGGACGAGCTGTACAAGAGCTAAGGTGTACCTTCCATTTTAAAATTTTTCTTCAGATCCCGTTCAGTTTTATTTCCATTGCATCTAATGAAGCAACTGACCCTCAGGTCACAGGCAGAGAGAGTCACAGCAGCAGACTGCTCTGGGTCAGTGACAACTGTACATCAGGAGATTGTGTTGTTTTCTTCTTCACCTGCTCCTATCTATGGACTTCATTTTAGTCACCATGGAGTAAAAACATATATTCGATGATCTGCTCACATTCCTGCTCTCTACCTACTTCTTGGTATTCCGAATTGTTCAGTTAATTTAGAGAAGGCCTTTTCTGAAGGGATATCTAAAAAGCATAGGAAATCCTTGGTTCAGAGGGAAGTGGGTCTGCTTCATGGTTGTTAAGTCTACTGTCTGGCTTCTTTTGCATTTTTAAAAATAAGACGATTTAATTTTAATTTCATAGGATTTTATAGAAAAGCTCTTAATTTTCTACTAGCAGTATATAGTATCACTTCTATTCTTTTTGTTAAAGGAAAAGGAAATGTCCCCAAAGTATTAAAGAATTAAATGATACTGAAAATTTGTATGATTCAAA,2.0011618581473694,0.42766246102490857,1.5734993971224607
S_to_AGT,S,AGT,CWF19L2,CWF19L2,4,1316,28,723,565,AATTTTCTTGCGGCTTCTTAGCTTTACGATGGTGAGTAAGGGCGAGGAGCTGTTCACCGGGGTGGTGCCCATCCTGGTCGAGCTGGACGGCGACGTAAACGGCCACAAGTTCAGTGTGAGTGGCGAGGGCGAGGGCGATGCCACCTACGGCAAGCTGACCCTGAAGTTCATCTGCACCACCGGCAAGCTGCCCGTGCCCTGGCCCACCCTCGTGACCACCCTGACCTACGGCGTGCAGTGCTTCAGTCGCTACCCCGACCACATGAAGCAGCACGACTTCTTCAAGAGTGCCATGCCCGAAGGCTACGTCCAGGAGCGCACCATCTTCTTCAAGGACGACGGCAACTACAAGACCCGCGCCGAGGTGAAGTTCGAGGGCGACACCCTGGTGAACCGCATCGAGCTGAAGGGCATCGACTTCAAGGAGGACGGCAACATCCTGGGGCACAAGCTGGAGTACAACTACAACAGTCACAACGTCTATATCATGGCCGACAAGCAGAAGAACGGCATCAAGGTGAACTTCAAGATCCGCCACAACATCGAGGACGGCAGTGTGCAGCTCGCCGACCACTACCAGCAGAACACCCCCATCGGCGACGGCCCCGTGCTGCTGCCCGACAACCACTACCTGAGTACCCAGAGTGCCCTGAGTAAAGACCCCAACGAGAAGCGCGATCACATGGTCCTGCTGGAGTTCGTGACCGCCGCCGGGATCACTCTCGGCATGGACGAGCTGTACAAGAGTTAAGGTGTACCTTCCATTTTAAAATTTTTCTTCAGATCCCGTTCAGTTTTATTTCCATTGCATCTAATGAAGCAACTGACCCTCAGGTCACAGGCAGAGAGAGTCACAGCAGCAGACTGCTCTGGGTCAGTGACAACTGTACATCAGGAGATTGTGTTGTTTTCTTCTTCACCTGCTCCTATCTATGGACTTCATTTTAGTCACCATGGAGTAAAAACATATATTCGATGATCTGCTCACATTCCTGCTCTCTACCTACTTCTTGGTATTCCGAATTGTTCAGTTAATTTAGAGAAGGCCTTTTCTGAAGGGATATCTAAAAAGCATAGGAAATCCTTGGTTCAGAGGGAAGTGGGTCTGCTTCATGGTTGTTAAGTCTACTGTCTGGCTTCTTTTGCATTTTTAAAAATAAGACGATTTAATTTTAATTTCATAGGATTTTATAGAAAAGCTCTTAATTTTCTACTAGCAGTATATAGTATCACTTCTATTCTTTTTGTTAAAGGAAAAGGAAATGTCCCCAAAGTATTAAAGAATTAAATGATACTGAAAATTTGTATGATTCAAA,2.053669986319379,0.33304149224693086,1.720628494072448
Y_to_TAC,Y,TAC,CWF19L2,CWF19L2,4,1316,28,723,565,AATTTTCTTGCGGCTTCTTAGCTTTACGATGGTGAGCAAGGGCGAGGAGCTGTTCACCGGGGTGGTGCCCATCCTGGTCGAGCTGGACGGCGACGTAAACGGCCACAAGTTCAGCGTGTCCGGCGAGGGCGAGGGCGATGCCACCTACGGCAAGCTGACCCTGAAGTTCATCTGCACCACCGGCAAGCTGCCCGTGCCCTGGCCCACCCTCGTGACCACCCTGACCTACGGCGTGCAGTGCTTCAGCCGCTACCCCGACCACATGAAGCAGCACGACTTCTTCAAGTCCGCCATGCCCGAAGGCTACGTCCAGGAGCGCACCATCTTCTTCAAGGACGACGGCAACTACAAGACCCGCGCCGAGGTGAAGTTCGAGGGCGACACCCTGGTGAACCGCATCGAGCTGAAGGGCATCGACTTCAAGGAGGACGGCAACATCCTGGGGCACAAGCTGGAGTACAACTACAACAGCCACAACGTCTACATCATGGCCGACAAGCAGAAGAACGGCATCAAGGTGAACTTCAAGATCCGCCACAACATCGAGGACGGCAGCGTGCAGCTCGCCGACCACTACCAGCAGAACACCCCCATCGGCGACGGCCCCGTGCTGCTGCCCGACAACCACTACCTGAGCACCCAGTCCGCCCTGAGCAAAGACCCCAACGAGAAGCGCGATCACATGGTCCTGCTGGAGTTCGTGACCGCCGCCGGGATCACTCTCGGCATGGACGAGCTGTACAAGTCCTAAGGTGTACCTTCCATTTTAAAATTTTTCTTCAGATCCCGTTCAGTTTTATTTCCATTGCATCTAATGAAGCAACTGACCCTCAGGTCACAGGCAGAGAGAGTCACAGCAGCAGACTGCTCTGGGTCAGTGACAACTGTACATCAGGAGATTGTGTTGTTTTCTTCTTCACCTGCTCCTATCTATGGACTTCATTTTAGTCACCATGGAGTAAAAACATATATTCGATGATCTGCTCACATTCCTGCTCTCTACCTACTTCTTGGTATTCCGAATTGTTCAGTTAATTTAGAGAAGGCCTTTTCTGAAGGGATATCTAAAAAGCATAGGAAATCCTTGGTTCAGAGGGAAGTGGGTCTGCTTCATGGTTGTTAAGTCTACTGTCTGGCTTCTTTTGCATTTTTAAAAATAAGACGATTTAATTTTAATTTCATAGGATTTTATAGAAAAGCTCTTAATTTTCTACTAGCAGTATATAGTATCACTTCTATTCTTTTTGTTAAAGGAAAAGGAAATGTCCCCAAAGTATTAAAGAATTAAATGATACTGAAAATTTGTATGATTCAAA,2.0496397380217624,0.42766246102490857,1.6219772769968537
Y_to_TAT,Y,TAT,CWF19L2,CWF19L2,4,1316,28,723,565,AATTTTCTTGCGGCTTCTTAGCTTTACGATGGTGAGCAAGGGCGAGGAGCTGTTCACCGGGGTGGTGCCCATCCTGGTCGAGCTGGACGGCGACGTAAACGGCCACAAGTTCAGCGTGTCCGGCGAGGGCGAGGGCGATGCCACCTATGGCAAGCTGACCCTGAAGTTCATCTGCACCACCGGCAAGCTGCCCGTGCCCTGGCCCACCCTCGTGACCACCCTGACCTATGGCGTGCAGTGCTTCAGCCGCTATCCCGACCACATGAAGCAGCACGACTTCTTCAAGTCCGCCATGCCCGAAGGCTATGTCCAGGAGCGCACCATCTTCTTCAAGGACGACGGCAACTATAAGACCCGCGCCGAGGTGAAGTTCGAGGGCGACACCCTGGTGAACCGCATCGAGCTGAAGGGCATCGACTTCAAGGAGGACGGCAACATCCTGGGGCACAAGCTGGAGTATAACTATAACAGCCACAACGTCTATATCATGGCCGACAAGCAGAAGAACGGCATCAAGGTGAACTTCAAGATCCGCCACAACATCGAGGACGGCAGCGTGCAGCTCGCCGACCACTATCAGCAGAACACCCCCATCGGCGACGGCCCCGTGCTGCTGCCCGACAACCACTATCTGAGCACCCAGTCCGCCCTGAGCAAAGACCCCAACGAGAAGCGCGATCACATGGTCCTGCTGGAGTTCGTGACCGCCGCCGGGATCACTCTCGGCATGGACGAGCTGTATAAGTCCTAAGGTGTACCTTCCATTTTAAAATTTTTCTTCAGATCCCGTTCAGTTTTATTTCCATTGCATCTAATGAAGCAACTGACCCTCAGGTCACAGGCAGAGAGAGTCACAGCAGCAGACTGCTCTGGGTCAGTGACAACTGTACATCAGGAGATTGTGTTGTTTTCTTCTTCACCTGCTCCTATCTATGGACTTCATTTTAGTCACCATGGAGTAAAAACATATATTCGATGATCTGCTCACATTCCTGCTCTCTACCTACTTCTTGGTATTCCGAATTGTTCAGTTAATTTAGAGAAGGCCTTTTCTGAAGGGATATCTAAAAAGCATAGGAAATCCTTGGTTCAGAGGGAAGTGGGTCTGCTTCATGGTTGTTAAGTCTACTGTCTGGCTTCTTTTGCATTTTTAAAAATAAGACGATTTAATTTTAATTTCATAGGATTTTATAGAAAAGCTCTTAATTTTCTACTAGCAGTATATAGTATCACTTCTATTCTTTTTGTTAAAGGAAAAGGAAATGTCCCCAAAGTATTAAAGAATTAAATGATACTGAAAATTTGTATGATTCAAA,1.9803931140649453,0.4864549891257174,1.4939381249392278
W_to_TGG,W,TGG,CWF19L2,CWF19L2,4,1316,28,723,565,AATTTTCTTGCGGCTTCTTAGCTTTACGATGGTGAGCAAGGGCGAGGAGCTGTTCACCGGGGTGGTGCCCATCCTGGTCGAGCTGGACGGCGACGTAAACGGCCACAAGTTCAGCGTGTCCGGCGAGGGCGAGGGCGATGCCACCTACGGCAAGCTGACCCTGAAGTTCATCTGCACCACCGGCAAGCTGCCCGTGCCCTGGCCCACCCTCGTGACCACCCTGACCTACGGCGTGCAGTGCTTCAGCCGCTACCCCGACCACATGAAGCAGCACGACTTCTTCAAGTCCGCCATGCCCGAAGGCTACGTCCAGGAGCGCACCATCTTCTTCAAGGACGACGGCAACTACAAGACCCGCGCCGAGGTGAAGTTCGAGGGCGACACCCTGGTGAACCGCATCGAGCTGAAGGGCATCGACTTCAAGGAGGACGGCAACATCCTGGGGCACAAGCTGGAGTACAACTACAACAGCCACAACGTCTATATCATGGCCGACAAGCAGAAGAACGGCATCAAGGTGAACTTCAAGATCCGCCACAACATCGAGGACGGCAGCGTGCAGCTCGCCGACCACTACCAGCAGAACACCCCCATCGGCGACGGCCCCGTGCTGCTGCCCGACAACCACTACCTGAGCACCCAGTCCGCCCTGAGCAAAGACCCCAACGAGAAGCGCGATCACATGGTCCTGCTGGAGTTCGTGACCGCCGCCGGGATCACTCTCGGCATGGACGAGCTGTACAAGTCCTAAGGTGTACCTTCCATTTTAAAATTTTTCTTCAGATCCCGTTCAGTTTTATTTCCATTGCATCTAATGAAGCAACTGACCCTCAGGTCACAGGCAGAGAGAGTCACAGCAGCAGACTGCTCTGGGTCAGTGACAACTGTACATCAGGAGATTGTGTTGTTTTCTTCTTCACCTGCTCCTATCTATGGACTTCATTTTAGTCACCATGGAGTAAAAACATATATTCGATGATCTGCTCACATTCCTGCTCTCTACCTACTTCTTGGTATTCCGAATTGTTCAGTTAATTTAGAGAAGGCCTTTTCTGAAGGGATATCTAAAAAGCATAGGAAATCCTTGGTTCAGAGGGAAGTGGGTCTGCTTCATGGTTGTTAAGTCTACTGTCTGGCTTCTTTTGCATTTTTAAAAATAAGACGATTTAATTTTAATTTCATAGGATTTTATAGAAAAGCTCTTAATTTTCTACTAGCAGTATATAGTATCACTTCTATTCTTTTTGTTAAAGGAAAAGGAAATGTCCCCAAAGTATTAAAGAATTAAATGATACTGAAAATTTGTATGATTCAAA,2.0496397380217624,0.42766246102490857,1.6219772769968537
Q_to_CAA,Q,CAA,CWF19L2,CWF19L2,4,1316,28,723,565,AATTTTCTTGCGGCTTCTTAGCTTTACGATGGTGAGCAAGGGCGAGGAGCTGTTCACCGGGGTGGTGCCCATCCTGGTCGAGCTGGACGGCGACGTAAACGGCCACAAGTTCAGCGTGTCCGGCGAGGGCGAGGGCGATGCCACCTACGGCAAGCTGACCCTGAAGTTCATCTGCACCACCGGCAAGCTGCCCGTGCCCTGGCCCACCCTCGTGACCACCCTGACCTACGGCGTGCAATGCTTCAGCCGCTACCCCGACCACATGAAGCAACACGACTTCTTCAAGTCCGCCATGCCCGAAGGCTACGTCCAAGAGCGCACCATCTTCTTCAAGGACGACGGCAACTACAAGACCCGCGCCGAGGTGAAGTTCGAGGGCGACACCCTGGTGAACCGCATCGAGCTGAAGGGCATCGACTTCAAGGAGGACGGCAACATCCTGGGGCACAAGCTGGAGTACAACTACAACAGCCACAACGTCTATATCATGGCCGACAAGCAAAAGAACGGCATCAAGGTGAACTTCAAGATCCGCCACAACATCGAGGACGGCAGCGTGCAACTCGCCGACCACTACCAACAAAACACCCCCATCGGCGACGGCCCCGTGCTGCTGCCCGACAACCACTACCTGAGCACCCAATCCGCCCTGAGCAAAGACCCCAACGAGAAGCGCGATCACATGGTCCTGCTGGAGTTCGTGACCGCCGCCGGGATCACTCTCGGCATGGACGAGCTGTACAAGTCCTAAGGTGTACCTTCCATTTTAAAATTTTTCTTCAGATCCCGTTCAGTTTTATTTCCATTGCATCTAATGAAGCAACTGACCCTCAGGTCACAGGCAGAGAGAGTCACAGCAGCAGACTGCTCTGGGTCAGTGACAACTGTACATCAGGAGATTGTGTTGTTTTCTTCTTCACCTGCTCCTATCTATGGACTTCATTTTAGTCACCATGGAGTAAAAACATATATTCGATGATCTGCTCACATTCCTGCTCTCTACCTACTTCTTGGTATTCCGAATTGTTCAGTTAATTTAGAGAAGGCCTTTTCTGAAGGGATATCTAAAAAGCATAGGAAATCCTTGGTTCAGAGGGAAGTGGGTCTGCTTCATGGTTGTTAAGTCTACTGTCTGGCTTCTTTTGCATTTTTAAAAATAAGACGATTTAATTTTAATTTCATAGGATTTTATAGAAAAGCTCTTAATTTTCTACTAGCAGTATATAGTATCACTTCTATTCTTTTTGTTAAAGGAAAAGGAAATGTCCCCAAAGTATTAAAGAATTAAATGATACTGAAAATTTGTATGATTCAAA,1.8496951214300146,0.429500948934067,1.4201941724959477
Q_to_CAG,Q,CAG,CWF19L2,CWF19L2,4,1316,28,723,565,AATTTTCTTGCGGCTTCTTAGCTTTACGATGGTGAGCAAGGGCGAGGAGCTGTTCACCGGGGTGGTGCCCATCCTGGTCGAGCTGGACGGCGACGTAAACGGCCACAAGTTCAGCGTGTCCGGCGAGGGCGAGGGCGATGCCACCTACGGCAAGCTGACCCTGAAGTTCATCTGCACCACCGGCAAGCTGCCCGTGCCCTGGCCCACCCTCGTGACCACCCTGACCTACGGCGTGCAGTGCTTCAGCCGCTACCCCGACCACATGAAGCAGCACGACTTCTTCAAGTCCGCCATGCCCGAAGGCTACGTCCAGGAGCGCACCATCTTCTTCAAGGACGACGGCAACTACAAGACCCGCGCCGAGGTGAAGTTCGAGGGCGACACCCTGGTGAACCGCATCGAGCTGAAGGGCATCGACTTCAAGGAGGACGGCAACATCCTGGGGCACAAGCTGGAGTACAACTACAACAGCCACAACGTCTATATCATGGCCGACAAGCAGAAGAACGGCATCAAGGTGAACTTCAAGATCCGCCACAACATCGAGGACGGCAGCGTGCAGCTCGCCGACCACTACCAGCAGAACACCCCCATCGGCGACGGCCCCGTGCTGCTGCCCGACAACCACTACCTGAGCACCCAGTCCGCCCTGAGCAAAGACCCCAACGAGAAGCGCGATCACATGGTCCTGCTGGAGTTCGTGACCGCCGCCGGGATCACTCTCGGCATGGACGAGCTGTACAAGTCCTAAGGTGTACCTTCCATTTTAAAATTTTTCTTCAGATCCCGTTCAGTTTTATTTCCATTGCATCTAATGAAGCAACTGACCCTCAGGTCACAGGCAGAGAGAGTCACAGCAGCAGACTGCTCTGGGTCAGTGACAACTGTACATCAGGAGATTGTGTTGTTTTCTTCTTCACCTGCTCCTATCTATGGACTTCATTTTAGTCACCATGGAGTAAAAACATATATTCGATGATCTGCTCACATTCCTGCTCTCTACCTACTTCTTGGTATTCCGAATTGTTCAGTTAATTTAGAGAAGGCCTTTTCTGAAGGGATATCTAAAAAGCATAGGAAATCCTTGGTTCAGAGGGAAGTGGGTCTGCTTCATGGTTGTTAAGTCTACTGTCTGGCTTCTTTTGCATTTTTAAAAATAAGACGATTTAATTTTAATTTCATAGGATTTTATAGAAAAGCTCTTAATTTTCTACTAGCAGTATATAGTATCACTTCTATTCTTTTTGTTAAAGGAAAAGGAAATGTCCCCAAAGTATTAAAGAATTAAATGATACTGAAAATTTGTATGATTCAAA,2.0496397380217624,0.42766246102490857,1.6219772769968537
N_to_AAC,N,AAC,CWF19L2,CWF19L2,4,1316,28,723,565,AATTTTCTTGCGGCTTCTTAGCTTTACGATGGTGAGCAAGGGCGAGGAGCTGTTCACCGGGGTGGTGCCCATCCTGGTCGAGCTGGACGGCGACGTAAACGGCCACAAGTTCAGCGTGTCCGGCGAGGGCGAGGGCGATGCCACCTACGGCAAGCTGACCCTGAAGTTCATCTGCACCACCGGCAAGCTGCCCGTGCCCTGGCCCACCCTCGTGACCACCCTGACCTACGGCGTGCAGTGCTTCAGCCGCTACCCCGACCACATGAAGCAGCACGACTTCTTCAAGTCCGCCATGCCCGAAGGCTACGTCCAGGAGCGCACCATCTTCTTCAAGGACGACGGCAACTACAAGACCCGCGCCGAGGTGAAGTTCGAGGGCGACACCCTGGTGAACCGCATCGAGCTGAAGGGCATCGACTTCAAGGAGGACGGCAACATCCTGGGGCACAAGCTGGAGTACAACTACAACAGCCACAACGTCTATATCATGGCCGACAAGCAGAAGAACGGCATCAAGGTGAACTTCAAGATCCGCCACAACATCGAGGACGGCAGCGTGCAGCTCGCCGACCACTACCAGCAGAACACCCCCATCGGCGACGGCCCCGTGCTGCTGCCCGACAACCACTACCTGAGCACCCAGTCCGCCCTGAGCAAAGACCCCAACGAGAAGCGCGATCACATGGTCCTGCTGGAGTTCGTGACCGCCGCCGGGATCACTCTCGGCATGGACGAGCTGTACAAGTCCTAAGGTGTACCTTCCATTTTAAAATTTTTCTTCAGATCCCGTTCAGTTTTATTTCCATTGCATCTAATGAAGCAACTGACCCTCAGGTCACAGGCAGAGAGAGTCACAGCAGCAGACTGCTCTGGGTCAGTGACAACTGTACATCAGGAGATTGTGTTGTTTTCTTCTTCACCTGCTCCTATCTATGGACTTCATTTTAGTCACCATGGAGTAAAAACATATATTCGATGATCTGCTCACATTCCTGCTCTCTACCTACTTCTTGGTATTCCGAATTGTTCAGTTAATTTAGAGAAGGCCTTTTCTGAAGGGATATCTAAAAAGCATAGGAAATCCTTGGTTCAGAGGGAAGTGGGTCTGCTTCATGGTTGTTAAGTCTACTGTCTGGCTTCTTTTGCATTTTTAAAAATAAGACGATTTAATTTTAATTTCATAGGATTTTATAGAAAAGCTCTTAATTTTCTACTAGCAGTATATAGTATCACTTCTATTCTTTTTGTTAAAGGAAAAGGAAATGTCCCCAAAGTATTAAAGAATTAAATGATACTGAAAATTTGTATGATTCAAA,2.0496397380217624,0.42766246102490857,1.6219772769968537
N_to_AAT,N,AAT,CWF19L2,CWF19L2,4,1316,28,723,565,AATTTTCTTGCGGCTTCTTAGCTTTACGATGGTGAGCAAGGGCGAGGAGCTGTTCACCGGGGTGGTGCCCATCCTGGTCGAGCTGGACGGCGACGTAAATGGCCACAAGTTCAGCGTGTCCGGCGAGGGCGAGGGCGATGCCACCTACGGCAAGCTGACCCTGAAGTTCATCTGCACCACCGGCAAGCTGCCCGTGCCCTGGCCCACCCTCGTGACCACCCTGACCTACGGCGTGCAGTGCTTCAGCCGCTACCCCGACCACATGAAGCAGCACGACTTCTTCAAGTCCGCCATGCCCGAAGGCTACGTCCAGGAGCGCACCATCTTCTTCAAGGACGACGGCAATTACAAGACCCGCGCCGAGGTGAAGTTCGAGGGCGACACCCTGGTGAATCGCATCGAGCTGAAGGGCATCGACTTCAAGGAGGACGGCAATATCCTGGGGCACAAGCTGGAGTACAATTACAATAGCCACAATGTCTATATCATGGCCGACAAGCAGAAGAATGGCATCAAGGTGAATTTCAAGATCCGCCACAATATCGAGGACGGCAGCGTGCAGCTCGCCGACCACTACCAGCAGAATACCCCCATCGGCGACGGCCCCGTGCTGCTGCCCGACAATCACTACCTGAGCACCCAGTCCGCCCTGAGCAAAGACCCCAATGAGAAGCGCGATCACATGGTCCTGCTGGAGTTCGTGACCGCCGCCGGGATCACTCTCGGCATGGACGAGCTGTACAAGTCCTAAGGTGTACCTTCCATTTTAAAATTTTTCTTCAGATCCCGTTCAGTTTTATTTCCATTGCATCTAATGAAGCAACTGACCCTCAGGTCACAGGCAGAGAGAGTCACAGCAGCAGACTGCTCTGGGTCAGTGACAACTGTACATCAGGAGATTGTGTTGTTTTCTTCTTCACCTGCTCCTATCTATGGACTTCATTTTAGTCACCATGGAGTAAAAACATATATTCGATGATCTGCTCACATTCCTGCTCTCTACCTACTTCTTGGTATTCCGAATTGTTCAGTTAATTTAGAGAAGGCCTTTTCTGAAGGGATATCTAAAAAGCATAGGAAATCCTTGGTTCAGAGGGAAGTGGGTCTGCTTCATGGTTGTTAAGTCTACTGTCTGGCTTCTTTTGCATTTTTAAAAATAAGACGATTTAATTTTAATTTCATAGGATTTTATAGAAAAGCTCTTAATTTTCTACTAGCAGTATATAGTATCACTTCTATTCTTTTTGTTAAAGGAAAAGGAAATGTCCCCAAAGTATTAAAGAATTAAATGATACTGAAAATTTGTATGATTCAAA,2.021779731456937,0.6719844395367811,1.3497952919201557
H_to_CAC,H,CAC,CWF19L2,CWF19L2,4,1316,28,723,565,AATTTTCTTGCGGCTTCTTAGCTTTACGATGGTGAGCAAGGGCGAGGAGCTGTTCACCGGGGTGGTGCCCATCCTGGTCGAGCTGGACGGCGACGTAAACGGCCACAAGTTCAGCGTGTCCGGCGAGGGCGAGGGCGATGCCACCTACGGCAAGCTGACCCTGAAGTTCATCTGCACCACCGGCAAGCTGCCCGTGCCCTGGCCCACCCTCGTGACCACCCTGACCTACGGCGTGCAGTGCTTCAGCCGCTACCCCGACCACATGAAGCAGCACGACTTCTTCAAGTCCGCCATGCCCGAAGGCTACGTCCAGGAGCGCACCATCTTCTTCAAGGACGACGGCAACTACAAGACCCGCGCCGAGGTGAAGTTCGAGGGCGACACCCTGGTGAACCGCATCGAGCTGAAGGGCATCGACTTCAAGGAGGACGGCAACATCCTGGGGCACAAGCTGGAGTACAACTACAACAGCCACAACGTCTATATCATGGCCGACAAGCAGAAGAACGGCATCAAGGTGAACTTCAAGATCCGCCACAACATCGAGGACGGCAGCGTGCAGCTCGCCGACCACTACCAGCAGAACACCCCCATCGGCGACGGCCCCGTGCTGCTGCCCGACAACCACTACCTGAGCACCCAGTCCGCCCTGAGCAAAGACCCCAACGAGAAGCGCGATCACATGGTCCTGCTGGAGTTCGTGACCGCCGCCGGGATCACTCTCGGCATGGACGAGCTGTACAAGTCCTAAGGTGTACCTTCCATTTTAAAATTTTTCTTCAGATCCCGTTCAGTTTTATTTCCATTGCATCTAATGAAGCAACTGACCCTCAGGTCACAGGCAGAGAGAGTCACAGCAGCAGACTGCTCTGGGTCAGTGACAACTGTACATCAGGAGATTGTGTTGTTTTCTTCTTCACCTGCTCCTATCTATGGACTTCATTTTAGTCACCATGGAGTAAAAACATATATTCGATGATCTGCTCACATTCCTGCTCTCTACCTACTTCTTGGTATTCCGAATTGTTCAGTTAATTTAGAGAAGGCCTTTTCTGAAGGGATATCTAAAAAGCATAGGAAATCCTTGGTTCAGAGGGAAGTGGGTCTGCTTCATGGTTGTTAAGTCTACTGTCTGGCTTCTTTTGCATTTTTAAAAATAAGACGATTTAATTTTAATTTCATAGGATTTTATAGAAAAGCTCTTAATTTTCTACTAGCAGTATATAGTATCACTTCTATTCTTTTTGTTAAAGGAAAAGGAAATGTCCCCAAAGTATTAAAGAATTAAATGATACTGAAAATTTGTATGATTCAAA,2.0496397380217624,0.42766246102490857,1.6219772769968537
H_to_CAT,H,CAT,CWF19L2,CWF19L2,4,1316,28,723,565,AATTTTCTTGCGGCTTCTTAGCTTTACGATGGTGAGCAAGGGCGAGGAGCTGTTCACCGGGGTGGTGCCCATCCTGGTCGAGCTGGACGGCGACGTAAACGGCCATAAGTTCAGCGTGTCCGGCGAGGGCGAGGGCGATGCCACCTACGGCAAGCTGACCCTGAAGTTCATCTGCACCACCGGCAAGCTGCCCGTGCCCTGGCCCACCCTCGTGACCACCCTGACCTACGGCGTGCAGTGCTTCAGCCGCTACCCCGACCATATGAAGCAGCATGACTTCTTCAAGTCCGCCATGCCCGAAGGCTACGTCCAGGAGCGCACCATCTTCTTCAAGGACGACGGCAACTACAAGACCCGCGCCGAGGTGAAGTTCGAGGGCGACACCCTGGTGAACCGCATCGAGCTGAAGGGCATCGACTTCAAGGAGGACGGCAACATCCTGGGGCATAAGCTGGAGTACAACTACAACAGCCATAACGTCTATATCATGGCCGACAAGCAGAAGAACGGCATCAAGGTGAACTTCAAGATCCGCCATAACATCGAGGACGGCAGCGTGCAGCTCGCCGACCATTACCAGCAGAACACCCCCATCGGCGACGGCCCCGTGCTGCTGCCCGACAACCATTACCTGAGCACCCAGTCCGCCCTGAGCAAAGACCCCAACGAGAAGCGCGATCATATGGTCCTGCTGGAGTTCGTGACCGCCGCCGGGATCACTCTCGGCATGGACGAGCTGTACAAGTCCTAAGGTGTACCTTCCATTTTAAAATTTTTCTTCAGATCCCGTTCAGTTTTATTTCCATTGCATCTAATGAAGCAACTGACCCTCAGGTCACAGGCAGAGAGAGTCACAGCAGCAGACTGCTCTGGGTCAGTGACAACTGTACATCAGGAGATTGTGTTGTTTTCTTCTTCACCTGCTCCTATCTATGGACTTCATTTTAGTCACCATGGAGTAAAAACATATATTCGATGATCTGCTCACATTCCTGCTCTCTACCTACTTCTTGGTATTCCGAATTGTTCAGTTAATTTAGAGAAGGCCTTTTCTGAAGGGATATCTAAAAAGCATAGGAAATCCTTGGTTCAGAGGGAAGTGGGTCTGCTTCATGGTTGTTAAGTCTACTGTCTGGCTTCTTTTGCATTTTTAAAAATAAGACGATTTAATTTTAATTTCATAGGATTTTATAGAAAAGCTCTTAATTTTCTACTAGCAGTATATAGTATCACTTCTATTCTTTTTGTTAAAGGAAAAGGAAATGTCCCCAAAGTATTAAAGAATTAAATGATACTGAAAATTTGTATGATTCAAA,2.0031888513868807,0.4225817293727385,1.5806071220141422
E_to_GAA,E,GAA,CWF19L2,CWF19L2,4,1316,28,723,565,AATTTTCTTGCGGCTTCTTAGCTTTACGATGGTGAGCAAGGGCGAAGAACTGTTCACCGGGGTGGTGCCCATCCTGGTCGAACTGGACGGCGACGTAAACGGCCACAAGTTCAGCGTGTCCGGCGAAGGCGAAGGCGATGCCACCTACGGCAAGCTGACCCTGAAGTTCATCTGCACCACCGGCAAGCTGCCCGTGCCCTGGCCCACCCTCGTGACCACCCTGACCTACGGCGTGCAGTGCTTCAGCCGCTACCCCGACCACATGAAGCAGCACGACTTCTTCAAGTCCGCCATGCCCGAAGGCTACGTCCAGGAACGCACCATCTTCTTCAAGGACGACGGCAACTACAAGACCCGCGCCGAAGTGAAGTTCGAAGGCGACACCCTGGTGAACCGCATCGAACTGAAGGGCATCGACTTCAAGGAAGACGGCAACATCCTGGGGCACAAGCTGGAATACAACTACAACAGCCACAACGTCTATATCATGGCCGACAAGCAGAAGAACGGCATCAAGGTGAACTTCAAGATCCGCCACAACATCGAAGACGGCAGCGTGCAGCTCGCCGACCACTACCAGCAGAACACCCCCATCGGCGACGGCCCCGTGCTGCTGCCCGACAACCACTACCTGAGCACCCAGTCCGCCCTGAGCAAAGACCCCAACGAAAAGCGCGATCACATGGTCCTGCTGGAATTCGTGACCGCCGCCGGGATCACTCTCGGCATGGACGAACTGTACAAGTCCTAAGGTGTACCTTCCATTTTAAAATTTTTCTTCAGATCCCGTTCAGTTTTATTTCCATTGCATCTAATGAAGCAACTGACCCTCAGGTCACAGGCAGAGAGAGTCACAGCAGCAGACTGCTCTGGGTCAGTGACAACTGTACATCAGGAGATTGTGTTGTTTTCTTCTTCACCTGCTCCTATCTATGGACTTCATTTTAGTCACCATGGAGTAAAAACATATATTCGATGATCTGCTCACATTCCTGCTCTCTACCTACTTCTTGGTATTCCGAATTGTTCAGTTAATTTAGAGAAGGCCTTTTCTGAAGGGATATCTAAAAAGCATAGGAAATCCTTGGTTCAGAGGGAAGTGGGTCTGCTTCATGGTTGTTAAGTCTACTGTCTGGCTTCTTTTGCATTTTTAAAAATAAGACGATTTAATTTTAATTTCATAGGATTTTATAGAAAAGCTCTTAATTTTCTACTAGCAGTATATAGTATCACTTCTATTCTTTTTGTTAAAGGAAAAGGAAATGTCCCCAAAGTATTAAAGAATTAAATGATACTGAAAATTTGTATGATTCAAA,2.0896526270444764,0.4609212331434981,1.6287313939009782
E_to_GAG,E,GAG,CWF19L2,CWF19L2,4,1316,28,723,565,AATTTTCTTGCGGCTTCTTAGCTTTACGATGGTGAGCAAGGGCGAGGAGCTGTTCACCGGGGTGGTGCCCATCCTGGTCGAGCTGGACGGCGACGTAAACGGCCACAAGTTCAGCGTGTCCGGCGAGGGCGAGGGCGATGCCACCTACGGCAAGCTGACCCTGAAGTTCATCTGCACCACCGGCAAGCTGCCCGTGCCCTGGCCCACCCTCGTGACCACCCTGACCTACGGCGTGCAGTGCTTCAGCCGCTACCCCGACCACATGAAGCAGCACGACTTCTTCAAGTCCGCCATGCCCGAGGGCTACGTCCAGGAGCGCACCATCTTCTTCAAGGACGACGGCAACTACAAGACCCGCGCCGAGGTGAAGTTCGAGGGCGACACCCTGGTGAACCGCATCGAGCTGAAGGGCATCGACTTCAAGGAGGACGGCAACATCCTGGGGCACAAGCTGGAGTACAACTACAACAGCCACAACGTCTATATCATGGCCGACAAGCAGAAGAACGGCATCAAGGTGAACTTCAAGATCCGCCACAACATCGAGGACGGCAGCGTGCAGCTCGCCGACCACTACCAGCAGAACACCCCCATCGGCGACGGCCCCGTGCTGCTGCCCGACAACCACTACCTGAGCACCCAGTCCGCCCTGAGCAAAGACCCCAACGAGAAGCGCGATCACATGGTCCTGCTGGAGTTCGTGACCGCCGCCGGGATCACTCTCGGCATGGACGAGCTGTACAAGTCCTAAGGTGTACCTTCCATTTTAAAATTTTTCTTCAGATCCCGTTCAGTTTTATTTCCATTGCATCTAATGAAGCAACTGACCCTCAGGTCACAGGCAGAGAGAGTCACAGCAGCAGACTGCTCTGGGTCAGTGACAACTGTACATCAGGAGATTGTGTTGTTTTCTTCTTCACCTGCTCCTATCTATGGACTTCATTTTAGTCACCATGGAGTAAAAACATATATTCGATGATCTGCTCACATTCCTGCTCTCTACCTACTTCTTGGTATTCCGAATTGTTCAGTTAATTTAGAGAAGGCCTTTTCTGAAGGGATATCTAAAAAGCATAGGAAATCCTTGGTTCAGAGGGAAGTGGGTCTGCTTCATGGTTGTTAAGTCTACTGTCTGGCTTCTTTTGCATTTTTAAAAATAAGACGATTTAATTTTAATTTCATAGGATTTTATAGAAAAGCTCTTAATTTTCTACTAGCAGTATATAGTATCACTTCTATTCTTTTTGTTAAAGGAAAAGGAAATGTCCCCAAAGTATTAAAGAATTAAATGATACTGAAAATTTGTATGATTCAAA,2.0496397380217624,0.4524100812830166,1.5972296567387458
D_to_GAC,D,GAC,CWF19L2,CWF19L2,4,1316,28,723,565,AATTTTCTTGCGGCTTCTTAGCTTTACGATGGTGAGCAAGGGCGAGGAGCTGTTCACCGGGGTGGTGCCCATCCTGGTCGAGCTGGACGGCGACGTAAACGGCCACAAGTTCAGCGTGTCCGGCGAGGGCGAGGGCGACGCCACCTACGGCAAGCTGACCCTGAAGTTCATCTGCACCACCGGCAAGCTGCCCGTGCCCTGGCCCACCCTCGTGACCACCCTGACCTACGGCGTGCAGTGCTTCAGCCGCTACCCCGACCACATGAAGCAGCACGACTTCTTCAAGTCCGCCATGCCCGAAGGCTACGTCCAGGAGCGCACCATCTTCTTCAAGGACGACGGCAACTACAAGACCCGCGCCGAGGTGAAGTTCGAGGGCGACACCCTGGTGAACCGCATCGAGCTGAAGGGCATCGACTTCAAGGAGGACGGCAACATCCTGGGGCACAAGCTGGAGTACAACTACAACAGCCACAACGTCTATATCATGGCCGACAAGCAGAAGAACGGCATCAAGGTGAACTTCAAGATCCGCCACAACATCGAGGACGGCAGCGTGCAGCTCGCCGACCACTACCAGCAGAACACCCCCATCGGCGACGGCCCCGTGCTGCTGCCCGACAACCACTACCTGAGCACCCAGTCCGCCCTGAGCAAAGACCCCAACGAGAAGCGCGACCACATGGTCCTGCTGGAGTTCGTGACCGCCGCCGGGATCACTCTCGGCATGGACGAGCTGTACAAGTCCTAAGGTGTACCTTCCATTTTAAAATTTTTCTTCAGATCCCGTTCAGTTTTATTTCCATTGCATCTAATGAAGCAACTGACCCTCAGGTCACAGGCAGAGAGAGTCACAGCAGCAGACTGCTCTGGGTCAGTGACAACTGTACATCAGGAGATTGTGTTGTTTTCTTCTTCACCTGCTCCTATCTATGGACTTCATTTTAGTCACCATGGAGTAAAAACATATATTCGATGATCTGCTCACATTCCTGCTCTCTACCTACTTCTTGGTATTCCGAATTGTTCAGTTAATTTAGAGAAGGCCTTTTCTGAAGGGATATCTAAAAAGCATAGGAAATCCTTGGTTCAGAGGGAAGTGGGTCTGCTTCATGGTTGTTAAGTCTACTGTCTGGCTTCTTTTGCATTTTTAAAAATAAGACGATTTAATTTTAATTTCATAGGATTTTATAGAAAAGCTCTTAATTTTCTACTAGCAGTATATAGTATCACTTCTATTCTTTTTGTTAAAGGAAAAGGAAATGTCCCCAAAGTATTAAAGAATTAAATGATACTGAAAATTTGTATGATTCAAA,2.0496397380217624,0.42766246102490857,1.6219772769968537
D_to_GAT,D,GAT,CWF19L2,CWF19L2,4,1316,28,723,565,AATTTTCTTGCGGCTTCTTAGCTTTACGATGGTGAGCAAGGGCGAGGAGCTGTTCACCGGGGTGGTGCCCATCCTGGTCGAGCTGGATGGCGATGTAAACGGCCACAAGTTCAGCGTGTCCGGCGAGGGCGAGGGCGATGCCACCTACGGCAAGCTGACCCTGAAGTTCATCTGCACCACCGGCAAGCTGCCCGTGCCCTGGCCCACCCTCGTGACCACCCTGACCTACGGCGTGCAGTGCTTCAGCCGCTACCCCGATCACATGAAGCAGCACGATTTCTTCAAGTCCGCCATGCCCGAAGGCTACGTCCAGGAGCGCACCATCTTCTTCAAGGATGATGGCAACTACAAGACCCGCGCCGAGGTGAAGTTCGAGGGCGATACCCTGGTGAACCGCATCGAGCTGAAGGGCATCGATTTCAAGGAGGATGGCAACATCCTGGGGCACAAGCTGGAGTACAACTACAACAGCCACAACGTCTATATCATGGCCGATAAGCAGAAGAACGGCATCAAGGTGAACTTCAAGATCCGCCACAACATCGAGGATGGCAGCGTGCAGCTCGCCGATCACTACCAGCAGAACACCCCCATCGGCGATGGCCCCGTGCTGCTGCCCGATAACCACTACCTGAGCACCCAGTCCGCCCTGAGCAAAGATCCCAACGAGAAGCGCGATCACATGGTCCTGCTGGAGTTCGTGACCGCCGCCGGGATCACTCTCGGCATGGATGAGCTGTACAAGTCCTAAGGTGTACCTTCCATTTTAAAATTTTTCTTCAGATCCCGTTCAGTTTTATTTCCATTGCATCTAATGAAGCAACTGACCCTCAGGTCACAGGCAGAGAGAGTCACAGCAGCAGACTGCTCTGGGTCAGTGACAACTGTACATCAGGAGATTGTGTTGTTTTCTTCTTCACCTGCTCCTATCTATGGACTTCATTTTAGTCACCATGGAGTAAAAACATATATTCGATGATCTGCTCACATTCCTGCTCTCTACCTACTTCTTGGTATTCCGAATTGTTCAGTTAATTTAGAGAAGGCCTTTTCTGAAGGGATATCTAAAAAGCATAGGAAATCCTTGGTTCAGAGGGAAGTGGGTCTGCTTCATGGTTGTTAAGTCTACTGTCTGGCTTCTTTTGCATTTTTAAAAATAAGACGATTTAATTTTAATTTCATAGGATTTTATAGAAAAGCTCTTAATTTTCTACTAGCAGTATATAGTATCACTTCTATTCTTTTTGTTAAAGGAAAAGGAAATGTCCCCAAAGTATTAAAGAATTAAATGATACTGAAAATTTGTATGATTCAAA,2.0704451264831425,0.49816687804785287,1.5722782484352895
K_to_AAA,K,AAA,CWF19L2,CWF19L2,4,1316,28,723,565,AATTTTCTTGCGGCTTCTTAGCTTTACGATGGTGAGCAAAGGCGAGGAGCTGTTCACCGGGGTGGTGCCCATCCTGGTCGAGCTGGACGGCGACGTAAACGGCCACAAATTCAGCGTGTCCGGCGAGGGCGAGGGCGATGCCACCTACGGCAAACTGACCCTGAAATTCATCTGCACCACCGGCAAACTGCCCGTGCCCTGGCCCACCCTCGTGACCACCCTGACCTACGGCGTGCAGTGCTTCAGCCGCTACCCCGACCACATGAAACAGCACGACTTCTTCAAATCCGCCATGCCCGAAGGCTACGTCCAGGAGCGCACCATCTTCTTCAAAGACGACGGCAACTACAAAACCCGCGCCGAGGTGAAATTCGAGGGCGACACCCTGGTGAACCGCATCGAGCTGAAAGGCATCGACTTCAAAGAGGACGGCAACATCCTGGGGCACAAACTGGAGTACAACTACAACAGCCACAACGTCTATATCATGGCCGACAAACAGAAAAACGGCATCAAAGTGAACTTCAAAATCCGCCACAACATCGAGGACGGCAGCGTGCAGCTCGCCGACCACTACCAGCAGAACACCCCCATCGGCGACGGCCCCGTGCTGCTGCCCGACAACCACTACCTGAGCACCCAGTCCGCCCTGAGCAAAGACCCCAACGAGAAACGCGATCACATGGTCCTGCTGGAGTTCGTGACCGCCGCCGGGATCACTCTCGGCATGGACGAGCTGTACAAATCCTAAGGTGTACCTTCCATTTTAAAATTTTTCTTCAGATCCCGTTCAGTTTTATTTCCATTGCATCTAATGAAGCAACTGACCCTCAGGTCACAGGCAGAGAGAGTCACAGCAGCAGACTGCTCTGGGTCAGTGACAACTGTACATCAGGAGATTGTGTTGTTTTCTTCTTCACCTGCTCCTATCTATGGACTTCATTTTAGTCACCATGGAGTAAAAACATATATTCGATGATCTGCTCACATTCCTGCTCTCTACCTACTTCTTGGTATTCCGAATTGTTCAGTTAATTTAGAGAAGGCCTTTTCTGAAGGGATATCTAAAAAGCATAGGAAATCCTTGGTTCAGAGGGAAGTGGGTCTGCTTCATGGTTGTTAAGTCTACTGTCTGGCTTCTTTTGCATTTTTAAAAATAAGACGATTTAATTTTAATTTCATAGGATTTTATAGAAAAGCTCTTAATTTTCTACTAGCAGTATATAGTATCACTTCTATTCTTTTTGTTAAAGGAAAAGGAAATGTCCCCAAAGTATTAAAGAATTAAATGATACTGAAAATTTGTATGATTCAAA,1.7292968366144557,0.3790287985978248,1.350268038016631
K_to_AAG,K,AAG,CWF19L2,CWF19L2,4,1316,28,723,565,AATTTTCTTGCGGCTTCTTAGCTTTACGATGGTGAGCAAGGGCGAGGAGCTGTTCACCGGGGTGGTGCCCATCCTGGTCGAGCTGGACGGCGACGTAAACGGCCACAAGTTCAGCGTGTCCGGCGAGGGCGAGGGCGATGCCACCTACGGCAAGCTGACCCTGAAGTTCATCTGCACCACCGGCAAGCTGCCCGTGCCCTGGCCCACCCTCGTGACCACCCTGACCTACGGCGTGCAGTGCTTCAGCCGCTACCCCGACCACATGAAGCAGCACGACTTCTTCAAGTCCGCCATGCCCGAAGGCTACGTCCAGGAGCGCACCATCTTCTTCAAGGACGACGGCAACTACAAGACCCGCGCCGAGGTGAAGTTCGAGGGCGACACCCTGGTGAACCGCATCGAGCTGAAGGGCATCGACTTCAAGGAGGACGGCAACATCCTGGGGCACAAGCTGGAGTACAACTACAACAGCCACAACGTCTATATCATGGCCGACAAGCAGAAGAACGGCATCAAGGTGAACTTCAAGATCCGCCACAACATCGAGGACGGCAGCGTGCAGCTCGCCGACCACTACCAGCAGAACACCCCCATCGGCGACGGCCCCGTGCTGCTGCCCGACAACCACTACCTGAGCACCCAGTCCGCCCTGAGCAAGGACCCCAACGAGAAGCGCGATCACATGGTCCTGCTGGAGTTCGTGACCGCCGCCGGGATCACTCTCGGCATGGACGAGCTGTACAAGTCCTAAGGTGTACCTTCCATTTTAAAATTTTTCTTCAGATCCCGTTCAGTTTTATTTCCATTGCATCTAATGAAGCAACTGACCCTCAGGTCACAGGCAGAGAGAGTCACAGCAGCAGACTGCTCTGGGTCAGTGACAACTGTACATCAGGAGATTGTGTTGTTTTCTTCTTCACCTGCTCCTATCTATGGACTTCATTTTAGTCACCATGGAGTAAAAACATATATTCGATGATCTGCTCACATTCCTGCTCTCTACCTACTTCTTGGTATTCCGAATTGTTCAGTTAATTTAGAGAAGGCCTTTTCTGAAGGGATATCTAAAAAGCATAGGAAATCCTTGGTTCAGAGGGAAGTGGGTCTGCTTCATGGTTGTTAAGTCTACTGTCTGGCTTCTTTTGCATTTTTAAAAATAAGACGATTTAATTTTAATTTCATAGGATTTTATAGAAAAGCTCTTAATTTTCTACTAGCAGTATATAGTATCACTTCTATTCTTTTTGTTAAAGGAAAAGGAAATGTCCCCAAAGTATTAAAGAATTAAATGATACTGAAAATTTGTATGATTCAAA,2.010640724715842,0.45212033504981647,1.5585203896660256
R_to_CGA,R,CGA,CWF19L2,CWF19L2,4,1316,28,723,565,AATTTTCTTGCGGCTTCTTAGCTTTACGATGGTGAGCAAGGGCGAGGAGCTGTTCACCGGGGTGGTGCCCATCCTGGTCGAGCTGGACGGCGACGTAAACGGCCACAAGTTCAGCGTGTCCGGCGAGGGCGAGGGCGATGCCACCTACGGCAAGCTGACCCTGAAGTTCATCTGCACCACCGGCAAGCTGCCCGTGCCCTGGCCCACCCTCGTGACCACCCTGACCTACGGCGTGCAGTGCTTCAGCCGATACCCCGACCACATGAAGCAGCACGACTTCTTCAAGTCCGCCATGCCCGAAGGCTACGTCCAGGAGCGAACCATCTTCTTCAAGGACGACGGCAACTACAAGACCCGAGCCGAGGTGAAGTTCGAGGGCGACACCCTGGTGAACCGAATCGAGCTGAAGGGCATCGACTTCAAGGAGGACGGCAACATCCTGGGGCACAAGCTGGAGTACAACTACAACAGCCACAACGTCTATATCATGGCCGACAAGCAGAAGAACGGCATCAAGGTGAACTTCAAGATCCGACACAACATCGAGGACGGCAGCGTGCAGCTCGCCGACCACTACCAGCAGAACACCCCCATCGGCGACGGCCCCGTGCTGCTGCCCGACAACCACTACCTGAGCACCCAGTCCGCCCTGAGCAAAGACCCCAACGAGAAGCGAGATCACATGGTCCTGCTGGAGTTCGTGACCGCCGCCGGGATCACTCTCGGCATGGACGAGCTGTACAAGTCCTAAGGTGTACCTTCCATTTTAAAATTTTTCTTCAGATCCCGTTCAGTTTTATTTCCATTGCATCTAATGAAGCAACTGACCCTCAGGTCACAGGCAGAGAGAGTCACAGCAGCAGACTGCTCTGGGTCAGTGACAACTGTACATCAGGAGATTGTGTTGTTTTCTTCTTCACCTGCTCCTATCTATGGACTTCATTTTAGTCACCATGGAGTAAAAACATATATTCGATGATCTGCTCACATTCCTGCTCTCTACCTACTTCTTGGTATTCCGAATTGTTCAGTTAATTTAGAGAAGGCCTTTTCTGAAGGGATATCTAAAAAGCATAGGAAATCCTTGGTTCAGAGGGAAGTGGGTCTGCTTCATGGTTGTTAAGTCTACTGTCTGGCTTCTTTTGCATTTTTAAAAATAAGACGATTTAATTTTAATTTCATAGGATTTTATAGAAAAGCTCTTAATTTTCTACTAGCAGTATATAGTATCACTTCTATTCTTTTTGTTAAAGGAAAAGGAAATGTCCCCAAAGTATTAAAGAATTAAATGATACTGAAAATTTGTATGATTCAAA,2.0155058635142784,0.46692365306455175,1.5485822104497267
R_to_CGC,R,CGC,CWF19L2,CWF19L2,4,1316,28,723,565,AATTTTCTTGCGGCTTCTTAGCTTTACGATGGTGAGCAAGGGCGAGGAGCTGTTCACCGGGGTGGTGCCCATCCTGGTCGAGCTGGACGGCGACGTAAACGGCCACAAGTTCAGCGTGTCCGGCGAGGGCGAGGGCGATGCCACCTACGGCAAGCTGACCCTGAAGTTCATCTGCACCACCGGCAAGCTGCCCGTGCCCTGGCCCACCCTCGTGACCACCCTGACCTACGGCGTGCAGTGCTTCAGCCGCTACCCCGACCACATGAAGCAGCACGACTTCTTCAAGTCCGCCATGCCCGAAGGCTACGTCCAGGAGCGCACCATCTTCTTCAAGGACGACGGCAACTACAAGACCCGCGCCGAGGTGAAGTTCGAGGGCGACACCCTGGTGAACCGCATCGAGCTGAAGGGCATCGACTTCAAGGAGGACGGCAACATCCTGGGGCACAAGCTGGAGTACAACTACAACAGCCACAACGTCTATATCATGGCCGACAAGCAGAAGAACGGCATCAAGGTGAACTTCAAGATCCGCCACAACATCGAGGACGGCAGCGTGCAGCTCGCCGACCACTACCAGCAGAACACCCCCATCGGCGACGGCCCCGTGCTGCTGCCCGACAACCACTACCTGAGCACCCAGTCCGCCCTGAGCAAAGACCCCAACGAGAAGCGCGATCACATGGTCCTGCTGGAGTTCGTGACCGCCGCCGGGATCACTCTCGGCATGGACGAGCTGTACAAGTCCTAAGGTGTACCTTCCATTTTAAAATTTTTCTTCAGATCCCGTTCAGTTTTATTTCCATTGCATCTAATGAAGCAACTGACCCTCAGGTCACAGGCAGAGAGAGTCACAGCAGCAGACTGCTCTGGGTCAGTGACAACTGTACATCAGGAGATTGTGTTGTTTTCTTCTTCACCTGCTCCTATCTATGGACTTCATTTTAGTCACCATGGAGTAAAAACATATATTCGATGATCTGCTCACATTCCTGCTCTCTACCTACTTCTTGGTATTCCGAATTGTTCAGTTAATTTAGAGAAGGCCTTTTCTGAAGGGATATCTAAAAAGCATAGGAAATCCTTGGTTCAGAGGGAAGTGGGTCTGCTTCATGGTTGTTAAGTCTACTGTCTGGCTTCTTTTGCATTTTTAAAAATAAGACGATTTAATTTTAATTTCATAGGATTTTATAGAAAAGCTCTTAATTTTCTACTAGCAGTATATAGTATCACTTCTATTCTTTTTGTTAAAGGAAAAGGAAATGTCCCCAAAGTATTAAAGAATTAAATGATACTGAAAATTTGTATGATTCAAA,2.0496397380217624,0.42766246102490857,1.6219772769968537
R_to_CGG,R,CGG,CWF19L2,CWF19L2,4,1316,28,723,565,AATTTTCTTGCGGCTTCTTAGCTTTACGATGGTGAGCAAGGGCGAGGAGCTGTTCACCGGGGTGGTGCCCATCCTGGTCGAGCTGGACGGCGACGTAAACGGCCACAAGTTCAGCGTGTCCGGCGAGGGCGAGGGCGATGCCACCTACGGCAAGCTGACCCTGAAGTTCATCTGCACCACCGGCAAGCTGCCCGTGCCCTGGCCCACCCTCGTGACCACCCTGACCTACGGCGTGCAGTGCTTCAGCCGGTACCCCGACCACATGAAGCAGCACGACTTCTTCAAGTCCGCCATGCCCGAAGGCTACGTCCAGGAGCGGACCATCTTCTTCAAGGACGACGGCAACTACAAGACCCGGGCCGAGGTGAAGTTCGAGGGCGACACCCTGGTGAACCGGATCGAGCTGAAGGGCATCGACTTCAAGGAGGACGGCAACATCCTGGGGCACAAGCTGGAGTACAACTACAACAGCCACAACGTCTATATCATGGCCGACAAGCAGAAGAACGGCATCAAGGTGAACTTCAAGATCCGGCACAACATCGAGGACGGCAGCGTGCAGCTCGCCGACCACTACCAGCAGAACACCCCCATCGGCGACGGCCCCGTGCTGCTGCCCGACAACCACTACCTGAGCACCCAGTCCGCCCTGAGCAAAGACCCCAACGAGAAGCGGGATCACATGGTCCTGCTGGAGTTCGTGACCGCCGCCGGGATCACTCTCGGCATGGACGAGCTGTACAAGTCCTAAGGTGTACCTTCCATTTTAAAATTTTTCTTCAGATCCCGTTCAGTTTTATTTCCATTGCATCTAATGAAGCAACTGACCCTCAGGTCACAGGCAGAGAGAGTCACAGCAGCAGACTGCTCTGGGTCAGTGACAACTGTACATCAGGAGATTGTGTTGTTTTCTTCTTCACCTGCTCCTATCTATGGACTTCATTTTAGTCACCATGGAGTAAAAACATATATTCGATGATCTGCTCACATTCCTGCTCTCTACCTACTTCTTGGTATTCCGAATTGTTCAGTTAATTTAGAGAAGGCCTTTTCTGAAGGGATATCTAAAAAGCATAGGAAATCCTTGGTTCAGAGGGAAGTGGGTCTGCTTCATGGTTGTTAAGTCTACTGTCTGGCTTCTTTTGCATTTTTAAAAATAAGACGATTTAATTTTAATTTCATAGGATTTTATAGAAAAGCTCTTAATTTTCTACTAGCAGTATATAGTATCACTTCTATTCTTTTTGTTAAAGGAAAAGGAAATGTCCCCAAAGTATTAAAGAATTAAATGATACTGAAAATTTGTATGATTCAAA,1.9588536324129475,0.36232034551624415,1.5965332868967033
R_to_CGT,R,CGT,CWF19L2,CWF19L2,4,1316,28,723,565,AATTTTCTTGCGGCTTCTTAGCTTTACGATGGTGAGCAAGGGCGAGGAGCTGTTCACCGGGGTGGTGCCCATCCTGGTCGAGCTGGACGGCGACGTAAACGGCCACAAGTTCAGCGTGTCCGGCGAGGGCGAGGGCGATGCCACCTACGGCAAGCTGACCCTGAAGTTCATCTGCACCACCGGCAAGCTGCCCGTGCCCTGGCCCACCCTCGTGACCACCCTGACCTACGGCGTGCAGTGCTTCAGCCGTTACCCCGACCACATGAAGCAGCACGACTTCTTCAAGTCCGCCATGCCCGAAGGCTACGTCCAGGAGCGTACCATCTTCTTCAAGGACGACGGCAACTACAAGACCCGTGCCGAGGTGAAGTTCGAGGGCGACACCCTGGTGAACCGTATCGAGCTGAAGGGCATCGACTTCAAGGAGGACGGCAACATCCTGGGGCACAAGCTGGAGTACAACTACAACAGCCACAACGTCTATATCATGGCCGACAAGCAGAAGAACGGCATCAAGGTGAACTTCAAGATCCGTCACAACATCGAGGACGGCAGCGTGCAGCTCGCCGACCACTACCAGCAGAACACCCCCATCGGCGACGGCCCCGTGCTGCTGCCCGACAACCACTACCTGAGCACCCAGTCCGCCCTGAGCAAAGACCCCAACGAGAAGCGTGATCACATGGTCCTGCTGGAGTTCGTGACCGCCGCCGGGATCACTCTCGGCATGGACGAGCTGTACAAGTCCTAAGGTGTACCTTCCATTTTAAAATTTTTCTTCAGATCCCGTTCAGTTTTATTTCCATTGCATCTAATGAAGCAACTGACCCTCAGGTCACAGGCAGAGAGAGTCACAGCAGCAGACTGCTCTGGGTCAGTGACAACTGTACATCAGGAGATTGTGTTGTTTTCTTCTTCACCTGCTCCTATCTATGGACTTCATTTTAGTCACCATGGAGTAAAAACATATATTCGATGATCTGCTCACATTCCTGCTCTCTACCTACTTCTTGGTATTCCGAATTGTTCAGTTAATTTAGAGAAGGCCTTTTCTGAAGGGATATCTAAAAAGCATAGGAAATCCTTGGTTCAGAGGGAAGTGGGTCTGCTTCATGGTTGTTAAGTCTACTGTCTGGCTTCTTTTGCATTTTTAAAAATAAGACGATTTAATTTTAATTTCATAGGATTTTATAGAAAAGCTCTTAATTTTCTACTAGCAGTATATAGTATCACTTCTATTCTTTTTGTTAAAGGAAAAGGAAATGTCCCCAAAGTATTAAAGAATTAAATGATACTGAAAATTTGTATGATTCAAA,2.1672612340883473,0.3495181155808024,1.8177431185075448
R_to_AGA,R,AGA,CWF19L2,CWF19L2,4,1316,28,723,565,AATTTTCTTGCGGCTTCTTAGCTTTACGATGGTGAGCAAGGGCGAGGAGCTGTTCACCGGGGTGGTGCCCATCCTGGTCGAGCTGGACGGCGACGTAAACGGCCACAAGTTCAGCGTGTCCGGCGAGGGCGAGGGCGATGCCACCTACGGCAAGCTGACCCTGAAGTTCATCTGCACCACCGGCAAGCTGCCCGTGCCCTGGCCCACCCTCGTGACCACCCTGACCTACGGCGTGCAGTGCTTCAGCAGATACCCCGACCACATGAAGCAGCACGACTTCTTCAAGTCCGCCATGCCCGAAGGCTACGTCCAGGAGAGAACCATCTTCTTCAAGGACGACGGCAACTACAAGACCAGAGCCGAGGTGAAGTTCGAGGGCGACACCCTGGTGAACAGAATCGAGCTGAAGGGCATCGACTTCAAGGAGGACGGCAACATCCTGGGGCACAAGCTGGAGTACAACTACAACAGCCACAACGTCTATATCATGGCCGACAAGCAGAAGAACGGCATCAAGGTGAACTTCAAGATCAGACACAACATCGAGGACGGCAGCGTGCAGCTCGCCGACCACTACCAGCAGAACACCCCCATCGGCGACGGCCCCGTGCTGCTGCCCGACAACCACTACCTGAGCACCCAGTCCGCCCTGAGCAAAGACCCCAACGAGAAGAGAGATCACATGGTCCTGCTGGAGTTCGTGACCGCCGCCGGGATCACTCTCGGCATGGACGAGCTGTACAAGTCCTAAGGTGTACCTTCCATTTTAAAATTTTTCTTCAGATCCCGTTCAGTTTTATTTCCATTGCATCTAATGAAGCAACTGACCCTCAGGTCACAGGCAGAGAGAGTCACAGCAGCAGACTGCTCTGGGTCAGTGACAACTGTACATCAGGAGATTGTGTTGTTTTCTTCTTCACCTGCTCCTATCTATGGACTTCATTTTAGTCACCATGGAGTAAAAACATATATTCGATGATCTGCTCACATTCCTGCTCTCTACCTACTTCTTGGTATTCCGAATTGTTCAGTTAATTTAGAGAAGGCCTTTTCTGAAGGGATATCTAAAAAGCATAGGAAATCCTTGGTTCAGAGGGAAGTGGGTCTGCTTCATGGTTGTTAAGTCTACTGTCTGGCTTCTTTTGCATTTTTAAAAATAAGACGATTTAATTTTAATTTCATAGGATTTTATAGAAAAGCTCTTAATTTTCTACTAGCAGTATATAGTATCACTTCTATTCTTTTTGTTAAAGGAAAAGGAAATGTCCCCAAAGTATTAAAGAATTAAATGATACTGAAAATTTGTATGATTCAAA,1.9692376776119642,0.5316578504968484,1.437579827115116
R_to_AGG,R,AGG,CWF19L2,CWF19L2,4,1316,28,723,565,AATTTTCTTGCGGCTTCTTAGCTTTACGATGGTGAGCAAGGGCGAGGAGCTGTTCACCGGGGTGGTGCCCATCCTGGTCGAGCTGGACGGCGACGTAAACGGCCACAAGTTCAGCGTGTCCGGCGAGGGCGAGGGCGATGCCACCTACGGCAAGCTGACCCTGAAGTTCATCTGCACCACCGGCAAGCTGCCCGTGCCCTGGCCCACCCTCGTGACCACCCTGACCTACGGCGTGCAGTGCTTCAGCAGGTACCCCGACCACATGAAGCAGCACGACTTCTTCAAGTCCGCCATGCCCGAAGGCTACGTCCAGGAGAGGACCATCTTCTTCAAGGACGACGGCAACTACAAGACCAGGGCCGAGGTGAAGTTCGAGGGCGACACCCTGGTGAACAGGATCGAGCTGAAGGGCATCGACTTCAAGGAGGACGGCAACATCCTGGGGCACAAGCTGGAGTACAACTACAACAGCCACAACGTCTATATCATGGCCGACAAGCAGAAGAACGGCATCAAGGTGAACTTCAAGATCAGGCACAACATCGAGGACGGCAGCGTGCAGCTCGCCGACCACTACCAGCAGAACACCCCCATCGGCGACGGCCCCGTGCTGCTGCCCGACAACCACTACCTGAGCACCCAGTCCGCCCTGAGCAAAGACCCCAACGAGAAGAGGGATCACATGGTCCTGCTGGAGTTCGTGACCGCCGCCGGGATCACTCTCGGCATGGACGAGCTGTACAAGTCCTAAGGTGTACCTTCCATTTTAAAATTTTTCTTCAGATCCCGTTCAGTTTTATTTCCATTGCATCTAATGAAGCAACTGACCCTCAGGTCACAGGCAGAGAGAGTCACAGCAGCAGACTGCTCTGGGTCAGTGACAACTGTACATCAGGAGATTGTGTTGTTTTCTTCTTCACCTGCTCCTATCTATGGACTTCATTTTAGTCACCATGGAGTAAAAACATATATTCGATGATCTGCTCACATTCCTGCTCTCTACCTACTTCTTGGTATTCCGAATTGTTCAGTTAATTTAGAGAAGGCCTTTTCTGAAGGGATATCTAAAAAGCATAGGAAATCCTTGGTTCAGAGGGAAGTGGGTCTGCTTCATGGTTGTTAAGTCTACTGTCTGGCTTCTTTTGCATTTTTAAAAATAAGACGATTTAATTTTAATTTCATAGGATTTTATAGAAAAGCTCTTAATTTTCTACTAGCAGTATATAGTATCACTTCTATTCTTTTTGTTAAAGGAAAAGGAAATGTCCCCAAAGTATTAAAGAATTAAATGATACTGAAAATTTGTATGATTCAAA,1.8023950870487484,0.3710590505809415,1.431336036467807
X_to_TAA,X,TAA,CWF19L2,CWF19L2,4,1316,28,723,565,AATTTTCTTGCGGCTTCTTAGCTTTACGATGGTGAGCAAGGGCGAGGAGCTGTTCACCGGGGTGGTGCCCATCCTGGTCGAGCTGGACGGCGACGTAAACGGCCACAAGTTCAGCGTGTCCGGCGAGGGCGAGGGCGATGCCACCTACGGCAAGCTGACCCTGAAGTTCATCTGCACCACCGGCAAGCTGCCCGTGCCCTGGCCCACCCTCGTGACCACCCTGACCTACGGCGTGCAGTGCTTCAGCCGCTACCCCGACCACATGAAGCAGCACGACTTCTTCAAGTCCGCCATGCCCGAAGGCTACGTCCAGGAGCGCACCATCTTCTTCAAGGACGACGGCAACTACAAGACCCGCGCCGAGGTGAAGTTCGAGGGCGACACCCTGGTGAACCGCATCGAGCTGAAGGGCATCGACTTCAAGGAGGACGGCAACATCCTGGGGCACAAGCTGGAGTACAACTACAACAGCCACAACGTCTATATCATGGCCGACAAGCAGAAGAACGGCATCAAGGTGAACTTCAAGATCCGCCACAACATCGAGGACGGCAGCGTGCAGCTCGCCGACCACTACCAGCAGAACACCCCCATCGGCGACGGCCCCGTGCTGCTGCCCGACAACCACTACCTGAGCACCCAGTCCGCCCTGAGCAAAGACCCCAACGAGAAGCGCGATCACATGGTCCTGCTGGAGTTCGTGACCGCCGCCGGGATCACTCTCGGCATGGACGAGCTGTACAAGTCCTAAGGTGTACCTTCCATTTTAAAATTTTTCTTCAGATCCCGTTCAGTTTTATTTCCATTGCATCTAATGAAGCAACTGACCCTCAGGTCACAGGCAGAGAGAGTCACAGCAGCAGACTGCTCTGGGTCAGTGACAACTGTACATCAGGAGATTGTGTTGTTTTCTTCTTCACCTGCTCCTATCTATGGACTTCATTTTAGTCACCATGGAGTAAAAACATATATTCGATGATCTGCTCACATTCCTGCTCTCTACCTACTTCTTGGTATTCCGAATTGTTCAGTTAATTTAGAGAAGGCCTTTTCTGAAGGGATATCTAAAAAGCATAGGAAATCCTTGGTTCAGAGGGAAGTGGGTCTGCTTCATGGTTGTTAAGTCTACTGTCTGGCTTCTTTTGCATTTTTAAAAATAAGACGATTTAATTTTAATTTCATAGGATTTTATAGAAAAGCTCTTAATTTTCTACTAGCAGTATATAGTATCACTTCTATTCTTTTTGTTAAAGGAAAAGGAAATGTCCCCAAAGTATTAAAGAATTAAATGATACTGAAAATTTGTATGATTCAAA,2.0496397380217624,0.42766246102490857,1.6219772769968537
X_to_TAG,X,TAG,CWF19L2,CWF19L2,4,1316,28,723,565,AATTTTCTTGCGGCTTCTTAGCTTTACGATGGTGAGCAAGGGCGAGGAGCTGTTCACCGGGGTGGTGCCCATCCTGGTCGAGCTGGACGGCGACGTAAACGGCCACAAGTTCAGCGTGTCCGGCGAGGGCGAGGGCGATGCCACCTACGGCAAGCTGACCCTGAAGTTCATCTGCACCACCGGCAAGCTGCCCGTGCCCTGGCCCACCCTCGTGACCACCCTGACCTACGGCGTGCAGTGCTTCAGCCGCTACCCCGACCACATGAAGCAGCACGACTTCTTCAAGTCCGCCATGCCCGAAGGCTACGTCCAGGAGCGCACCATCTTCTTCAAGGACGACGGCAACTACAAGACCCGCGCCGAGGTGAAGTTCGAGGGCGACACCCTGGTGAACCGCATCGAGCTGAAGGGCATCGACTTCAAGGAGGACGGCAACATCCTGGGGCACAAGCTGGAGTACAACTACAACAGCCACAACGTCTATATCATGGCCGACAAGCAGAAGAACGGCATCAAGGTGAACTTCAAGATCCGCCACAACATCGAGGACGGCAGCGTGCAGCTCGCCGACCACTACCAGCAGAACACCCCCATCGGCGACGGCCCCGTGCTGCTGCCCGACAACCACTACCTGAGCACCCAGTCCGCCCTGAGCAAAGACCCCAACGAGAAGCGCGATCACATGGTCCTGCTGGAGTTCGTGACCGCCGCCGGGATCACTCTCGGCATGGACGAGCTGTACAAGTCCTAGGGTGTACCTTCCATTTTAAAATTTTTCTTCAGATCCCGTTCAGTTTTATTTCCATTGCATCTAATGAAGCAACTGACCCTCAGGTCACAGGCAGAGAGAGTCACAGCAGCAGACTGCTCTGGGTCAGTGACAACTGTACATCAGGAGATTGTGTTGTTTTCTTCTTCACCTGCTCCTATCTATGGACTTCATTTTAGTCACCATGGAGTAAAAACATATATTCGATGATCTGCTCACATTCCTGCTCTCTACCTACTTCTTGGTATTCCGAATTGTTCAGTTAATTTAGAGAAGGCCTTTTCTGAAGGGATATCTAAAAAGCATAGGAAATCCTTGGTTCAGAGGGAAGTGGGTCTGCTTCATGGTTGTTAAGTCTACTGTCTGGCTTCTTTTGCATTTTTAAAAATAAGACGATTTAATTTTAATTTCATAGGATTTTATAGAAAAGCTCTTAATTTTCTACTAGCAGTATATAGTATCACTTCTATTCTTTTTGTTAAAGGAAAAGGAAATGTCCCCAAAGTATTAAAGAATTAAATGATACTGAAAATTTGTATGATTCAAA,1.9360022275956188,0.5044703307640633,1.4315318968315554
X_to_TGA,X,TGA,CWF19L2,CWF19L2,4,1316,28,723,565,AATTTTCTTGCGGCTTCTTAGCTTTACGATGGTGAGCAAGGGCGAGGAGCTGTTCACCGGGGTGGTGCCCATCCTGGTCGAGCTGGACGGCGACGTAAACGGCCACAAGTTCAGCGTGTCCGGCGAGGGCGAGGGCGATGCCACCTACGGCAAGCTGACCCTGAAGTTCATCTGCACCACCGGCAAGCTGCCCGTGCCCTGGCCCACCCTCGTGACCACCCTGACCTACGGCGTGCAGTGCTTCAGCCGCTACCCCGACCACATGAAGCAGCACGACTTCTTCAAGTCCGCCATGCCCGAAGGCTACGTCCAGGAGCGCACCATCTTCTTCAAGGACGACGGCAACTACAAGACCCGCGCCGAGGTGAAGTTCGAGGGCGACACCCTGGTGAACCGCATCGAGCTGAAGGGCATCGACTTCAAGGAGGACGGCAACATCCTGGGGCACAAGCTGGAGTACAACTACAACAGCCACAACGTCTATATCATGGCCGACAAGCAGAAGAACGGCATCAAGGTGAACTTCAAGATCCGCCACAACATCGAGGACGGCAGCGTGCAGCTCGCCGACCACTACCAGCAGAACACCCCCATCGGCGACGGCCCCGTGCTGCTGCCCGACAACCACTACCTGAGCACCCAGTCCGCCCTGAGCAAAGACCCCAACGAGAAGCGCGATCACATGGTCCTGCTGGAGTTCGTGACCGCCGCCGGGATCACTCTCGGCATGGACGAGCTGTACAAGTCCTGAGGTGTACCTTCCATTTTAAAATTTTTCTTCAGATCCCGTTCAGTTTTATTTCCATTGCATCTAATGAAGCAACTGACCCTCAGGTCACAGGCAGAGAGAGTCACAGCAGCAGACTGCTCTGGGTCAGTGACAACTGTACATCAGGAGATTGTGTTGTTTTCTTCTTCACCTGCTCCTATCTATGGACTTCATTTTAGTCACCATGGAGTAAAAACATATATTCGATGATCTGCTCACATTCCTGCTCTCTACCTACTTCTTGGTATTCCGAATTGTTCAGTTAATTTAGAGAAGGCCTTTTCTGAAGGGATATCTAAAAAGCATAGGAAATCCTTGGTTCAGAGGGAAGTGGGTCTGCTTCATGGTTGTTAAGTCTACTGTCTGGCTTCTTTTGCATTTTTAAAAATAAGACGATTTAATTTTAATTTCATAGGATTTTATAGAAAAGCTCTTAATTTTCTACTAGCAGTATATAGTATCACTTCTATTCTTTTTGTTAAAGGAAAAGGAAATGTCCCCAAAGTATTAAAGAATTAAATGATACTGAAAATTTGTATGATTCAAA,1.9360022275956188,0.5044703307640633,1.4315318968315554
