SYMBOL,Amino_Acid,Codon,UTR5,UTR3,fold,tx_size,utr5_size,cds_size,utr3_size,tx_sequence,co_pred_Huh-7.5,co_pred_HEK293T,co_pred_Huh-7.5-co_pred_HEK293T
original,original,original,EFEMP2,EFEMP2,2,1325,125,723,477,GCTTCCTGGGGCCGCGCGTCCAGGGAGCTGTGCCGTCCGCCCGTCCGTCTGCCCGCAGGCATTGCCCGAGCCAGCCGAGCCGCCAGAGCCGCGGGCCGCGGGGGTGTCGCGGGCCCAACCCCAGGATGGTGAGCAAGGGCGAGGAGCTGTTCACCGGGGTGGTGCCCATCCTGGTCGAGCTGGACGGCGACGTAAACGGCCACAAGTTCAGCGTGTCCGGCGAGGGCGAGGGCGATGCCACCTACGGCAAGCTGACCCTGAAGTTCATCTGCACCACCGGCAAGCTGCCCGTGCCCTGGCCCACCCTCGTGACCACCCTGACCTACGGCGTGCAGTGCTTCAGCCGCTACCCCGACCACATGAAGCAGCACGACTTCTTCAAGTCCGCCATGCCCGAAGGCTACGTCCAGGAGCGCACCATCTTCTTCAAGGACGACGGCAACTACAAGACCCGCGCCGAGGTGAAGTTCGAGGGCGACACCCTGGTGAACCGCATCGAGCTGAAGGGCATCGACTTCAAGGAGGACGGCAACATCCTGGGGCACAAGCTGGAGTACAACTACAACAGCCACAACGTCTATATCATGGCCGACAAGCAGAAGAACGGCATCAAGGTGAACTTCAAGATCCGCCACAACATCGAGGACGGCAGCGTGCAGCTCGCCGACCACTACCAGCAGAACACCCCCATCGGCGACGGCCCCGTGCTGCTGCCCGACAACCACTACCTGAGCACCCAGTCCGCCCTGAGCAAAGACCCCAACGAGAAGCGCGATCACATGGTCCTGCTGGAGTTCGTGACCGCCGCCGGGATCACTCTCGGCATGGACGAGCTGTACAAGTCCTAAGGAGCAGGAGGGAGCCACCCTCCCTGCAGCTACCCTAGCTGAGGAGCCTGTTGTGAGGGGCAGAATGAGAAAGGCAATAAAGGGAGAAAGAAAGTCCTGGTGGCTGAGGTGGGCGGGTCACACTGCAGGAAGCCTCAGGCTGGGGCAGGGTGGCACTTGGGGGGGCAGGCCAAGTTCACCTAAATGGGGGTCTCTATATGTTCAGGCCCAGGGGCCCCCATTGACAGGAGCTGGGAGCTCTGCACCACGAGCTTCAGTCACCCCGAGAGGAGAGGAGGTAACGAGGAGGGCGGACTCCAGGCCCCGGCCCAGAGATTTGGACTTGGCTGGCTTGCAGGGGTCCTAAGAAACTCCACTCTGGACAGCGCCAGGAGGCCCTGGGTTCCATTCCTAACTCTGCCTCAAACTGTACATTTGGATAAGCCCTAGTAGTTCCCTGGGCCTGTTTTTCTATAAAACGAGGCAACTGGACTGTTA,0.7010493285294668,0.13759541322843033,0.5634539153010365
M_to_ATG,M,ATG,EFEMP2,EFEMP2,2,1325,125,723,477,GCTTCCTGGGGCCGCGCGTCCAGGGAGCTGTGCCGTCCGCCCGTCCGTCTGCCCGCAGGCATTGCCCGAGCCAGCCGAGCCGCCAGAGCCGCGGGCCGCGGGGGTGTCGCGGGCCCAACCCCAGGATGGTGAGCAAGGGCGAGGAGCTGTTCACCGGGGTGGTGCCCATCCTGGTCGAGCTGGACGGCGACGTAAACGGCCACAAGTTCAGCGTGTCCGGCGAGGGCGAGGGCGATGCCACCTACGGCAAGCTGACCCTGAAGTTCATCTGCACCACCGGCAAGCTGCCCGTGCCCTGGCCCACCCTCGTGACCACCCTGACCTACGGCGTGCAGTGCTTCAGCCGCTACCCCGACCACATGAAGCAGCACGACTTCTTCAAGTCCGCCATGCCCGAAGGCTACGTCCAGGAGCGCACCATCTTCTTCAAGGACGACGGCAACTACAAGACCCGCGCCGAGGTGAAGTTCGAGGGCGACACCCTGGTGAACCGCATCGAGCTGAAGGGCATCGACTTCAAGGAGGACGGCAACATCCTGGGGCACAAGCTGGAGTACAACTACAACAGCCACAACGTCTATATCATGGCCGACAAGCAGAAGAACGGCATCAAGGTGAACTTCAAGATCCGCCACAACATCGAGGACGGCAGCGTGCAGCTCGCCGACCACTACCAGCAGAACACCCCCATCGGCGACGGCCCCGTGCTGCTGCCCGACAACCACTACCTGAGCACCCAGTCCGCCCTGAGCAAAGACCCCAACGAGAAGCGCGATCACATGGTCCTGCTGGAGTTCGTGACCGCCGCCGGGATCACTCTCGGCATGGACGAGCTGTACAAGTCCTAAGGAGCAGGAGGGAGCCACCCTCCCTGCAGCTACCCTAGCTGAGGAGCCTGTTGTGAGGGGCAGAATGAGAAAGGCAATAAAGGGAGAAAGAAAGTCCTGGTGGCTGAGGTGGGCGGGTCACACTGCAGGAAGCCTCAGGCTGGGGCAGGGTGGCACTTGGGGGGGCAGGCCAAGTTCACCTAAATGGGGGTCTCTATATGTTCAGGCCCAGGGGCCCCCATTGACAGGAGCTGGGAGCTCTGCACCACGAGCTTCAGTCACCCCGAGAGGAGAGGAGGTAACGAGGAGGGCGGACTCCAGGCCCCGGCCCAGAGATTTGGACTTGGCTGGCTTGCAGGGGTCCTAAGAAACTCCACTCTGGACAGCGCCAGGAGGCCCTGGGTTCCATTCCTAACTCTGCCTCAAACTGTACATTTGGATAAGCCCTAGTAGTTCCCTGGGCCTGTTTTTCTATAAAACGAGGCAACTGGACTGTTA,0.7010493285294668,0.13759541322843033,0.5634539153010365
I_to_ATA,I,ATA,EFEMP2,EFEMP2,2,1325,125,723,477,GCTTCCTGGGGCCGCGCGTCCAGGGAGCTGTGCCGTCCGCCCGTCCGTCTGCCCGCAGGCATTGCCCGAGCCAGCCGAGCCGCCAGAGCCGCGGGCCGCGGGGGTGTCGCGGGCCCAACCCCAGGATGGTGAGCAAGGGCGAGGAGCTGTTCACCGGGGTGGTGCCCATACTGGTCGAGCTGGACGGCGACGTAAACGGCCACAAGTTCAGCGTGTCCGGCGAGGGCGAGGGCGATGCCACCTACGGCAAGCTGACCCTGAAGTTCATATGCACCACCGGCAAGCTGCCCGTGCCCTGGCCCACCCTCGTGACCACCCTGACCTACGGCGTGCAGTGCTTCAGCCGCTACCCCGACCACATGAAGCAGCACGACTTCTTCAAGTCCGCCATGCCCGAAGGCTACGTCCAGGAGCGCACCATATTCTTCAAGGACGACGGCAACTACAAGACCCGCGCCGAGGTGAAGTTCGAGGGCGACACCCTGGTGAACCGCATAGAGCTGAAGGGCATAGACTTCAAGGAGGACGGCAACATACTGGGGCACAAGCTGGAGTACAACTACAACAGCCACAACGTCTATATAATGGCCGACAAGCAGAAGAACGGCATAAAGGTGAACTTCAAGATACGCCACAACATAGAGGACGGCAGCGTGCAGCTCGCCGACCACTACCAGCAGAACACCCCCATAGGCGACGGCCCCGTGCTGCTGCCCGACAACCACTACCTGAGCACCCAGTCCGCCCTGAGCAAAGACCCCAACGAGAAGCGCGATCACATGGTCCTGCTGGAGTTCGTGACCGCCGCCGGGATAACTCTCGGCATGGACGAGCTGTACAAGTCCTAAGGAGCAGGAGGGAGCCACCCTCCCTGCAGCTACCCTAGCTGAGGAGCCTGTTGTGAGGGGCAGAATGAGAAAGGCAATAAAGGGAGAAAGAAAGTCCTGGTGGCTGAGGTGGGCGGGTCACACTGCAGGAAGCCTCAGGCTGGGGCAGGGTGGCACTTGGGGGGGCAGGCCAAGTTCACCTAAATGGGGGTCTCTATATGTTCAGGCCCAGGGGCCCCCATTGACAGGAGCTGGGAGCTCTGCACCACGAGCTTCAGTCACCCCGAGAGGAGAGGAGGTAACGAGGAGGGCGGACTCCAGGCCCCGGCCCAGAGATTTGGACTTGGCTGGCTTGCAGGGGTCCTAAGAAACTCCACTCTGGACAGCGCCAGGAGGCCCTGGGTTCCATTCCTAACTCTGCCTCAAACTGTACATTTGGATAAGCCCTAGTAGTTCCCTGGGCCTGTTTTTCTATAAAACGAGGCAACTGGACTGTTA,0.7717515375115906,0.09212722347562122,0.6796243140359695
I_to_ATC,I,ATC,EFEMP2,EFEMP2,2,1325,125,723,477,GCTTCCTGGGGCCGCGCGTCCAGGGAGCTGTGCCGTCCGCCCGTCCGTCTGCCCGCAGGCATTGCCCGAGCCAGCCGAGCCGCCAGAGCCGCGGGCCGCGGGGGTGTCGCGGGCCCAACCCCAGGATGGTGAGCAAGGGCGAGGAGCTGTTCACCGGGGTGGTGCCCATCCTGGTCGAGCTGGACGGCGACGTAAACGGCCACAAGTTCAGCGTGTCCGGCGAGGGCGAGGGCGATGCCACCTACGGCAAGCTGACCCTGAAGTTCATCTGCACCACCGGCAAGCTGCCCGTGCCCTGGCCCACCCTCGTGACCACCCTGACCTACGGCGTGCAGTGCTTCAGCCGCTACCCCGACCACATGAAGCAGCACGACTTCTTCAAGTCCGCCATGCCCGAAGGCTACGTCCAGGAGCGCACCATCTTCTTCAAGGACGACGGCAACTACAAGACCCGCGCCGAGGTGAAGTTCGAGGGCGACACCCTGGTGAACCGCATCGAGCTGAAGGGCATCGACTTCAAGGAGGACGGCAACATCCTGGGGCACAAGCTGGAGTACAACTACAACAGCCACAACGTCTATATCATGGCCGACAAGCAGAAGAACGGCATCAAGGTGAACTTCAAGATCCGCCACAACATCGAGGACGGCAGCGTGCAGCTCGCCGACCACTACCAGCAGAACACCCCCATCGGCGACGGCCCCGTGCTGCTGCCCGACAACCACTACCTGAGCACCCAGTCCGCCCTGAGCAAAGACCCCAACGAGAAGCGCGATCACATGGTCCTGCTGGAGTTCGTGACCGCCGCCGGGATCACTCTCGGCATGGACGAGCTGTACAAGTCCTAAGGAGCAGGAGGGAGCCACCCTCCCTGCAGCTACCCTAGCTGAGGAGCCTGTTGTGAGGGGCAGAATGAGAAAGGCAATAAAGGGAGAAAGAAAGTCCTGGTGGCTGAGGTGGGCGGGTCACACTGCAGGAAGCCTCAGGCTGGGGCAGGGTGGCACTTGGGGGGGCAGGCCAAGTTCACCTAAATGGGGGTCTCTATATGTTCAGGCCCAGGGGCCCCCATTGACAGGAGCTGGGAGCTCTGCACCACGAGCTTCAGTCACCCCGAGAGGAGAGGAGGTAACGAGGAGGGCGGACTCCAGGCCCCGGCCCAGAGATTTGGACTTGGCTGGCTTGCAGGGGTCCTAAGAAACTCCACTCTGGACAGCGCCAGGAGGCCCTGGGTTCCATTCCTAACTCTGCCTCAAACTGTACATTTGGATAAGCCCTAGTAGTTCCCTGGGCCTGTTTTTCTATAAAACGAGGCAACTGGACTGTTA,0.7010493285294668,0.13759541322843033,0.5634539153010365
I_to_ATT,I,ATT,EFEMP2,EFEMP2,2,1325,125,723,477,GCTTCCTGGGGCCGCGCGTCCAGGGAGCTGTGCCGTCCGCCCGTCCGTCTGCCCGCAGGCATTGCCCGAGCCAGCCGAGCCGCCAGAGCCGCGGGCCGCGGGGGTGTCGCGGGCCCAACCCCAGGATGGTGAGCAAGGGCGAGGAGCTGTTCACCGGGGTGGTGCCCATTCTGGTCGAGCTGGACGGCGACGTAAACGGCCACAAGTTCAGCGTGTCCGGCGAGGGCGAGGGCGATGCCACCTACGGCAAGCTGACCCTGAAGTTCATTTGCACCACCGGCAAGCTGCCCGTGCCCTGGCCCACCCTCGTGACCACCCTGACCTACGGCGTGCAGTGCTTCAGCCGCTACCCCGACCACATGAAGCAGCACGACTTCTTCAAGTCCGCCATGCCCGAAGGCTACGTCCAGGAGCGCACCATTTTCTTCAAGGACGACGGCAACTACAAGACCCGCGCCGAGGTGAAGTTCGAGGGCGACACCCTGGTGAACCGCATTGAGCTGAAGGGCATTGACTTCAAGGAGGACGGCAACATTCTGGGGCACAAGCTGGAGTACAACTACAACAGCCACAACGTCTATATTATGGCCGACAAGCAGAAGAACGGCATTAAGGTGAACTTCAAGATTCGCCACAACATTGAGGACGGCAGCGTGCAGCTCGCCGACCACTACCAGCAGAACACCCCCATTGGCGACGGCCCCGTGCTGCTGCCCGACAACCACTACCTGAGCACCCAGTCCGCCCTGAGCAAAGACCCCAACGAGAAGCGCGATCACATGGTCCTGCTGGAGTTCGTGACCGCCGCCGGGATTACTCTCGGCATGGACGAGCTGTACAAGTCCTAAGGAGCAGGAGGGAGCCACCCTCCCTGCAGCTACCCTAGCTGAGGAGCCTGTTGTGAGGGGCAGAATGAGAAAGGCAATAAAGGGAGAAAGAAAGTCCTGGTGGCTGAGGTGGGCGGGTCACACTGCAGGAAGCCTCAGGCTGGGGCAGGGTGGCACTTGGGGGGGCAGGCCAAGTTCACCTAAATGGGGGTCTCTATATGTTCAGGCCCAGGGGCCCCCATTGACAGGAGCTGGGAGCTCTGCACCACGAGCTTCAGTCACCCCGAGAGGAGAGGAGGTAACGAGGAGGGCGGACTCCAGGCCCCGGCCCAGAGATTTGGACTTGGCTGGCTTGCAGGGGTCCTAAGAAACTCCACTCTGGACAGCGCCAGGAGGCCCTGGGTTCCATTCCTAACTCTGCCTCAAACTGTACATTTGGATAAGCCCTAGTAGTTCCCTGGGCCTGTTTTTCTATAAAACGAGGCAACTGGACTGTTA,0.7295235264008485,0.14090453837266032,0.5886189880281882
L_to_TTA,L,TTA,EFEMP2,EFEMP2,2,1325,125,723,477,GCTTCCTGGGGCCGCGCGTCCAGGGAGCTGTGCCGTCCGCCCGTCCGTCTGCCCGCAGGCATTGCCCGAGCCAGCCGAGCCGCCAGAGCCGCGGGCCGCGGGGGTGTCGCGGGCCCAACCCCAGGATGGTGAGCAAGGGCGAGGAGTTATTCACCGGGGTGGTGCCCATCTTAGTCGAGTTAGACGGCGACGTAAACGGCCACAAGTTCAGCGTGTCCGGCGAGGGCGAGGGCGATGCCACCTACGGCAAGTTAACCTTAAAGTTCATCTGCACCACCGGCAAGTTACCCGTGCCCTGGCCCACCTTAGTGACCACCTTAACCTACGGCGTGCAGTGCTTCAGCCGCTACCCCGACCACATGAAGCAGCACGACTTCTTCAAGTCCGCCATGCCCGAAGGCTACGTCCAGGAGCGCACCATCTTCTTCAAGGACGACGGCAACTACAAGACCCGCGCCGAGGTGAAGTTCGAGGGCGACACCTTAGTGAACCGCATCGAGTTAAAGGGCATCGACTTCAAGGAGGACGGCAACATCTTAGGGCACAAGTTAGAGTACAACTACAACAGCCACAACGTCTATATCATGGCCGACAAGCAGAAGAACGGCATCAAGGTGAACTTCAAGATCCGCCACAACATCGAGGACGGCAGCGTGCAGTTAGCCGACCACTACCAGCAGAACACCCCCATCGGCGACGGCCCCGTGTTATTACCCGACAACCACTACTTAAGCACCCAGTCCGCCTTAAGCAAAGACCCCAACGAGAAGCGCGATCACATGGTCTTATTAGAGTTCGTGACCGCCGCCGGGATCACTTTAGGCATGGACGAGTTATACAAGTCCTAAGGAGCAGGAGGGAGCCACCCTCCCTGCAGCTACCCTAGCTGAGGAGCCTGTTGTGAGGGGCAGAATGAGAAAGGCAATAAAGGGAGAAAGAAAGTCCTGGTGGCTGAGGTGGGCGGGTCACACTGCAGGAAGCCTCAGGCTGGGGCAGGGTGGCACTTGGGGGGGCAGGCCAAGTTCACCTAAATGGGGGTCTCTATATGTTCAGGCCCAGGGGCCCCCATTGACAGGAGCTGGGAGCTCTGCACCACGAGCTTCAGTCACCCCGAGAGGAGAGGAGGTAACGAGGAGGGCGGACTCCAGGCCCCGGCCCAGAGATTTGGACTTGGCTGGCTTGCAGGGGTCCTAAGAAACTCCACTCTGGACAGCGCCAGGAGGCCCTGGGTTCCATTCCTAACTCTGCCTCAAACTGTACATTTGGATAAGCCCTAGTAGTTCCCTGGGCCTGTTTTTCTATAAAACGAGGCAACTGGACTGTTA,0.6679136296608045,0.098426695225399,0.5694869344354054
L_to_TTG,L,TTG,EFEMP2,EFEMP2,2,1325,125,723,477,GCTTCCTGGGGCCGCGCGTCCAGGGAGCTGTGCCGTCCGCCCGTCCGTCTGCCCGCAGGCATTGCCCGAGCCAGCCGAGCCGCCAGAGCCGCGGGCCGCGGGGGTGTCGCGGGCCCAACCCCAGGATGGTGAGCAAGGGCGAGGAGTTGTTCACCGGGGTGGTGCCCATCTTGGTCGAGTTGGACGGCGACGTAAACGGCCACAAGTTCAGCGTGTCCGGCGAGGGCGAGGGCGATGCCACCTACGGCAAGTTGACCTTGAAGTTCATCTGCACCACCGGCAAGTTGCCCGTGCCCTGGCCCACCTTGGTGACCACCTTGACCTACGGCGTGCAGTGCTTCAGCCGCTACCCCGACCACATGAAGCAGCACGACTTCTTCAAGTCCGCCATGCCCGAAGGCTACGTCCAGGAGCGCACCATCTTCTTCAAGGACGACGGCAACTACAAGACCCGCGCCGAGGTGAAGTTCGAGGGCGACACCTTGGTGAACCGCATCGAGTTGAAGGGCATCGACTTCAAGGAGGACGGCAACATCTTGGGGCACAAGTTGGAGTACAACTACAACAGCCACAACGTCTATATCATGGCCGACAAGCAGAAGAACGGCATCAAGGTGAACTTCAAGATCCGCCACAACATCGAGGACGGCAGCGTGCAGTTGGCCGACCACTACCAGCAGAACACCCCCATCGGCGACGGCCCCGTGTTGTTGCCCGACAACCACTACTTGAGCACCCAGTCCGCCTTGAGCAAAGACCCCAACGAGAAGCGCGATCACATGGTCTTGTTGGAGTTCGTGACCGCCGCCGGGATCACTTTGGGCATGGACGAGTTGTACAAGTCCTAAGGAGCAGGAGGGAGCCACCCTCCCTGCAGCTACCCTAGCTGAGGAGCCTGTTGTGAGGGGCAGAATGAGAAAGGCAATAAAGGGAGAAAGAAAGTCCTGGTGGCTGAGGTGGGCGGGTCACACTGCAGGAAGCCTCAGGCTGGGGCAGGGTGGCACTTGGGGGGGCAGGCCAAGTTCACCTAAATGGGGGTCTCTATATGTTCAGGCCCAGGGGCCCCCATTGACAGGAGCTGGGAGCTCTGCACCACGAGCTTCAGTCACCCCGAGAGGAGAGGAGGTAACGAGGAGGGCGGACTCCAGGCCCCGGCCCAGAGATTTGGACTTGGCTGGCTTGCAGGGGTCCTAAGAAACTCCACTCTGGACAGCGCCAGGAGGCCCTGGGTTCCATTCCTAACTCTGCCTCAAACTGTACATTTGGATAAGCCCTAGTAGTTCCCTGGGCCTGTTTTTCTATAAAACGAGGCAACTGGACTGTTA,0.7213478444965528,0.2178007460546523,0.5035470984419005
L_to_CTA,L,CTA,EFEMP2,EFEMP2,2,1325,125,723,477,GCTTCCTGGGGCCGCGCGTCCAGGGAGCTGTGCCGTCCGCCCGTCCGTCTGCCCGCAGGCATTGCCCGAGCCAGCCGAGCCGCCAGAGCCGCGGGCCGCGGGGGTGTCGCGGGCCCAACCCCAGGATGGTGAGCAAGGGCGAGGAGCTATTCACCGGGGTGGTGCCCATCCTAGTCGAGCTAGACGGCGACGTAAACGGCCACAAGTTCAGCGTGTCCGGCGAGGGCGAGGGCGATGCCACCTACGGCAAGCTAACCCTAAAGTTCATCTGCACCACCGGCAAGCTACCCGTGCCCTGGCCCACCCTAGTGACCACCCTAACCTACGGCGTGCAGTGCTTCAGCCGCTACCCCGACCACATGAAGCAGCACGACTTCTTCAAGTCCGCCATGCCCGAAGGCTACGTCCAGGAGCGCACCATCTTCTTCAAGGACGACGGCAACTACAAGACCCGCGCCGAGGTGAAGTTCGAGGGCGACACCCTAGTGAACCGCATCGAGCTAAAGGGCATCGACTTCAAGGAGGACGGCAACATCCTAGGGCACAAGCTAGAGTACAACTACAACAGCCACAACGTCTATATCATGGCCGACAAGCAGAAGAACGGCATCAAGGTGAACTTCAAGATCCGCCACAACATCGAGGACGGCAGCGTGCAGCTAGCCGACCACTACCAGCAGAACACCCCCATCGGCGACGGCCCCGTGCTACTACCCGACAACCACTACCTAAGCACCCAGTCCGCCCTAAGCAAAGACCCCAACGAGAAGCGCGATCACATGGTCCTACTAGAGTTCGTGACCGCCGCCGGGATCACTCTAGGCATGGACGAGCTATACAAGTCCTAAGGAGCAGGAGGGAGCCACCCTCCCTGCAGCTACCCTAGCTGAGGAGCCTGTTGTGAGGGGCAGAATGAGAAAGGCAATAAAGGGAGAAAGAAAGTCCTGGTGGCTGAGGTGGGCGGGTCACACTGCAGGAAGCCTCAGGCTGGGGCAGGGTGGCACTTGGGGGGGCAGGCCAAGTTCACCTAAATGGGGGTCTCTATATGTTCAGGCCCAGGGGCCCCCATTGACAGGAGCTGGGAGCTCTGCACCACGAGCTTCAGTCACCCCGAGAGGAGAGGAGGTAACGAGGAGGGCGGACTCCAGGCCCCGGCCCAGAGATTTGGACTTGGCTGGCTTGCAGGGGTCCTAAGAAACTCCACTCTGGACAGCGCCAGGAGGCCCTGGGTTCCATTCCTAACTCTGCCTCAAACTGTACATTTGGATAAGCCCTAGTAGTTCCCTGGGCCTGTTTTTCTATAAAACGAGGCAACTGGACTGTTA,0.6775256212444705,0.1295666599898858,0.5479589612545847
L_to_CTC,L,CTC,EFEMP2,EFEMP2,2,1325,125,723,477,GCTTCCTGGGGCCGCGCGTCCAGGGAGCTGTGCCGTCCGCCCGTCCGTCTGCCCGCAGGCATTGCCCGAGCCAGCCGAGCCGCCAGAGCCGCGGGCCGCGGGGGTGTCGCGGGCCCAACCCCAGGATGGTGAGCAAGGGCGAGGAGCTCTTCACCGGGGTGGTGCCCATCCTCGTCGAGCTCGACGGCGACGTAAACGGCCACAAGTTCAGCGTGTCCGGCGAGGGCGAGGGCGATGCCACCTACGGCAAGCTCACCCTCAAGTTCATCTGCACCACCGGCAAGCTCCCCGTGCCCTGGCCCACCCTCGTGACCACCCTCACCTACGGCGTGCAGTGCTTCAGCCGCTACCCCGACCACATGAAGCAGCACGACTTCTTCAAGTCCGCCATGCCCGAAGGCTACGTCCAGGAGCGCACCATCTTCTTCAAGGACGACGGCAACTACAAGACCCGCGCCGAGGTGAAGTTCGAGGGCGACACCCTCGTGAACCGCATCGAGCTCAAGGGCATCGACTTCAAGGAGGACGGCAACATCCTCGGGCACAAGCTCGAGTACAACTACAACAGCCACAACGTCTATATCATGGCCGACAAGCAGAAGAACGGCATCAAGGTGAACTTCAAGATCCGCCACAACATCGAGGACGGCAGCGTGCAGCTCGCCGACCACTACCAGCAGAACACCCCCATCGGCGACGGCCCCGTGCTCCTCCCCGACAACCACTACCTCAGCACCCAGTCCGCCCTCAGCAAAGACCCCAACGAGAAGCGCGATCACATGGTCCTCCTCGAGTTCGTGACCGCCGCCGGGATCACTCTCGGCATGGACGAGCTCTACAAGTCCTAAGGAGCAGGAGGGAGCCACCCTCCCTGCAGCTACCCTAGCTGAGGAGCCTGTTGTGAGGGGCAGAATGAGAAAGGCAATAAAGGGAGAAAGAAAGTCCTGGTGGCTGAGGTGGGCGGGTCACACTGCAGGAAGCCTCAGGCTGGGGCAGGGTGGCACTTGGGGGGGCAGGCCAAGTTCACCTAAATGGGGGTCTCTATATGTTCAGGCCCAGGGGCCCCCATTGACAGGAGCTGGGAGCTCTGCACCACGAGCTTCAGTCACCCCGAGAGGAGAGGAGGTAACGAGGAGGGCGGACTCCAGGCCCCGGCCCAGAGATTTGGACTTGGCTGGCTTGCAGGGGTCCTAAGAAACTCCACTCTGGACAGCGCCAGGAGGCCCTGGGTTCCATTCCTAACTCTGCCTCAAACTGTACATTTGGATAAGCCCTAGTAGTTCCCTGGGCCTGTTTTTCTATAAAACGAGGCAACTGGACTGTTA,0.7061238026124352,0.1001251279199118,0.6059986746925234
L_to_CTG,L,CTG,EFEMP2,EFEMP2,2,1325,125,723,477,GCTTCCTGGGGCCGCGCGTCCAGGGAGCTGTGCCGTCCGCCCGTCCGTCTGCCCGCAGGCATTGCCCGAGCCAGCCGAGCCGCCAGAGCCGCGGGCCGCGGGGGTGTCGCGGGCCCAACCCCAGGATGGTGAGCAAGGGCGAGGAGCTGTTCACCGGGGTGGTGCCCATCCTGGTCGAGCTGGACGGCGACGTAAACGGCCACAAGTTCAGCGTGTCCGGCGAGGGCGAGGGCGATGCCACCTACGGCAAGCTGACCCTGAAGTTCATCTGCACCACCGGCAAGCTGCCCGTGCCCTGGCCCACCCTGGTGACCACCCTGACCTACGGCGTGCAGTGCTTCAGCCGCTACCCCGACCACATGAAGCAGCACGACTTCTTCAAGTCCGCCATGCCCGAAGGCTACGTCCAGGAGCGCACCATCTTCTTCAAGGACGACGGCAACTACAAGACCCGCGCCGAGGTGAAGTTCGAGGGCGACACCCTGGTGAACCGCATCGAGCTGAAGGGCATCGACTTCAAGGAGGACGGCAACATCCTGGGGCACAAGCTGGAGTACAACTACAACAGCCACAACGTCTATATCATGGCCGACAAGCAGAAGAACGGCATCAAGGTGAACTTCAAGATCCGCCACAACATCGAGGACGGCAGCGTGCAGCTGGCCGACCACTACCAGCAGAACACCCCCATCGGCGACGGCCCCGTGCTGCTGCCCGACAACCACTACCTGAGCACCCAGTCCGCCCTGAGCAAAGACCCCAACGAGAAGCGCGATCACATGGTCCTGCTGGAGTTCGTGACCGCCGCCGGGATCACTCTGGGCATGGACGAGCTGTACAAGTCCTAAGGAGCAGGAGGGAGCCACCCTCCCTGCAGCTACCCTAGCTGAGGAGCCTGTTGTGAGGGGCAGAATGAGAAAGGCAATAAAGGGAGAAAGAAAGTCCTGGTGGCTGAGGTGGGCGGGTCACACTGCAGGAAGCCTCAGGCTGGGGCAGGGTGGCACTTGGGGGGGCAGGCCAAGTTCACCTAAATGGGGGTCTCTATATGTTCAGGCCCAGGGGCCCCCATTGACAGGAGCTGGGAGCTCTGCACCACGAGCTTCAGTCACCCCGAGAGGAGAGGAGGTAACGAGGAGGGCGGACTCCAGGCCCCGGCCCAGAGATTTGGACTTGGCTGGCTTGCAGGGGTCCTAAGAAACTCCACTCTGGACAGCGCCAGGAGGCCCTGGGTTCCATTCCTAACTCTGCCTCAAACTGTACATTTGGATAAGCCCTAGTAGTTCCCTGGGCCTGTTTTTCTATAAAACGAGGCAACTGGACTGTTA,0.6881535750803845,0.18157677588857185,0.5065767991918126
L_to_CTT,L,CTT,EFEMP2,EFEMP2,2,1325,125,723,477,GCTTCCTGGGGCCGCGCGTCCAGGGAGCTGTGCCGTCCGCCCGTCCGTCTGCCCGCAGGCATTGCCCGAGCCAGCCGAGCCGCCAGAGCCGCGGGCCGCGGGGGTGTCGCGGGCCCAACCCCAGGATGGTGAGCAAGGGCGAGGAGCTTTTCACCGGGGTGGTGCCCATCCTTGTCGAGCTTGACGGCGACGTAAACGGCCACAAGTTCAGCGTGTCCGGCGAGGGCGAGGGCGATGCCACCTACGGCAAGCTTACCCTTAAGTTCATCTGCACCACCGGCAAGCTTCCCGTGCCCTGGCCCACCCTTGTGACCACCCTTACCTACGGCGTGCAGTGCTTCAGCCGCTACCCCGACCACATGAAGCAGCACGACTTCTTCAAGTCCGCCATGCCCGAAGGCTACGTCCAGGAGCGCACCATCTTCTTCAAGGACGACGGCAACTACAAGACCCGCGCCGAGGTGAAGTTCGAGGGCGACACCCTTGTGAACCGCATCGAGCTTAAGGGCATCGACTTCAAGGAGGACGGCAACATCCTTGGGCACAAGCTTGAGTACAACTACAACAGCCACAACGTCTATATCATGGCCGACAAGCAGAAGAACGGCATCAAGGTGAACTTCAAGATCCGCCACAACATCGAGGACGGCAGCGTGCAGCTTGCCGACCACTACCAGCAGAACACCCCCATCGGCGACGGCCCCGTGCTTCTTCCCGACAACCACTACCTTAGCACCCAGTCCGCCCTTAGCAAAGACCCCAACGAGAAGCGCGATCACATGGTCCTTCTTGAGTTCGTGACCGCCGCCGGGATCACTCTTGGCATGGACGAGCTTTACAAGTCCTAAGGAGCAGGAGGGAGCCACCCTCCCTGCAGCTACCCTAGCTGAGGAGCCTGTTGTGAGGGGCAGAATGAGAAAGGCAATAAAGGGAGAAAGAAAGTCCTGGTGGCTGAGGTGGGCGGGTCACACTGCAGGAAGCCTCAGGCTGGGGCAGGGTGGCACTTGGGGGGGCAGGCCAAGTTCACCTAAATGGGGGTCTCTATATGTTCAGGCCCAGGGGCCCCCATTGACAGGAGCTGGGAGCTCTGCACCACGAGCTTCAGTCACCCCGAGAGGAGAGGAGGTAACGAGGAGGGCGGACTCCAGGCCCCGGCCCAGAGATTTGGACTTGGCTGGCTTGCAGGGGTCCTAAGAAACTCCACTCTGGACAGCGCCAGGAGGCCCTGGGTTCCATTCCTAACTCTGCCTCAAACTGTACATTTGGATAAGCCCTAGTAGTTCCCTGGGCCTGTTTTTCTATAAAACGAGGCAACTGGACTGTTA,0.6903994579446634,0.2422160582139662,0.4481833997306972
V_to_GTA,V,GTA,EFEMP2,EFEMP2,2,1325,125,723,477,GCTTCCTGGGGCCGCGCGTCCAGGGAGCTGTGCCGTCCGCCCGTCCGTCTGCCCGCAGGCATTGCCCGAGCCAGCCGAGCCGCCAGAGCCGCGGGCCGCGGGGGTGTCGCGGGCCCAACCCCAGGATGGTAAGCAAGGGCGAGGAGCTGTTCACCGGGGTAGTACCCATCCTGGTAGAGCTGGACGGCGACGTAAACGGCCACAAGTTCAGCGTATCCGGCGAGGGCGAGGGCGATGCCACCTACGGCAAGCTGACCCTGAAGTTCATCTGCACCACCGGCAAGCTGCCCGTACCCTGGCCCACCCTCGTAACCACCCTGACCTACGGCGTACAGTGCTTCAGCCGCTACCCCGACCACATGAAGCAGCACGACTTCTTCAAGTCCGCCATGCCCGAAGGCTACGTACAGGAGCGCACCATCTTCTTCAAGGACGACGGCAACTACAAGACCCGCGCCGAGGTAAAGTTCGAGGGCGACACCCTGGTAAACCGCATCGAGCTGAAGGGCATCGACTTCAAGGAGGACGGCAACATCCTGGGGCACAAGCTGGAGTACAACTACAACAGCCACAACGTATATATCATGGCCGACAAGCAGAAGAACGGCATCAAGGTAAACTTCAAGATCCGCCACAACATCGAGGACGGCAGCGTACAGCTCGCCGACCACTACCAGCAGAACACCCCCATCGGCGACGGCCCCGTACTGCTGCCCGACAACCACTACCTGAGCACCCAGTCCGCCCTGAGCAAAGACCCCAACGAGAAGCGCGATCACATGGTACTGCTGGAGTTCGTAACCGCCGCCGGGATCACTCTCGGCATGGACGAGCTGTACAAGTCCTAAGGAGCAGGAGGGAGCCACCCTCCCTGCAGCTACCCTAGCTGAGGAGCCTGTTGTGAGGGGCAGAATGAGAAAGGCAATAAAGGGAGAAAGAAAGTCCTGGTGGCTGAGGTGGGCGGGTCACACTGCAGGAAGCCTCAGGCTGGGGCAGGGTGGCACTTGGGGGGGCAGGCCAAGTTCACCTAAATGGGGGTCTCTATATGTTCAGGCCCAGGGGCCCCCATTGACAGGAGCTGGGAGCTCTGCACCACGAGCTTCAGTCACCCCGAGAGGAGAGGAGGTAACGAGGAGGGCGGACTCCAGGCCCCGGCCCAGAGATTTGGACTTGGCTGGCTTGCAGGGGTCCTAAGAAACTCCACTCTGGACAGCGCCAGGAGGCCCTGGGTTCCATTCCTAACTCTGCCTCAAACTGTACATTTGGATAAGCCCTAGTAGTTCCCTGGGCCTGTTTTTCTATAAAACGAGGCAACTGGACTGTTA,0.6985124737523327,0.1382026969097752,0.5603097768425576
V_to_GTC,V,GTC,EFEMP2,EFEMP2,2,1325,125,723,477,GCTTCCTGGGGCCGCGCGTCCAGGGAGCTGTGCCGTCCGCCCGTCCGTCTGCCCGCAGGCATTGCCCGAGCCAGCCGAGCCGCCAGAGCCGCGGGCCGCGGGGGTGTCGCGGGCCCAACCCCAGGATGGTCAGCAAGGGCGAGGAGCTGTTCACCGGGGTCGTCCCCATCCTGGTCGAGCTGGACGGCGACGTCAACGGCCACAAGTTCAGCGTCTCCGGCGAGGGCGAGGGCGATGCCACCTACGGCAAGCTGACCCTGAAGTTCATCTGCACCACCGGCAAGCTGCCCGTCCCCTGGCCCACCCTCGTCACCACCCTGACCTACGGCGTCCAGTGCTTCAGCCGCTACCCCGACCACATGAAGCAGCACGACTTCTTCAAGTCCGCCATGCCCGAAGGCTACGTCCAGGAGCGCACCATCTTCTTCAAGGACGACGGCAACTACAAGACCCGCGCCGAGGTCAAGTTCGAGGGCGACACCCTGGTCAACCGCATCGAGCTGAAGGGCATCGACTTCAAGGAGGACGGCAACATCCTGGGGCACAAGCTGGAGTACAACTACAACAGCCACAACGTCTATATCATGGCCGACAAGCAGAAGAACGGCATCAAGGTCAACTTCAAGATCCGCCACAACATCGAGGACGGCAGCGTCCAGCTCGCCGACCACTACCAGCAGAACACCCCCATCGGCGACGGCCCCGTCCTGCTGCCCGACAACCACTACCTGAGCACCCAGTCCGCCCTGAGCAAAGACCCCAACGAGAAGCGCGATCACATGGTCCTGCTGGAGTTCGTCACCGCCGCCGGGATCACTCTCGGCATGGACGAGCTGTACAAGTCCTAAGGAGCAGGAGGGAGCCACCCTCCCTGCAGCTACCCTAGCTGAGGAGCCTGTTGTGAGGGGCAGAATGAGAAAGGCAATAAAGGGAGAAAGAAAGTCCTGGTGGCTGAGGTGGGCGGGTCACACTGCAGGAAGCCTCAGGCTGGGGCAGGGTGGCACTTGGGGGGGCAGGCCAAGTTCACCTAAATGGGGGTCTCTATATGTTCAGGCCCAGGGGCCCCCATTGACAGGAGCTGGGAGCTCTGCACCACGAGCTTCAGTCACCCCGAGAGGAGAGGAGGTAACGAGGAGGGCGGACTCCAGGCCCCGGCCCAGAGATTTGGACTTGGCTGGCTTGCAGGGGTCCTAAGAAACTCCACTCTGGACAGCGCCAGGAGGCCCTGGGTTCCATTCCTAACTCTGCCTCAAACTGTACATTTGGATAAGCCCTAGTAGTTCCCTGGGCCTGTTTTTCTATAAAACGAGGCAACTGGACTGTTA,0.6746965807925409,0.3104638796017187,0.36423270119082224
V_to_GTG,V,GTG,EFEMP2,EFEMP2,2,1325,125,723,477,GCTTCCTGGGGCCGCGCGTCCAGGGAGCTGTGCCGTCCGCCCGTCCGTCTGCCCGCAGGCATTGCCCGAGCCAGCCGAGCCGCCAGAGCCGCGGGCCGCGGGGGTGTCGCGGGCCCAACCCCAGGATGGTGAGCAAGGGCGAGGAGCTGTTCACCGGGGTGGTGCCCATCCTGGTGGAGCTGGACGGCGACGTGAACGGCCACAAGTTCAGCGTGTCCGGCGAGGGCGAGGGCGATGCCACCTACGGCAAGCTGACCCTGAAGTTCATCTGCACCACCGGCAAGCTGCCCGTGCCCTGGCCCACCCTCGTGACCACCCTGACCTACGGCGTGCAGTGCTTCAGCCGCTACCCCGACCACATGAAGCAGCACGACTTCTTCAAGTCCGCCATGCCCGAAGGCTACGTGCAGGAGCGCACCATCTTCTTCAAGGACGACGGCAACTACAAGACCCGCGCCGAGGTGAAGTTCGAGGGCGACACCCTGGTGAACCGCATCGAGCTGAAGGGCATCGACTTCAAGGAGGACGGCAACATCCTGGGGCACAAGCTGGAGTACAACTACAACAGCCACAACGTGTATATCATGGCCGACAAGCAGAAGAACGGCATCAAGGTGAACTTCAAGATCCGCCACAACATCGAGGACGGCAGCGTGCAGCTCGCCGACCACTACCAGCAGAACACCCCCATCGGCGACGGCCCCGTGCTGCTGCCCGACAACCACTACCTGAGCACCCAGTCCGCCCTGAGCAAAGACCCCAACGAGAAGCGCGATCACATGGTGCTGCTGGAGTTCGTGACCGCCGCCGGGATCACTCTCGGCATGGACGAGCTGTACAAGTCCTAAGGAGCAGGAGGGAGCCACCCTCCCTGCAGCTACCCTAGCTGAGGAGCCTGTTGTGAGGGGCAGAATGAGAAAGGCAATAAAGGGAGAAAGAAAGTCCTGGTGGCTGAGGTGGGCGGGTCACACTGCAGGAAGCCTCAGGCTGGGGCAGGGTGGCACTTGGGGGGGCAGGCCAAGTTCACCTAAATGGGGGTCTCTATATGTTCAGGCCCAGGGGCCCCCATTGACAGGAGCTGGGAGCTCTGCACCACGAGCTTCAGTCACCCCGAGAGGAGAGGAGGTAACGAGGAGGGCGGACTCCAGGCCCCGGCCCAGAGATTTGGACTTGGCTGGCTTGCAGGGGTCCTAAGAAACTCCACTCTGGACAGCGCCAGGAGGCCCTGGGTTCCATTCCTAACTCTGCCTCAAACTGTACATTTGGATAAGCCCTAGTAGTTCCCTGGGCCTGTTTTTCTATAAAACGAGGCAACTGGACTGTTA,0.7049052877385711,0.18470487464945995,0.5202004130891111
V_to_GTT,V,GTT,EFEMP2,EFEMP2,2,1325,125,723,477,GCTTCCTGGGGCCGCGCGTCCAGGGAGCTGTGCCGTCCGCCCGTCCGTCTGCCCGCAGGCATTGCCCGAGCCAGCCGAGCCGCCAGAGCCGCGGGCCGCGGGGGTGTCGCGGGCCCAACCCCAGGATGGTTAGCAAGGGCGAGGAGCTGTTCACCGGGGTTGTTCCCATCCTGGTTGAGCTGGACGGCGACGTTAACGGCCACAAGTTCAGCGTTTCCGGCGAGGGCGAGGGCGATGCCACCTACGGCAAGCTGACCCTGAAGTTCATCTGCACCACCGGCAAGCTGCCCGTTCCCTGGCCCACCCTCGTTACCACCCTGACCTACGGCGTTCAGTGCTTCAGCCGCTACCCCGACCACATGAAGCAGCACGACTTCTTCAAGTCCGCCATGCCCGAAGGCTACGTTCAGGAGCGCACCATCTTCTTCAAGGACGACGGCAACTACAAGACCCGCGCCGAGGTTAAGTTCGAGGGCGACACCCTGGTTAACCGCATCGAGCTGAAGGGCATCGACTTCAAGGAGGACGGCAACATCCTGGGGCACAAGCTGGAGTACAACTACAACAGCCACAACGTTTATATCATGGCCGACAAGCAGAAGAACGGCATCAAGGTTAACTTCAAGATCCGCCACAACATCGAGGACGGCAGCGTTCAGCTCGCCGACCACTACCAGCAGAACACCCCCATCGGCGACGGCCCCGTTCTGCTGCCCGACAACCACTACCTGAGCACCCAGTCCGCCCTGAGCAAAGACCCCAACGAGAAGCGCGATCACATGGTTCTGCTGGAGTTCGTTACCGCCGCCGGGATCACTCTCGGCATGGACGAGCTGTACAAGTCCTAAGGAGCAGGAGGGAGCCACCCTCCCTGCAGCTACCCTAGCTGAGGAGCCTGTTGTGAGGGGCAGAATGAGAAAGGCAATAAAGGGAGAAAGAAAGTCCTGGTGGCTGAGGTGGGCGGGTCACACTGCAGGAAGCCTCAGGCTGGGGCAGGGTGGCACTTGGGGGGGCAGGCCAAGTTCACCTAAATGGGGGTCTCTATATGTTCAGGCCCAGGGGCCCCCATTGACAGGAGCTGGGAGCTCTGCACCACGAGCTTCAGTCACCCCGAGAGGAGAGGAGGTAACGAGGAGGGCGGACTCCAGGCCCCGGCCCAGAGATTTGGACTTGGCTGGCTTGCAGGGGTCCTAAGAAACTCCACTCTGGACAGCGCCAGGAGGCCCTGGGTTCCATTCCTAACTCTGCCTCAAACTGTACATTTGGATAAGCCCTAGTAGTTCCCTGGGCCTGTTTTTCTATAAAACGAGGCAACTGGACTGTTA,0.7049052877385711,0.2564403453368375,0.44846494240173357
F_to_TTC,F,TTC,EFEMP2,EFEMP2,2,1325,125,723,477,GCTTCCTGGGGCCGCGCGTCCAGGGAGCTGTGCCGTCCGCCCGTCCGTCTGCCCGCAGGCATTGCCCGAGCCAGCCGAGCCGCCAGAGCCGCGGGCCGCGGGGGTGTCGCGGGCCCAACCCCAGGATGGTGAGCAAGGGCGAGGAGCTGTTCACCGGGGTGGTGCCCATCCTGGTCGAGCTGGACGGCGACGTAAACGGCCACAAGTTCAGCGTGTCCGGCGAGGGCGAGGGCGATGCCACCTACGGCAAGCTGACCCTGAAGTTCATCTGCACCACCGGCAAGCTGCCCGTGCCCTGGCCCACCCTCGTGACCACCCTGACCTACGGCGTGCAGTGCTTCAGCCGCTACCCCGACCACATGAAGCAGCACGACTTCTTCAAGTCCGCCATGCCCGAAGGCTACGTCCAGGAGCGCACCATCTTCTTCAAGGACGACGGCAACTACAAGACCCGCGCCGAGGTGAAGTTCGAGGGCGACACCCTGGTGAACCGCATCGAGCTGAAGGGCATCGACTTCAAGGAGGACGGCAACATCCTGGGGCACAAGCTGGAGTACAACTACAACAGCCACAACGTCTATATCATGGCCGACAAGCAGAAGAACGGCATCAAGGTGAACTTCAAGATCCGCCACAACATCGAGGACGGCAGCGTGCAGCTCGCCGACCACTACCAGCAGAACACCCCCATCGGCGACGGCCCCGTGCTGCTGCCCGACAACCACTACCTGAGCACCCAGTCCGCCCTGAGCAAAGACCCCAACGAGAAGCGCGATCACATGGTCCTGCTGGAGTTCGTGACCGCCGCCGGGATCACTCTCGGCATGGACGAGCTGTACAAGTCCTAAGGAGCAGGAGGGAGCCACCCTCCCTGCAGCTACCCTAGCTGAGGAGCCTGTTGTGAGGGGCAGAATGAGAAAGGCAATAAAGGGAGAAAGAAAGTCCTGGTGGCTGAGGTGGGCGGGTCACACTGCAGGAAGCCTCAGGCTGGGGCAGGGTGGCACTTGGGGGGGCAGGCCAAGTTCACCTAAATGGGGGTCTCTATATGTTCAGGCCCAGGGGCCCCCATTGACAGGAGCTGGGAGCTCTGCACCACGAGCTTCAGTCACCCCGAGAGGAGAGGAGGTAACGAGGAGGGCGGACTCCAGGCCCCGGCCCAGAGATTTGGACTTGGCTGGCTTGCAGGGGTCCTAAGAAACTCCACTCTGGACAGCGCCAGGAGGCCCTGGGTTCCATTCCTAACTCTGCCTCAAACTGTACATTTGGATAAGCCCTAGTAGTTCCCTGGGCCTGTTTTTCTATAAAACGAGGCAACTGGACTGTTA,0.7010493285294668,0.13759541322843033,0.5634539153010365
F_to_TTT,F,TTT,EFEMP2,EFEMP2,2,1325,125,723,477,GCTTCCTGGGGCCGCGCGTCCAGGGAGCTGTGCCGTCCGCCCGTCCGTCTGCCCGCAGGCATTGCCCGAGCCAGCCGAGCCGCCAGAGCCGCGGGCCGCGGGGGTGTCGCGGGCCCAACCCCAGGATGGTGAGCAAGGGCGAGGAGCTGTTTACCGGGGTGGTGCCCATCCTGGTCGAGCTGGACGGCGACGTAAACGGCCACAAGTTTAGCGTGTCCGGCGAGGGCGAGGGCGATGCCACCTACGGCAAGCTGACCCTGAAGTTTATCTGCACCACCGGCAAGCTGCCCGTGCCCTGGCCCACCCTCGTGACCACCCTGACCTACGGCGTGCAGTGCTTTAGCCGCTACCCCGACCACATGAAGCAGCACGACTTTTTTAAGTCCGCCATGCCCGAAGGCTACGTCCAGGAGCGCACCATCTTTTTTAAGGACGACGGCAACTACAAGACCCGCGCCGAGGTGAAGTTTGAGGGCGACACCCTGGTGAACCGCATCGAGCTGAAGGGCATCGACTTTAAGGAGGACGGCAACATCCTGGGGCACAAGCTGGAGTACAACTACAACAGCCACAACGTCTATATCATGGCCGACAAGCAGAAGAACGGCATCAAGGTGAACTTTAAGATCCGCCACAACATCGAGGACGGCAGCGTGCAGCTCGCCGACCACTACCAGCAGAACACCCCCATCGGCGACGGCCCCGTGCTGCTGCCCGACAACCACTACCTGAGCACCCAGTCCGCCCTGAGCAAAGACCCCAACGAGAAGCGCGATCACATGGTCCTGCTGGAGTTTGTGACCGCCGCCGGGATCACTCTCGGCATGGACGAGCTGTACAAGTCCTAAGGAGCAGGAGGGAGCCACCCTCCCTGCAGCTACCCTAGCTGAGGAGCCTGTTGTGAGGGGCAGAATGAGAAAGGCAATAAAGGGAGAAAGAAAGTCCTGGTGGCTGAGGTGGGCGGGTCACACTGCAGGAAGCCTCAGGCTGGGGCAGGGTGGCACTTGGGGGGGCAGGCCAAGTTCACCTAAATGGGGGTCTCTATATGTTCAGGCCCAGGGGCCCCCATTGACAGGAGCTGGGAGCTCTGCACCACGAGCTTCAGTCACCCCGAGAGGAGAGGAGGTAACGAGGAGGGCGGACTCCAGGCCCCGGCCCAGAGATTTGGACTTGGCTGGCTTGCAGGGGTCCTAAGAAACTCCACTCTGGACAGCGCCAGGAGGCCCTGGGTTCCATTCCTAACTCTGCCTCAAACTGTACATTTGGATAAGCCCTAGTAGTTCCCTGGGCCTGTTTTTCTATAAAACGAGGCAACTGGACTGTTA,0.7519599145853563,0.06986538255631974,0.6820945320290366
C_to_TGC,C,TGC,EFEMP2,EFEMP2,2,1325,125,723,477,GCTTCCTGGGGCCGCGCGTCCAGGGAGCTGTGCCGTCCGCCCGTCCGTCTGCCCGCAGGCATTGCCCGAGCCAGCCGAGCCGCCAGAGCCGCGGGCCGCGGGGGTGTCGCGGGCCCAACCCCAGGATGGTGAGCAAGGGCGAGGAGCTGTTCACCGGGGTGGTGCCCATCCTGGTCGAGCTGGACGGCGACGTAAACGGCCACAAGTTCAGCGTGTCCGGCGAGGGCGAGGGCGATGCCACCTACGGCAAGCTGACCCTGAAGTTCATCTGCACCACCGGCAAGCTGCCCGTGCCCTGGCCCACCCTCGTGACCACCCTGACCTACGGCGTGCAGTGCTTCAGCCGCTACCCCGACCACATGAAGCAGCACGACTTCTTCAAGTCCGCCATGCCCGAAGGCTACGTCCAGGAGCGCACCATCTTCTTCAAGGACGACGGCAACTACAAGACCCGCGCCGAGGTGAAGTTCGAGGGCGACACCCTGGTGAACCGCATCGAGCTGAAGGGCATCGACTTCAAGGAGGACGGCAACATCCTGGGGCACAAGCTGGAGTACAACTACAACAGCCACAACGTCTATATCATGGCCGACAAGCAGAAGAACGGCATCAAGGTGAACTTCAAGATCCGCCACAACATCGAGGACGGCAGCGTGCAGCTCGCCGACCACTACCAGCAGAACACCCCCATCGGCGACGGCCCCGTGCTGCTGCCCGACAACCACTACCTGAGCACCCAGTCCGCCCTGAGCAAAGACCCCAACGAGAAGCGCGATCACATGGTCCTGCTGGAGTTCGTGACCGCCGCCGGGATCACTCTCGGCATGGACGAGCTGTACAAGTCCTAAGGAGCAGGAGGGAGCCACCCTCCCTGCAGCTACCCTAGCTGAGGAGCCTGTTGTGAGGGGCAGAATGAGAAAGGCAATAAAGGGAGAAAGAAAGTCCTGGTGGCTGAGGTGGGCGGGTCACACTGCAGGAAGCCTCAGGCTGGGGCAGGGTGGCACTTGGGGGGGCAGGCCAAGTTCACCTAAATGGGGGTCTCTATATGTTCAGGCCCAGGGGCCCCCATTGACAGGAGCTGGGAGCTCTGCACCACGAGCTTCAGTCACCCCGAGAGGAGAGGAGGTAACGAGGAGGGCGGACTCCAGGCCCCGGCCCAGAGATTTGGACTTGGCTGGCTTGCAGGGGTCCTAAGAAACTCCACTCTGGACAGCGCCAGGAGGCCCTGGGTTCCATTCCTAACTCTGCCTCAAACTGTACATTTGGATAAGCCCTAGTAGTTCCCTGGGCCTGTTTTTCTATAAAACGAGGCAACTGGACTGTTA,0.7010493285294668,0.13759541322843033,0.5634539153010365
C_to_TGT,C,TGT,EFEMP2,EFEMP2,2,1325,125,723,477,GCTTCCTGGGGCCGCGCGTCCAGGGAGCTGTGCCGTCCGCCCGTCCGTCTGCCCGCAGGCATTGCCCGAGCCAGCCGAGCCGCCAGAGCCGCGGGCCGCGGGGGTGTCGCGGGCCCAACCCCAGGATGGTGAGCAAGGGCGAGGAGCTGTTCACCGGGGTGGTGCCCATCCTGGTCGAGCTGGACGGCGACGTAAACGGCCACAAGTTCAGCGTGTCCGGCGAGGGCGAGGGCGATGCCACCTACGGCAAGCTGACCCTGAAGTTCATCTGTACCACCGGCAAGCTGCCCGTGCCCTGGCCCACCCTCGTGACCACCCTGACCTACGGCGTGCAGTGTTTCAGCCGCTACCCCGACCACATGAAGCAGCACGACTTCTTCAAGTCCGCCATGCCCGAAGGCTACGTCCAGGAGCGCACCATCTTCTTCAAGGACGACGGCAACTACAAGACCCGCGCCGAGGTGAAGTTCGAGGGCGACACCCTGGTGAACCGCATCGAGCTGAAGGGCATCGACTTCAAGGAGGACGGCAACATCCTGGGGCACAAGCTGGAGTACAACTACAACAGCCACAACGTCTATATCATGGCCGACAAGCAGAAGAACGGCATCAAGGTGAACTTCAAGATCCGCCACAACATCGAGGACGGCAGCGTGCAGCTCGCCGACCACTACCAGCAGAACACCCCCATCGGCGACGGCCCCGTGCTGCTGCCCGACAACCACTACCTGAGCACCCAGTCCGCCCTGAGCAAAGACCCCAACGAGAAGCGCGATCACATGGTCCTGCTGGAGTTCGTGACCGCCGCCGGGATCACTCTCGGCATGGACGAGCTGTACAAGTCCTAAGGAGCAGGAGGGAGCCACCCTCCCTGCAGCTACCCTAGCTGAGGAGCCTGTTGTGAGGGGCAGAATGAGAAAGGCAATAAAGGGAGAAAGAAAGTCCTGGTGGCTGAGGTGGGCGGGTCACACTGCAGGAAGCCTCAGGCTGGGGCAGGGTGGCACTTGGGGGGGCAGGCCAAGTTCACCTAAATGGGGGTCTCTATATGTTCAGGCCCAGGGGCCCCCATTGACAGGAGCTGGGAGCTCTGCACCACGAGCTTCAGTCACCCCGAGAGGAGAGGAGGTAACGAGGAGGGCGGACTCCAGGCCCCGGCCCAGAGATTTGGACTTGGCTGGCTTGCAGGGGTCCTAAGAAACTCCACTCTGGACAGCGCCAGGAGGCCCTGGGTTCCATTCCTAACTCTGCCTCAAACTGTACATTTGGATAAGCCCTAGTAGTTCCCTGGGCCTGTTTTTCTATAAAACGAGGCAACTGGACTGTTA,0.6965550317362128,0.18638148527824683,0.510173546457966
A_to_GCA,A,GCA,EFEMP2,EFEMP2,2,1325,125,723,477,GCTTCCTGGGGCCGCGCGTCCAGGGAGCTGTGCCGTCCGCCCGTCCGTCTGCCCGCAGGCATTGCCCGAGCCAGCCGAGCCGCCAGAGCCGCGGGCCGCGGGGGTGTCGCGGGCCCAACCCCAGGATGGTGAGCAAGGGCGAGGAGCTGTTCACCGGGGTGGTGCCCATCCTGGTCGAGCTGGACGGCGACGTAAACGGCCACAAGTTCAGCGTGTCCGGCGAGGGCGAGGGCGATGCAACCTACGGCAAGCTGACCCTGAAGTTCATCTGCACCACCGGCAAGCTGCCCGTGCCCTGGCCCACCCTCGTGACCACCCTGACCTACGGCGTGCAGTGCTTCAGCCGCTACCCCGACCACATGAAGCAGCACGACTTCTTCAAGTCCGCAATGCCCGAAGGCTACGTCCAGGAGCGCACCATCTTCTTCAAGGACGACGGCAACTACAAGACCCGCGCAGAGGTGAAGTTCGAGGGCGACACCCTGGTGAACCGCATCGAGCTGAAGGGCATCGACTTCAAGGAGGACGGCAACATCCTGGGGCACAAGCTGGAGTACAACTACAACAGCCACAACGTCTATATCATGGCAGACAAGCAGAAGAACGGCATCAAGGTGAACTTCAAGATCCGCCACAACATCGAGGACGGCAGCGTGCAGCTCGCAGACCACTACCAGCAGAACACCCCCATCGGCGACGGCCCCGTGCTGCTGCCCGACAACCACTACCTGAGCACCCAGTCCGCACTGAGCAAAGACCCCAACGAGAAGCGCGATCACATGGTCCTGCTGGAGTTCGTGACCGCAGCAGGGATCACTCTCGGCATGGACGAGCTGTACAAGTCCTAAGGAGCAGGAGGGAGCCACCCTCCCTGCAGCTACCCTAGCTGAGGAGCCTGTTGTGAGGGGCAGAATGAGAAAGGCAATAAAGGGAGAAAGAAAGTCCTGGTGGCTGAGGTGGGCGGGTCACACTGCAGGAAGCCTCAGGCTGGGGCAGGGTGGCACTTGGGGGGGCAGGCCAAGTTCACCTAAATGGGGGTCTCTATATGTTCAGGCCCAGGGGCCCCCATTGACAGGAGCTGGGAGCTCTGCACCACGAGCTTCAGTCACCCCGAGAGGAGAGGAGGTAACGAGGAGGGCGGACTCCAGGCCCCGGCCCAGAGATTTGGACTTGGCTGGCTTGCAGGGGTCCTAAGAAACTCCACTCTGGACAGCGCCAGGAGGCCCTGGGTTCCATTCCTAACTCTGCCTCAAACTGTACATTTGGATAAGCCCTAGTAGTTCCCTGGGCCTGTTTTTCTATAAAACGAGGCAACTGGACTGTTA,0.6339125564256094,0.16070737498981036,0.47320518143579904
A_to_GCC,A,GCC,EFEMP2,EFEMP2,2,1325,125,723,477,GCTTCCTGGGGCCGCGCGTCCAGGGAGCTGTGCCGTCCGCCCGTCCGTCTGCCCGCAGGCATTGCCCGAGCCAGCCGAGCCGCCAGAGCCGCGGGCCGCGGGGGTGTCGCGGGCCCAACCCCAGGATGGTGAGCAAGGGCGAGGAGCTGTTCACCGGGGTGGTGCCCATCCTGGTCGAGCTGGACGGCGACGTAAACGGCCACAAGTTCAGCGTGTCCGGCGAGGGCGAGGGCGATGCCACCTACGGCAAGCTGACCCTGAAGTTCATCTGCACCACCGGCAAGCTGCCCGTGCCCTGGCCCACCCTCGTGACCACCCTGACCTACGGCGTGCAGTGCTTCAGCCGCTACCCCGACCACATGAAGCAGCACGACTTCTTCAAGTCCGCCATGCCCGAAGGCTACGTCCAGGAGCGCACCATCTTCTTCAAGGACGACGGCAACTACAAGACCCGCGCCGAGGTGAAGTTCGAGGGCGACACCCTGGTGAACCGCATCGAGCTGAAGGGCATCGACTTCAAGGAGGACGGCAACATCCTGGGGCACAAGCTGGAGTACAACTACAACAGCCACAACGTCTATATCATGGCCGACAAGCAGAAGAACGGCATCAAGGTGAACTTCAAGATCCGCCACAACATCGAGGACGGCAGCGTGCAGCTCGCCGACCACTACCAGCAGAACACCCCCATCGGCGACGGCCCCGTGCTGCTGCCCGACAACCACTACCTGAGCACCCAGTCCGCCCTGAGCAAAGACCCCAACGAGAAGCGCGATCACATGGTCCTGCTGGAGTTCGTGACCGCCGCCGGGATCACTCTCGGCATGGACGAGCTGTACAAGTCCTAAGGAGCAGGAGGGAGCCACCCTCCCTGCAGCTACCCTAGCTGAGGAGCCTGTTGTGAGGGGCAGAATGAGAAAGGCAATAAAGGGAGAAAGAAAGTCCTGGTGGCTGAGGTGGGCGGGTCACACTGCAGGAAGCCTCAGGCTGGGGCAGGGTGGCACTTGGGGGGGCAGGCCAAGTTCACCTAAATGGGGGTCTCTATATGTTCAGGCCCAGGGGCCCCCATTGACAGGAGCTGGGAGCTCTGCACCACGAGCTTCAGTCACCCCGAGAGGAGAGGAGGTAACGAGGAGGGCGGACTCCAGGCCCCGGCCCAGAGATTTGGACTTGGCTGGCTTGCAGGGGTCCTAAGAAACTCCACTCTGGACAGCGCCAGGAGGCCCTGGGTTCCATTCCTAACTCTGCCTCAAACTGTACATTTGGATAAGCCCTAGTAGTTCCCTGGGCCTGTTTTTCTATAAAACGAGGCAACTGGACTGTTA,0.7010493285294668,0.13759541322843033,0.5634539153010365
A_to_GCG,A,GCG,EFEMP2,EFEMP2,2,1325,125,723,477,GCTTCCTGGGGCCGCGCGTCCAGGGAGCTGTGCCGTCCGCCCGTCCGTCTGCCCGCAGGCATTGCCCGAGCCAGCCGAGCCGCCAGAGCCGCGGGCCGCGGGGGTGTCGCGGGCCCAACCCCAGGATGGTGAGCAAGGGCGAGGAGCTGTTCACCGGGGTGGTGCCCATCCTGGTCGAGCTGGACGGCGACGTAAACGGCCACAAGTTCAGCGTGTCCGGCGAGGGCGAGGGCGATGCGACCTACGGCAAGCTGACCCTGAAGTTCATCTGCACCACCGGCAAGCTGCCCGTGCCCTGGCCCACCCTCGTGACCACCCTGACCTACGGCGTGCAGTGCTTCAGCCGCTACCCCGACCACATGAAGCAGCACGACTTCTTCAAGTCCGCGATGCCCGAAGGCTACGTCCAGGAGCGCACCATCTTCTTCAAGGACGACGGCAACTACAAGACCCGCGCGGAGGTGAAGTTCGAGGGCGACACCCTGGTGAACCGCATCGAGCTGAAGGGCATCGACTTCAAGGAGGACGGCAACATCCTGGGGCACAAGCTGGAGTACAACTACAACAGCCACAACGTCTATATCATGGCGGACAAGCAGAAGAACGGCATCAAGGTGAACTTCAAGATCCGCCACAACATCGAGGACGGCAGCGTGCAGCTCGCGGACCACTACCAGCAGAACACCCCCATCGGCGACGGCCCCGTGCTGCTGCCCGACAACCACTACCTGAGCACCCAGTCCGCGCTGAGCAAAGACCCCAACGAGAAGCGCGATCACATGGTCCTGCTGGAGTTCGTGACCGCGGCGGGGATCACTCTCGGCATGGACGAGCTGTACAAGTCCTAAGGAGCAGGAGGGAGCCACCCTCCCTGCAGCTACCCTAGCTGAGGAGCCTGTTGTGAGGGGCAGAATGAGAAAGGCAATAAAGGGAGAAAGAAAGTCCTGGTGGCTGAGGTGGGCGGGTCACACTGCAGGAAGCCTCAGGCTGGGGCAGGGTGGCACTTGGGGGGGCAGGCCAAGTTCACCTAAATGGGGGTCTCTATATGTTCAGGCCCAGGGGCCCCCATTGACAGGAGCTGGGAGCTCTGCACCACGAGCTTCAGTCACCCCGAGAGGAGAGGAGGTAACGAGGAGGGCGGACTCCAGGCCCCGGCCCAGAGATTTGGACTTGGCTGGCTTGCAGGGGTCCTAAGAAACTCCACTCTGGACAGCGCCAGGAGGCCCTGGGTTCCATTCCTAACTCTGCCTCAAACTGTACATTTGGATAAGCCCTAGTAGTTCCCTGGGCCTGTTTTTCTATAAAACGAGGCAACTGGACTGTTA,0.6606656366555688,0.16344815704486415,0.4972174796107046
A_to_GCT,A,GCT,EFEMP2,EFEMP2,2,1325,125,723,477,GCTTCCTGGGGCCGCGCGTCCAGGGAGCTGTGCCGTCCGCCCGTCCGTCTGCCCGCAGGCATTGCCCGAGCCAGCCGAGCCGCCAGAGCCGCGGGCCGCGGGGGTGTCGCGGGCCCAACCCCAGGATGGTGAGCAAGGGCGAGGAGCTGTTCACCGGGGTGGTGCCCATCCTGGTCGAGCTGGACGGCGACGTAAACGGCCACAAGTTCAGCGTGTCCGGCGAGGGCGAGGGCGATGCTACCTACGGCAAGCTGACCCTGAAGTTCATCTGCACCACCGGCAAGCTGCCCGTGCCCTGGCCCACCCTCGTGACCACCCTGACCTACGGCGTGCAGTGCTTCAGCCGCTACCCCGACCACATGAAGCAGCACGACTTCTTCAAGTCCGCTATGCCCGAAGGCTACGTCCAGGAGCGCACCATCTTCTTCAAGGACGACGGCAACTACAAGACCCGCGCTGAGGTGAAGTTCGAGGGCGACACCCTGGTGAACCGCATCGAGCTGAAGGGCATCGACTTCAAGGAGGACGGCAACATCCTGGGGCACAAGCTGGAGTACAACTACAACAGCCACAACGTCTATATCATGGCTGACAAGCAGAAGAACGGCATCAAGGTGAACTTCAAGATCCGCCACAACATCGAGGACGGCAGCGTGCAGCTCGCTGACCACTACCAGCAGAACACCCCCATCGGCGACGGCCCCGTGCTGCTGCCCGACAACCACTACCTGAGCACCCAGTCCGCTCTGAGCAAAGACCCCAACGAGAAGCGCGATCACATGGTCCTGCTGGAGTTCGTGACCGCTGCTGGGATCACTCTCGGCATGGACGAGCTGTACAAGTCCTAAGGAGCAGGAGGGAGCCACCCTCCCTGCAGCTACCCTAGCTGAGGAGCCTGTTGTGAGGGGCAGAATGAGAAAGGCAATAAAGGGAGAAAGAAAGTCCTGGTGGCTGAGGTGGGCGGGTCACACTGCAGGAAGCCTCAGGCTGGGGCAGGGTGGCACTTGGGGGGGCAGGCCAAGTTCACCTAAATGGGGGTCTCTATATGTTCAGGCCCAGGGGCCCCCATTGACAGGAGCTGGGAGCTCTGCACCACGAGCTTCAGTCACCCCGAGAGGAGAGGAGGTAACGAGGAGGGCGGACTCCAGGCCCCGGCCCAGAGATTTGGACTTGGCTGGCTTGCAGGGGTCCTAAGAAACTCCACTCTGGACAGCGCCAGGAGGCCCTGGGTTCCATTCCTAACTCTGCCTCAAACTGTACATTTGGATAAGCCCTAGTAGTTCCCTGGGCCTGTTTTTCTATAAAACGAGGCAACTGGACTGTTA,0.6646989928499183,0.37362738867316736,0.29107160417675093
G_to_GGA,G,GGA,EFEMP2,EFEMP2,2,1325,125,723,477,GCTTCCTGGGGCCGCGCGTCCAGGGAGCTGTGCCGTCCGCCCGTCCGTCTGCCCGCAGGCATTGCCCGAGCCAGCCGAGCCGCCAGAGCCGCGGGCCGCGGGGGTGTCGCGGGCCCAACCCCAGGATGGTGAGCAAGGGAGAGGAGCTGTTCACCGGAGTGGTGCCCATCCTGGTCGAGCTGGACGGAGACGTAAACGGACACAAGTTCAGCGTGTCCGGAGAGGGAGAGGGAGATGCCACCTACGGAAAGCTGACCCTGAAGTTCATCTGCACCACCGGAAAGCTGCCCGTGCCCTGGCCCACCCTCGTGACCACCCTGACCTACGGAGTGCAGTGCTTCAGCCGCTACCCCGACCACATGAAGCAGCACGACTTCTTCAAGTCCGCCATGCCCGAAGGATACGTCCAGGAGCGCACCATCTTCTTCAAGGACGACGGAAACTACAAGACCCGCGCCGAGGTGAAGTTCGAGGGAGACACCCTGGTGAACCGCATCGAGCTGAAGGGAATCGACTTCAAGGAGGACGGAAACATCCTGGGACACAAGCTGGAGTACAACTACAACAGCCACAACGTCTATATCATGGCCGACAAGCAGAAGAACGGAATCAAGGTGAACTTCAAGATCCGCCACAACATCGAGGACGGAAGCGTGCAGCTCGCCGACCACTACCAGCAGAACACCCCCATCGGAGACGGACCCGTGCTGCTGCCCGACAACCACTACCTGAGCACCCAGTCCGCCCTGAGCAAAGACCCCAACGAGAAGCGCGATCACATGGTCCTGCTGGAGTTCGTGACCGCCGCCGGAATCACTCTCGGAATGGACGAGCTGTACAAGTCCTAAGGAGCAGGAGGGAGCCACCCTCCCTGCAGCTACCCTAGCTGAGGAGCCTGTTGTGAGGGGCAGAATGAGAAAGGCAATAAAGGGAGAAAGAAAGTCCTGGTGGCTGAGGTGGGCGGGTCACACTGCAGGAAGCCTCAGGCTGGGGCAGGGTGGCACTTGGGGGGGCAGGCCAAGTTCACCTAAATGGGGGTCTCTATATGTTCAGGCCCAGGGGCCCCCATTGACAGGAGCTGGGAGCTCTGCACCACGAGCTTCAGTCACCCCGAGAGGAGAGGAGGTAACGAGGAGGGCGGACTCCAGGCCCCGGCCCAGAGATTTGGACTTGGCTGGCTTGCAGGGGTCCTAAGAAACTCCACTCTGGACAGCGCCAGGAGGCCCTGGGTTCCATTCCTAACTCTGCCTCAAACTGTACATTTGGATAAGCCCTAGTAGTTCCCTGGGCCTGTTTTTCTATAAAACGAGGCAACTGGACTGTTA,0.6587650129067063,0.16485570141435785,0.49390931149234846
G_to_GGC,G,GGC,EFEMP2,EFEMP2,2,1325,125,723,477,GCTTCCTGGGGCCGCGCGTCCAGGGAGCTGTGCCGTCCGCCCGTCCGTCTGCCCGCAGGCATTGCCCGAGCCAGCCGAGCCGCCAGAGCCGCGGGCCGCGGGGGTGTCGCGGGCCCAACCCCAGGATGGTGAGCAAGGGCGAGGAGCTGTTCACCGGCGTGGTGCCCATCCTGGTCGAGCTGGACGGCGACGTAAACGGCCACAAGTTCAGCGTGTCCGGCGAGGGCGAGGGCGATGCCACCTACGGCAAGCTGACCCTGAAGTTCATCTGCACCACCGGCAAGCTGCCCGTGCCCTGGCCCACCCTCGTGACCACCCTGACCTACGGCGTGCAGTGCTTCAGCCGCTACCCCGACCACATGAAGCAGCACGACTTCTTCAAGTCCGCCATGCCCGAAGGCTACGTCCAGGAGCGCACCATCTTCTTCAAGGACGACGGCAACTACAAGACCCGCGCCGAGGTGAAGTTCGAGGGCGACACCCTGGTGAACCGCATCGAGCTGAAGGGCATCGACTTCAAGGAGGACGGCAACATCCTGGGCCACAAGCTGGAGTACAACTACAACAGCCACAACGTCTATATCATGGCCGACAAGCAGAAGAACGGCATCAAGGTGAACTTCAAGATCCGCCACAACATCGAGGACGGCAGCGTGCAGCTCGCCGACCACTACCAGCAGAACACCCCCATCGGCGACGGCCCCGTGCTGCTGCCCGACAACCACTACCTGAGCACCCAGTCCGCCCTGAGCAAAGACCCCAACGAGAAGCGCGATCACATGGTCCTGCTGGAGTTCGTGACCGCCGCCGGCATCACTCTCGGCATGGACGAGCTGTACAAGTCCTAAGGAGCAGGAGGGAGCCACCCTCCCTGCAGCTACCCTAGCTGAGGAGCCTGTTGTGAGGGGCAGAATGAGAAAGGCAATAAAGGGAGAAAGAAAGTCCTGGTGGCTGAGGTGGGCGGGTCACACTGCAGGAAGCCTCAGGCTGGGGCAGGGTGGCACTTGGGGGGGCAGGCCAAGTTCACCTAAATGGGGGTCTCTATATGTTCAGGCCCAGGGGCCCCCATTGACAGGAGCTGGGAGCTCTGCACCACGAGCTTCAGTCACCCCGAGAGGAGAGGAGGTAACGAGGAGGGCGGACTCCAGGCCCCGGCCCAGAGATTTGGACTTGGCTGGCTTGCAGGGGTCCTAAGAAACTCCACTCTGGACAGCGCCAGGAGGCCCTGGGTTCCATTCCTAACTCTGCCTCAAACTGTACATTTGGATAAGCCCTAGTAGTTCCCTGGGCCTGTTTTTCTATAAAACGAGGCAACTGGACTGTTA,0.7010493285294668,0.2583804124129561,0.44266891611651066
G_to_GGG,G,GGG,EFEMP2,EFEMP2,2,1325,125,723,477,GCTTCCTGGGGCCGCGCGTCCAGGGAGCTGTGCCGTCCGCCCGTCCGTCTGCCCGCAGGCATTGCCCGAGCCAGCCGAGCCGCCAGAGCCGCGGGCCGCGGGGGTGTCGCGGGCCCAACCCCAGGATGGTGAGCAAGGGGGAGGAGCTGTTCACCGGGGTGGTGCCCATCCTGGTCGAGCTGGACGGGGACGTAAACGGGCACAAGTTCAGCGTGTCCGGGGAGGGGGAGGGGGATGCCACCTACGGGAAGCTGACCCTGAAGTTCATCTGCACCACCGGGAAGCTGCCCGTGCCCTGGCCCACCCTCGTGACCACCCTGACCTACGGGGTGCAGTGCTTCAGCCGCTACCCCGACCACATGAAGCAGCACGACTTCTTCAAGTCCGCCATGCCCGAAGGGTACGTCCAGGAGCGCACCATCTTCTTCAAGGACGACGGGAACTACAAGACCCGCGCCGAGGTGAAGTTCGAGGGGGACACCCTGGTGAACCGCATCGAGCTGAAGGGGATCGACTTCAAGGAGGACGGGAACATCCTGGGGCACAAGCTGGAGTACAACTACAACAGCCACAACGTCTATATCATGGCCGACAAGCAGAAGAACGGGATCAAGGTGAACTTCAAGATCCGCCACAACATCGAGGACGGGAGCGTGCAGCTCGCCGACCACTACCAGCAGAACACCCCCATCGGGGACGGGCCCGTGCTGCTGCCCGACAACCACTACCTGAGCACCCAGTCCGCCCTGAGCAAAGACCCCAACGAGAAGCGCGATCACATGGTCCTGCTGGAGTTCGTGACCGCCGCCGGGATCACTCTCGGGATGGACGAGCTGTACAAGTCCTAAGGAGCAGGAGGGAGCCACCCTCCCTGCAGCTACCCTAGCTGAGGAGCCTGTTGTGAGGGGCAGAATGAGAAAGGCAATAAAGGGAGAAAGAAAGTCCTGGTGGCTGAGGTGGGCGGGTCACACTGCAGGAAGCCTCAGGCTGGGGCAGGGTGGCACTTGGGGGGGCAGGCCAAGTTCACCTAAATGGGGGTCTCTATATGTTCAGGCCCAGGGGCCCCCATTGACAGGAGCTGGGAGCTCTGCACCACGAGCTTCAGTCACCCCGAGAGGAGAGGAGGTAACGAGGAGGGCGGACTCCAGGCCCCGGCCCAGAGATTTGGACTTGGCTGGCTTGCAGGGGTCCTAAGAAACTCCACTCTGGACAGCGCCAGGAGGCCCTGGGTTCCATTCCTAACTCTGCCTCAAACTGTACATTTGGATAAGCCCTAGTAGTTCCCTGGGCCTGTTTTTCTATAAAACGAGGCAACTGGACTGTTA,0.7010493285294668,-0.10088129369295584,0.8019306222224226
G_to_GGT,G,GGT,EFEMP2,EFEMP2,2,1325,125,723,477,GCTTCCTGGGGCCGCGCGTCCAGGGAGCTGTGCCGTCCGCCCGTCCGTCTGCCCGCAGGCATTGCCCGAGCCAGCCGAGCCGCCAGAGCCGCGGGCCGCGGGGGTGTCGCGGGCCCAACCCCAGGATGGTGAGCAAGGGTGAGGAGCTGTTCACCGGTGTGGTGCCCATCCTGGTCGAGCTGGACGGTGACGTAAACGGTCACAAGTTCAGCGTGTCCGGTGAGGGTGAGGGTGATGCCACCTACGGTAAGCTGACCCTGAAGTTCATCTGCACCACCGGTAAGCTGCCCGTGCCCTGGCCCACCCTCGTGACCACCCTGACCTACGGTGTGCAGTGCTTCAGCCGCTACCCCGACCACATGAAGCAGCACGACTTCTTCAAGTCCGCCATGCCCGAAGGTTACGTCCAGGAGCGCACCATCTTCTTCAAGGACGACGGTAACTACAAGACCCGCGCCGAGGTGAAGTTCGAGGGTGACACCCTGGTGAACCGCATCGAGCTGAAGGGTATCGACTTCAAGGAGGACGGTAACATCCTGGGTCACAAGCTGGAGTACAACTACAACAGCCACAACGTCTATATCATGGCCGACAAGCAGAAGAACGGTATCAAGGTGAACTTCAAGATCCGCCACAACATCGAGGACGGTAGCGTGCAGCTCGCCGACCACTACCAGCAGAACACCCCCATCGGTGACGGTCCCGTGCTGCTGCCCGACAACCACTACCTGAGCACCCAGTCCGCCCTGAGCAAAGACCCCAACGAGAAGCGCGATCACATGGTCCTGCTGGAGTTCGTGACCGCCGCCGGTATCACTCTCGGTATGGACGAGCTGTACAAGTCCTAAGGAGCAGGAGGGAGCCACCCTCCCTGCAGCTACCCTAGCTGAGGAGCCTGTTGTGAGGGGCAGAATGAGAAAGGCAATAAAGGGAGAAAGAAAGTCCTGGTGGCTGAGGTGGGCGGGTCACACTGCAGGAAGCCTCAGGCTGGGGCAGGGTGGCACTTGGGGGGGCAGGCCAAGTTCACCTAAATGGGGGTCTCTATATGTTCAGGCCCAGGGGCCCCCATTGACAGGAGCTGGGAGCTCTGCACCACGAGCTTCAGTCACCCCGAGAGGAGAGGAGGTAACGAGGAGGGCGGACTCCAGGCCCCGGCCCAGAGATTTGGACTTGGCTGGCTTGCAGGGGTCCTAAGAAACTCCACTCTGGACAGCGCCAGGAGGCCCTGGGTTCCATTCCTAACTCTGCCTCAAACTGTACATTTGGATAAGCCCTAGTAGTTCCCTGGGCCTGTTTTTCTATAAAACGAGGCAACTGGACTGTTA,0.6955636250023951,0.32026335916628745,0.37530026583610765
P_to_CCA,P,CCA,EFEMP2,EFEMP2,2,1325,125,723,477,GCTTCCTGGGGCCGCGCGTCCAGGGAGCTGTGCCGTCCGCCCGTCCGTCTGCCCGCAGGCATTGCCCGAGCCAGCCGAGCCGCCAGAGCCGCGGGCCGCGGGGGTGTCGCGGGCCCAACCCCAGGATGGTGAGCAAGGGCGAGGAGCTGTTCACCGGGGTGGTGCCAATCCTGGTCGAGCTGGACGGCGACGTAAACGGCCACAAGTTCAGCGTGTCCGGCGAGGGCGAGGGCGATGCCACCTACGGCAAGCTGACCCTGAAGTTCATCTGCACCACCGGCAAGCTGCCAGTGCCATGGCCAACCCTCGTGACCACCCTGACCTACGGCGTGCAGTGCTTCAGCCGCTACCCAGACCACATGAAGCAGCACGACTTCTTCAAGTCCGCCATGCCAGAAGGCTACGTCCAGGAGCGCACCATCTTCTTCAAGGACGACGGCAACTACAAGACCCGCGCCGAGGTGAAGTTCGAGGGCGACACCCTGGTGAACCGCATCGAGCTGAAGGGCATCGACTTCAAGGAGGACGGCAACATCCTGGGGCACAAGCTGGAGTACAACTACAACAGCCACAACGTCTATATCATGGCCGACAAGCAGAAGAACGGCATCAAGGTGAACTTCAAGATCCGCCACAACATCGAGGACGGCAGCGTGCAGCTCGCCGACCACTACCAGCAGAACACCCCAATCGGCGACGGCCCAGTGCTGCTGCCAGACAACCACTACCTGAGCACCCAGTCCGCCCTGAGCAAAGACCCAAACGAGAAGCGCGATCACATGGTCCTGCTGGAGTTCGTGACCGCCGCCGGGATCACTCTCGGCATGGACGAGCTGTACAAGTCCTAAGGAGCAGGAGGGAGCCACCCTCCCTGCAGCTACCCTAGCTGAGGAGCCTGTTGTGAGGGGCAGAATGAGAAAGGCAATAAAGGGAGAAAGAAAGTCCTGGTGGCTGAGGTGGGCGGGTCACACTGCAGGAAGCCTCAGGCTGGGGCAGGGTGGCACTTGGGGGGGCAGGCCAAGTTCACCTAAATGGGGGTCTCTATATGTTCAGGCCCAGGGGCCCCCATTGACAGGAGCTGGGAGCTCTGCACCACGAGCTTCAGTCACCCCGAGAGGAGAGGAGGTAACGAGGAGGGCGGACTCCAGGCCCCGGCCCAGAGATTTGGACTTGGCTGGCTTGCAGGGGTCCTAAGAAACTCCACTCTGGACAGCGCCAGGAGGCCCTGGGTTCCATTCCTAACTCTGCCTCAAACTGTACATTTGGATAAGCCCTAGTAGTTCCCTGGGCCTGTTTTTCTATAAAACGAGGCAACTGGACTGTTA,0.6086079731887195,0.1290032715200724,0.4796047016686471
P_to_CCC,P,CCC,EFEMP2,EFEMP2,2,1325,125,723,477,GCTTCCTGGGGCCGCGCGTCCAGGGAGCTGTGCCGTCCGCCCGTCCGTCTGCCCGCAGGCATTGCCCGAGCCAGCCGAGCCGCCAGAGCCGCGGGCCGCGGGGGTGTCGCGGGCCCAACCCCAGGATGGTGAGCAAGGGCGAGGAGCTGTTCACCGGGGTGGTGCCCATCCTGGTCGAGCTGGACGGCGACGTAAACGGCCACAAGTTCAGCGTGTCCGGCGAGGGCGAGGGCGATGCCACCTACGGCAAGCTGACCCTGAAGTTCATCTGCACCACCGGCAAGCTGCCCGTGCCCTGGCCCACCCTCGTGACCACCCTGACCTACGGCGTGCAGTGCTTCAGCCGCTACCCCGACCACATGAAGCAGCACGACTTCTTCAAGTCCGCCATGCCCGAAGGCTACGTCCAGGAGCGCACCATCTTCTTCAAGGACGACGGCAACTACAAGACCCGCGCCGAGGTGAAGTTCGAGGGCGACACCCTGGTGAACCGCATCGAGCTGAAGGGCATCGACTTCAAGGAGGACGGCAACATCCTGGGGCACAAGCTGGAGTACAACTACAACAGCCACAACGTCTATATCATGGCCGACAAGCAGAAGAACGGCATCAAGGTGAACTTCAAGATCCGCCACAACATCGAGGACGGCAGCGTGCAGCTCGCCGACCACTACCAGCAGAACACCCCCATCGGCGACGGCCCCGTGCTGCTGCCCGACAACCACTACCTGAGCACCCAGTCCGCCCTGAGCAAAGACCCCAACGAGAAGCGCGATCACATGGTCCTGCTGGAGTTCGTGACCGCCGCCGGGATCACTCTCGGCATGGACGAGCTGTACAAGTCCTAAGGAGCAGGAGGGAGCCACCCTCCCTGCAGCTACCCTAGCTGAGGAGCCTGTTGTGAGGGGCAGAATGAGAAAGGCAATAAAGGGAGAAAGAAAGTCCTGGTGGCTGAGGTGGGCGGGTCACACTGCAGGAAGCCTCAGGCTGGGGCAGGGTGGCACTTGGGGGGGCAGGCCAAGTTCACCTAAATGGGGGTCTCTATATGTTCAGGCCCAGGGGCCCCCATTGACAGGAGCTGGGAGCTCTGCACCACGAGCTTCAGTCACCCCGAGAGGAGAGGAGGTAACGAGGAGGGCGGACTCCAGGCCCCGGCCCAGAGATTTGGACTTGGCTGGCTTGCAGGGGTCCTAAGAAACTCCACTCTGGACAGCGCCAGGAGGCCCTGGGTTCCATTCCTAACTCTGCCTCAAACTGTACATTTGGATAAGCCCTAGTAGTTCCCTGGGCCTGTTTTTCTATAAAACGAGGCAACTGGACTGTTA,0.7010493285294668,0.13759541322843033,0.5634539153010365
P_to_CCG,P,CCG,EFEMP2,EFEMP2,2,1325,125,723,477,GCTTCCTGGGGCCGCGCGTCCAGGGAGCTGTGCCGTCCGCCCGTCCGTCTGCCCGCAGGCATTGCCCGAGCCAGCCGAGCCGCCAGAGCCGCGGGCCGCGGGGGTGTCGCGGGCCCAACCCCAGGATGGTGAGCAAGGGCGAGGAGCTGTTCACCGGGGTGGTGCCGATCCTGGTCGAGCTGGACGGCGACGTAAACGGCCACAAGTTCAGCGTGTCCGGCGAGGGCGAGGGCGATGCCACCTACGGCAAGCTGACCCTGAAGTTCATCTGCACCACCGGCAAGCTGCCGGTGCCGTGGCCGACCCTCGTGACCACCCTGACCTACGGCGTGCAGTGCTTCAGCCGCTACCCGGACCACATGAAGCAGCACGACTTCTTCAAGTCCGCCATGCCGGAAGGCTACGTCCAGGAGCGCACCATCTTCTTCAAGGACGACGGCAACTACAAGACCCGCGCCGAGGTGAAGTTCGAGGGCGACACCCTGGTGAACCGCATCGAGCTGAAGGGCATCGACTTCAAGGAGGACGGCAACATCCTGGGGCACAAGCTGGAGTACAACTACAACAGCCACAACGTCTATATCATGGCCGACAAGCAGAAGAACGGCATCAAGGTGAACTTCAAGATCCGCCACAACATCGAGGACGGCAGCGTGCAGCTCGCCGACCACTACCAGCAGAACACCCCGATCGGCGACGGCCCGGTGCTGCTGCCGGACAACCACTACCTGAGCACCCAGTCCGCCCTGAGCAAAGACCCGAACGAGAAGCGCGATCACATGGTCCTGCTGGAGTTCGTGACCGCCGCCGGGATCACTCTCGGCATGGACGAGCTGTACAAGTCCTAAGGAGCAGGAGGGAGCCACCCTCCCTGCAGCTACCCTAGCTGAGGAGCCTGTTGTGAGGGGCAGAATGAGAAAGGCAATAAAGGGAGAAAGAAAGTCCTGGTGGCTGAGGTGGGCGGGTCACACTGCAGGAAGCCTCAGGCTGGGGCAGGGTGGCACTTGGGGGGGCAGGCCAAGTTCACCTAAATGGGGGTCTCTATATGTTCAGGCCCAGGGGCCCCCATTGACAGGAGCTGGGAGCTCTGCACCACGAGCTTCAGTCACCCCGAGAGGAGAGGAGGTAACGAGGAGGGCGGACTCCAGGCCCCGGCCCAGAGATTTGGACTTGGCTGGCTTGCAGGGGTCCTAAGAAACTCCACTCTGGACAGCGCCAGGAGGCCCTGGGTTCCATTCCTAACTCTGCCTCAAACTGTACATTTGGATAAGCCCTAGTAGTTCCCTGGGCCTGTTTTTCTATAAAACGAGGCAACTGGACTGTTA,0.5841857627608593,0.12068164490648893,0.4635041178543704
P_to_CCT,P,CCT,EFEMP2,EFEMP2,2,1325,125,723,477,GCTTCCTGGGGCCGCGCGTCCAGGGAGCTGTGCCGTCCGCCCGTCCGTCTGCCCGCAGGCATTGCCCGAGCCAGCCGAGCCGCCAGAGCCGCGGGCCGCGGGGGTGTCGCGGGCCCAACCCCAGGATGGTGAGCAAGGGCGAGGAGCTGTTCACCGGGGTGGTGCCTATCCTGGTCGAGCTGGACGGCGACGTAAACGGCCACAAGTTCAGCGTGTCCGGCGAGGGCGAGGGCGATGCCACCTACGGCAAGCTGACCCTGAAGTTCATCTGCACCACCGGCAAGCTGCCTGTGCCTTGGCCTACCCTCGTGACCACCCTGACCTACGGCGTGCAGTGCTTCAGCCGCTACCCTGACCACATGAAGCAGCACGACTTCTTCAAGTCCGCCATGCCTGAAGGCTACGTCCAGGAGCGCACCATCTTCTTCAAGGACGACGGCAACTACAAGACCCGCGCCGAGGTGAAGTTCGAGGGCGACACCCTGGTGAACCGCATCGAGCTGAAGGGCATCGACTTCAAGGAGGACGGCAACATCCTGGGGCACAAGCTGGAGTACAACTACAACAGCCACAACGTCTATATCATGGCCGACAAGCAGAAGAACGGCATCAAGGTGAACTTCAAGATCCGCCACAACATCGAGGACGGCAGCGTGCAGCTCGCCGACCACTACCAGCAGAACACCCCTATCGGCGACGGCCCTGTGCTGCTGCCTGACAACCACTACCTGAGCACCCAGTCCGCCCTGAGCAAAGACCCTAACGAGAAGCGCGATCACATGGTCCTGCTGGAGTTCGTGACCGCCGCCGGGATCACTCTCGGCATGGACGAGCTGTACAAGTCCTAAGGAGCAGGAGGGAGCCACCCTCCCTGCAGCTACCCTAGCTGAGGAGCCTGTTGTGAGGGGCAGAATGAGAAAGGCAATAAAGGGAGAAAGAAAGTCCTGGTGGCTGAGGTGGGCGGGTCACACTGCAGGAAGCCTCAGGCTGGGGCAGGGTGGCACTTGGGGGGGCAGGCCAAGTTCACCTAAATGGGGGTCTCTATATGTTCAGGCCCAGGGGCCCCCATTGACAGGAGCTGGGAGCTCTGCACCACGAGCTTCAGTCACCCCGAGAGGAGAGGAGGTAACGAGGAGGGCGGACTCCAGGCCCCGGCCCAGAGATTTGGACTTGGCTGGCTTGCAGGGGTCCTAAGAAACTCCACTCTGGACAGCGCCAGGAGGCCCTGGGTTCCATTCCTAACTCTGCCTCAAACTGTACATTTGGATAAGCCCTAGTAGTTCCCTGGGCCTGTTTTTCTATAAAACGAGGCAACTGGACTGTTA,0.6111697265300053,0.19383903003059982,0.4173306964994055
T_to_ACA,T,ACA,EFEMP2,EFEMP2,2,1325,125,723,477,GCTTCCTGGGGCCGCGCGTCCAGGGAGCTGTGCCGTCCGCCCGTCCGTCTGCCCGCAGGCATTGCCCGAGCCAGCCGAGCCGCCAGAGCCGCGGGCCGCGGGGGTGTCGCGGGCCCAACCCCAGGATGGTGAGCAAGGGCGAGGAGCTGTTCACAGGGGTGGTGCCCATCCTGGTCGAGCTGGACGGCGACGTAAACGGCCACAAGTTCAGCGTGTCCGGCGAGGGCGAGGGCGATGCCACATACGGCAAGCTGACACTGAAGTTCATCTGCACAACAGGCAAGCTGCCCGTGCCCTGGCCCACACTCGTGACAACACTGACATACGGCGTGCAGTGCTTCAGCCGCTACCCCGACCACATGAAGCAGCACGACTTCTTCAAGTCCGCCATGCCCGAAGGCTACGTCCAGGAGCGCACAATCTTCTTCAAGGACGACGGCAACTACAAGACACGCGCCGAGGTGAAGTTCGAGGGCGACACACTGGTGAACCGCATCGAGCTGAAGGGCATCGACTTCAAGGAGGACGGCAACATCCTGGGGCACAAGCTGGAGTACAACTACAACAGCCACAACGTCTATATCATGGCCGACAAGCAGAAGAACGGCATCAAGGTGAACTTCAAGATCCGCCACAACATCGAGGACGGCAGCGTGCAGCTCGCCGACCACTACCAGCAGAACACACCCATCGGCGACGGCCCCGTGCTGCTGCCCGACAACCACTACCTGAGCACACAGTCCGCCCTGAGCAAAGACCCCAACGAGAAGCGCGATCACATGGTCCTGCTGGAGTTCGTGACAGCCGCCGGGATCACACTCGGCATGGACGAGCTGTACAAGTCCTAAGGAGCAGGAGGGAGCCACCCTCCCTGCAGCTACCCTAGCTGAGGAGCCTGTTGTGAGGGGCAGAATGAGAAAGGCAATAAAGGGAGAAAGAAAGTCCTGGTGGCTGAGGTGGGCGGGTCACACTGCAGGAAGCCTCAGGCTGGGGCAGGGTGGCACTTGGGGGGGCAGGCCAAGTTCACCTAAATGGGGGTCTCTATATGTTCAGGCCCAGGGGCCCCCATTGACAGGAGCTGGGAGCTCTGCACCACGAGCTTCAGTCACCCCGAGAGGAGAGGAGGTAACGAGGAGGGCGGACTCCAGGCCCCGGCCCAGAGATTTGGACTTGGCTGGCTTGCAGGGGTCCTAAGAAACTCCACTCTGGACAGCGCCAGGAGGCCCTGGGTTCCATTCCTAACTCTGCCTCAAACTGTACATTTGGATAAGCCCTAGTAGTTCCCTGGGCCTGTTTTTCTATAAAACGAGGCAACTGGACTGTTA,0.5486137253172931,0.0892464578750948,0.45936726744219836
T_to_ACC,T,ACC,EFEMP2,EFEMP2,2,1325,125,723,477,GCTTCCTGGGGCCGCGCGTCCAGGGAGCTGTGCCGTCCGCCCGTCCGTCTGCCCGCAGGCATTGCCCGAGCCAGCCGAGCCGCCAGAGCCGCGGGCCGCGGGGGTGTCGCGGGCCCAACCCCAGGATGGTGAGCAAGGGCGAGGAGCTGTTCACCGGGGTGGTGCCCATCCTGGTCGAGCTGGACGGCGACGTAAACGGCCACAAGTTCAGCGTGTCCGGCGAGGGCGAGGGCGATGCCACCTACGGCAAGCTGACCCTGAAGTTCATCTGCACCACCGGCAAGCTGCCCGTGCCCTGGCCCACCCTCGTGACCACCCTGACCTACGGCGTGCAGTGCTTCAGCCGCTACCCCGACCACATGAAGCAGCACGACTTCTTCAAGTCCGCCATGCCCGAAGGCTACGTCCAGGAGCGCACCATCTTCTTCAAGGACGACGGCAACTACAAGACCCGCGCCGAGGTGAAGTTCGAGGGCGACACCCTGGTGAACCGCATCGAGCTGAAGGGCATCGACTTCAAGGAGGACGGCAACATCCTGGGGCACAAGCTGGAGTACAACTACAACAGCCACAACGTCTATATCATGGCCGACAAGCAGAAGAACGGCATCAAGGTGAACTTCAAGATCCGCCACAACATCGAGGACGGCAGCGTGCAGCTCGCCGACCACTACCAGCAGAACACCCCCATCGGCGACGGCCCCGTGCTGCTGCCCGACAACCACTACCTGAGCACCCAGTCCGCCCTGAGCAAAGACCCCAACGAGAAGCGCGATCACATGGTCCTGCTGGAGTTCGTGACCGCCGCCGGGATCACCCTCGGCATGGACGAGCTGTACAAGTCCTAAGGAGCAGGAGGGAGCCACCCTCCCTGCAGCTACCCTAGCTGAGGAGCCTGTTGTGAGGGGCAGAATGAGAAAGGCAATAAAGGGAGAAAGAAAGTCCTGGTGGCTGAGGTGGGCGGGTCACACTGCAGGAAGCCTCAGGCTGGGGCAGGGTGGCACTTGGGGGGGCAGGCCAAGTTCACCTAAATGGGGGTCTCTATATGTTCAGGCCCAGGGGCCCCCATTGACAGGAGCTGGGAGCTCTGCACCACGAGCTTCAGTCACCCCGAGAGGAGAGGAGGTAACGAGGAGGGCGGACTCCAGGCCCCGGCCCAGAGATTTGGACTTGGCTGGCTTGCAGGGGTCCTAAGAAACTCCACTCTGGACAGCGCCAGGAGGCCCTGGGTTCCATTCCTAACTCTGCCTCAAACTGTACATTTGGATAAGCCCTAGTAGTTCCCTGGGCCTGTTTTTCTATAAAACGAGGCAACTGGACTGTTA,0.7131178701714728,0.13759541322843033,0.5755224569430424
T_to_ACG,T,ACG,EFEMP2,EFEMP2,2,1325,125,723,477,GCTTCCTGGGGCCGCGCGTCCAGGGAGCTGTGCCGTCCGCCCGTCCGTCTGCCCGCAGGCATTGCCCGAGCCAGCCGAGCCGCCAGAGCCGCGGGCCGCGGGGGTGTCGCGGGCCCAACCCCAGGATGGTGAGCAAGGGCGAGGAGCTGTTCACGGGGGTGGTGCCCATCCTGGTCGAGCTGGACGGCGACGTAAACGGCCACAAGTTCAGCGTGTCCGGCGAGGGCGAGGGCGATGCCACGTACGGCAAGCTGACGCTGAAGTTCATCTGCACGACGGGCAAGCTGCCCGTGCCCTGGCCCACGCTCGTGACGACGCTGACGTACGGCGTGCAGTGCTTCAGCCGCTACCCCGACCACATGAAGCAGCACGACTTCTTCAAGTCCGCCATGCCCGAAGGCTACGTCCAGGAGCGCACGATCTTCTTCAAGGACGACGGCAACTACAAGACGCGCGCCGAGGTGAAGTTCGAGGGCGACACGCTGGTGAACCGCATCGAGCTGAAGGGCATCGACTTCAAGGAGGACGGCAACATCCTGGGGCACAAGCTGGAGTACAACTACAACAGCCACAACGTCTATATCATGGCCGACAAGCAGAAGAACGGCATCAAGGTGAACTTCAAGATCCGCCACAACATCGAGGACGGCAGCGTGCAGCTCGCCGACCACTACCAGCAGAACACGCCCATCGGCGACGGCCCCGTGCTGCTGCCCGACAACCACTACCTGAGCACGCAGTCCGCCCTGAGCAAAGACCCCAACGAGAAGCGCGATCACATGGTCCTGCTGGAGTTCGTGACGGCCGCCGGGATCACGCTCGGCATGGACGAGCTGTACAAGTCCTAAGGAGCAGGAGGGAGCCACCCTCCCTGCAGCTACCCTAGCTGAGGAGCCTGTTGTGAGGGGCAGAATGAGAAAGGCAATAAAGGGAGAAAGAAAGTCCTGGTGGCTGAGGTGGGCGGGTCACACTGCAGGAAGCCTCAGGCTGGGGCAGGGTGGCACTTGGGGGGGCAGGCCAAGTTCACCTAAATGGGGGTCTCTATATGTTCAGGCCCAGGGGCCCCCATTGACAGGAGCTGGGAGCTCTGCACCACGAGCTTCAGTCACCCCGAGAGGAGAGGAGGTAACGAGGAGGGCGGACTCCAGGCCCCGGCCCAGAGATTTGGACTTGGCTGGCTTGCAGGGGTCCTAAGAAACTCCACTCTGGACAGCGCCAGGAGGCCCTGGGTTCCATTCCTAACTCTGCCTCAAACTGTACATTTGGATAAGCCCTAGTAGTTCCCTGGGCCTGTTTTTCTATAAAACGAGGCAACTGGACTGTTA,0.6773058578736214,0.04994472103611467,0.6273611368375067
T_to_ACT,T,ACT,EFEMP2,EFEMP2,2,1325,125,723,477,GCTTCCTGGGGCCGCGCGTCCAGGGAGCTGTGCCGTCCGCCCGTCCGTCTGCCCGCAGGCATTGCCCGAGCCAGCCGAGCCGCCAGAGCCGCGGGCCGCGGGGGTGTCGCGGGCCCAACCCCAGGATGGTGAGCAAGGGCGAGGAGCTGTTCACTGGGGTGGTGCCCATCCTGGTCGAGCTGGACGGCGACGTAAACGGCCACAAGTTCAGCGTGTCCGGCGAGGGCGAGGGCGATGCCACTTACGGCAAGCTGACTCTGAAGTTCATCTGCACTACTGGCAAGCTGCCCGTGCCCTGGCCCACTCTCGTGACTACTCTGACTTACGGCGTGCAGTGCTTCAGCCGCTACCCCGACCACATGAAGCAGCACGACTTCTTCAAGTCCGCCATGCCCGAAGGCTACGTCCAGGAGCGCACTATCTTCTTCAAGGACGACGGCAACTACAAGACTCGCGCCGAGGTGAAGTTCGAGGGCGACACTCTGGTGAACCGCATCGAGCTGAAGGGCATCGACTTCAAGGAGGACGGCAACATCCTGGGGCACAAGCTGGAGTACAACTACAACAGCCACAACGTCTATATCATGGCCGACAAGCAGAAGAACGGCATCAAGGTGAACTTCAAGATCCGCCACAACATCGAGGACGGCAGCGTGCAGCTCGCCGACCACTACCAGCAGAACACTCCCATCGGCGACGGCCCCGTGCTGCTGCCCGACAACCACTACCTGAGCACTCAGTCCGCCCTGAGCAAAGACCCCAACGAGAAGCGCGATCACATGGTCCTGCTGGAGTTCGTGACTGCCGCCGGGATCACTCTCGGCATGGACGAGCTGTACAAGTCCTAAGGAGCAGGAGGGAGCCACCCTCCCTGCAGCTACCCTAGCTGAGGAGCCTGTTGTGAGGGGCAGAATGAGAAAGGCAATAAAGGGAGAAAGAAAGTCCTGGTGGCTGAGGTGGGCGGGTCACACTGCAGGAAGCCTCAGGCTGGGGCAGGGTGGCACTTGGGGGGGCAGGCCAAGTTCACCTAAATGGGGGTCTCTATATGTTCAGGCCCAGGGGCCCCCATTGACAGGAGCTGGGAGCTCTGCACCACGAGCTTCAGTCACCCCGAGAGGAGAGGAGGTAACGAGGAGGGCGGACTCCAGGCCCCGGCCCAGAGATTTGGACTTGGCTGGCTTGCAGGGGTCCTAAGAAACTCCACTCTGGACAGCGCCAGGAGGCCCTGGGTTCCATTCCTAACTCTGCCTCAAACTGTACATTTGGATAAGCCCTAGTAGTTCCCTGGGCCTGTTTTTCTATAAAACGAGGCAACTGGACTGTTA,0.6148304061598393,0.12493409453470354,0.48989631162513575
S_to_TCA,S,TCA,EFEMP2,EFEMP2,2,1325,125,723,477,GCTTCCTGGGGCCGCGCGTCCAGGGAGCTGTGCCGTCCGCCCGTCCGTCTGCCCGCAGGCATTGCCCGAGCCAGCCGAGCCGCCAGAGCCGCGGGCCGCGGGGGTGTCGCGGGCCCAACCCCAGGATGGTGTCAAAGGGCGAGGAGCTGTTCACCGGGGTGGTGCCCATCCTGGTCGAGCTGGACGGCGACGTAAACGGCCACAAGTTCTCAGTGTCAGGCGAGGGCGAGGGCGATGCCACCTACGGCAAGCTGACCCTGAAGTTCATCTGCACCACCGGCAAGCTGCCCGTGCCCTGGCCCACCCTCGTGACCACCCTGACCTACGGCGTGCAGTGCTTCTCACGCTACCCCGACCACATGAAGCAGCACGACTTCTTCAAGTCAGCCATGCCCGAAGGCTACGTCCAGGAGCGCACCATCTTCTTCAAGGACGACGGCAACTACAAGACCCGCGCCGAGGTGAAGTTCGAGGGCGACACCCTGGTGAACCGCATCGAGCTGAAGGGCATCGACTTCAAGGAGGACGGCAACATCCTGGGGCACAAGCTGGAGTACAACTACAACTCACACAACGTCTATATCATGGCCGACAAGCAGAAGAACGGCATCAAGGTGAACTTCAAGATCCGCCACAACATCGAGGACGGCTCAGTGCAGCTCGCCGACCACTACCAGCAGAACACCCCCATCGGCGACGGCCCCGTGCTGCTGCCCGACAACCACTACCTGTCAACCCAGTCAGCCCTGTCAAAAGACCCCAACGAGAAGCGCGATCACATGGTCCTGCTGGAGTTCGTGACCGCCGCCGGGATCACTCTCGGCATGGACGAGCTGTACAAGTCATAAGGAGCAGGAGGGAGCCACCCTCCCTGCAGCTACCCTAGCTGAGGAGCCTGTTGTGAGGGGCAGAATGAGAAAGGCAATAAAGGGAGAAAGAAAGTCCTGGTGGCTGAGGTGGGCGGGTCACACTGCAGGAAGCCTCAGGCTGGGGCAGGGTGGCACTTGGGGGGGCAGGCCAAGTTCACCTAAATGGGGGTCTCTATATGTTCAGGCCCAGGGGCCCCCATTGACAGGAGCTGGGAGCTCTGCACCACGAGCTTCAGTCACCCCGAGAGGAGAGGAGGTAACGAGGAGGGCGGACTCCAGGCCCCGGCCCAGAGATTTGGACTTGGCTGGCTTGCAGGGGTCCTAAGAAACTCCACTCTGGACAGCGCCAGGAGGCCCTGGGTTCCATTCCTAACTCTGCCTCAAACTGTACATTTGGATAAGCCCTAGTAGTTCCCTGGGCCTGTTTTTCTATAAAACGAGGCAACTGGACTGTTA,0.7247694059089085,0.3543147318867986,0.3704546740221099
S_to_TCC,S,TCC,EFEMP2,EFEMP2,2,1325,125,723,477,GCTTCCTGGGGCCGCGCGTCCAGGGAGCTGTGCCGTCCGCCCGTCCGTCTGCCCGCAGGCATTGCCCGAGCCAGCCGAGCCGCCAGAGCCGCGGGCCGCGGGGGTGTCGCGGGCCCAACCCCAGGATGGTGTCCAAGGGCGAGGAGCTGTTCACCGGGGTGGTGCCCATCCTGGTCGAGCTGGACGGCGACGTAAACGGCCACAAGTTCTCCGTGTCCGGCGAGGGCGAGGGCGATGCCACCTACGGCAAGCTGACCCTGAAGTTCATCTGCACCACCGGCAAGCTGCCCGTGCCCTGGCCCACCCTCGTGACCACCCTGACCTACGGCGTGCAGTGCTTCTCCCGCTACCCCGACCACATGAAGCAGCACGACTTCTTCAAGTCCGCCATGCCCGAAGGCTACGTCCAGGAGCGCACCATCTTCTTCAAGGACGACGGCAACTACAAGACCCGCGCCGAGGTGAAGTTCGAGGGCGACACCCTGGTGAACCGCATCGAGCTGAAGGGCATCGACTTCAAGGAGGACGGCAACATCCTGGGGCACAAGCTGGAGTACAACTACAACTCCCACAACGTCTATATCATGGCCGACAAGCAGAAGAACGGCATCAAGGTGAACTTCAAGATCCGCCACAACATCGAGGACGGCTCCGTGCAGCTCGCCGACCACTACCAGCAGAACACCCCCATCGGCGACGGCCCCGTGCTGCTGCCCGACAACCACTACCTGTCCACCCAGTCCGCCCTGTCCAAAGACCCCAACGAGAAGCGCGATCACATGGTCCTGCTGGAGTTCGTGACCGCCGCCGGGATCACTCTCGGCATGGACGAGCTGTACAAGTCCTAAGGAGCAGGAGGGAGCCACCCTCCCTGCAGCTACCCTAGCTGAGGAGCCTGTTGTGAGGGGCAGAATGAGAAAGGCAATAAAGGGAGAAAGAAAGTCCTGGTGGCTGAGGTGGGCGGGTCACACTGCAGGAAGCCTCAGGCTGGGGCAGGGTGGCACTTGGGGGGGCAGGCCAAGTTCACCTAAATGGGGGTCTCTATATGTTCAGGCCCAGGGGCCCCCATTGACAGGAGCTGGGAGCTCTGCACCACGAGCTTCAGTCACCCCGAGAGGAGAGGAGGTAACGAGGAGGGCGGACTCCAGGCCCCGGCCCAGAGATTTGGACTTGGCTGGCTTGCAGGGGTCCTAAGAAACTCCACTCTGGACAGCGCCAGGAGGCCCTGGGTTCCATTCCTAACTCTGCCTCAAACTGTACATTTGGATAAGCCCTAGTAGTTCCCTGGGCCTGTTTTTCTATAAAACGAGGCAACTGGACTGTTA,0.743403486507271,0.35859521991001303,0.3848082665972579
S_to_TCG,S,TCG,EFEMP2,EFEMP2,2,1325,125,723,477,GCTTCCTGGGGCCGCGCGTCCAGGGAGCTGTGCCGTCCGCCCGTCCGTCTGCCCGCAGGCATTGCCCGAGCCAGCCGAGCCGCCAGAGCCGCGGGCCGCGGGGGTGTCGCGGGCCCAACCCCAGGATGGTGTCGAAGGGCGAGGAGCTGTTCACCGGGGTGGTGCCCATCCTGGTCGAGCTGGACGGCGACGTAAACGGCCACAAGTTCTCGGTGTCGGGCGAGGGCGAGGGCGATGCCACCTACGGCAAGCTGACCCTGAAGTTCATCTGCACCACCGGCAAGCTGCCCGTGCCCTGGCCCACCCTCGTGACCACCCTGACCTACGGCGTGCAGTGCTTCTCGCGCTACCCCGACCACATGAAGCAGCACGACTTCTTCAAGTCGGCCATGCCCGAAGGCTACGTCCAGGAGCGCACCATCTTCTTCAAGGACGACGGCAACTACAAGACCCGCGCCGAGGTGAAGTTCGAGGGCGACACCCTGGTGAACCGCATCGAGCTGAAGGGCATCGACTTCAAGGAGGACGGCAACATCCTGGGGCACAAGCTGGAGTACAACTACAACTCGCACAACGTCTATATCATGGCCGACAAGCAGAAGAACGGCATCAAGGTGAACTTCAAGATCCGCCACAACATCGAGGACGGCTCGGTGCAGCTCGCCGACCACTACCAGCAGAACACCCCCATCGGCGACGGCCCCGTGCTGCTGCCCGACAACCACTACCTGTCGACCCAGTCGGCCCTGTCGAAAGACCCCAACGAGAAGCGCGATCACATGGTCCTGCTGGAGTTCGTGACCGCCGCCGGGATCACTCTCGGCATGGACGAGCTGTACAAGTCGTAAGGAGCAGGAGGGAGCCACCCTCCCTGCAGCTACCCTAGCTGAGGAGCCTGTTGTGAGGGGCAGAATGAGAAAGGCAATAAAGGGAGAAAGAAAGTCCTGGTGGCTGAGGTGGGCGGGTCACACTGCAGGAAGCCTCAGGCTGGGGCAGGGTGGCACTTGGGGGGGCAGGCCAAGTTCACCTAAATGGGGGTCTCTATATGTTCAGGCCCAGGGGCCCCCATTGACAGGAGCTGGGAGCTCTGCACCACGAGCTTCAGTCACCCCGAGAGGAGAGGAGGTAACGAGGAGGGCGGACTCCAGGCCCCGGCCCAGAGATTTGGACTTGGCTGGCTTGCAGGGGTCCTAAGAAACTCCACTCTGGACAGCGCCAGGAGGCCCTGGGTTCCATTCCTAACTCTGCCTCAAACTGTACATTTGGATAAGCCCTAGTAGTTCCCTGGGCCTGTTTTTCTATAAAACGAGGCAACTGGACTGTTA,0.7229119223425581,0.3176379812066916,0.40527394113586646
S_to_TCT,S,TCT,EFEMP2,EFEMP2,2,1325,125,723,477,GCTTCCTGGGGCCGCGCGTCCAGGGAGCTGTGCCGTCCGCCCGTCCGTCTGCCCGCAGGCATTGCCCGAGCCAGCCGAGCCGCCAGAGCCGCGGGCCGCGGGGGTGTCGCGGGCCCAACCCCAGGATGGTGTCTAAGGGCGAGGAGCTGTTCACCGGGGTGGTGCCCATCCTGGTCGAGCTGGACGGCGACGTAAACGGCCACAAGTTCTCTGTGTCTGGCGAGGGCGAGGGCGATGCCACCTACGGCAAGCTGACCCTGAAGTTCATCTGCACCACCGGCAAGCTGCCCGTGCCCTGGCCCACCCTCGTGACCACCCTGACCTACGGCGTGCAGTGCTTCTCTCGCTACCCCGACCACATGAAGCAGCACGACTTCTTCAAGTCTGCCATGCCCGAAGGCTACGTCCAGGAGCGCACCATCTTCTTCAAGGACGACGGCAACTACAAGACCCGCGCCGAGGTGAAGTTCGAGGGCGACACCCTGGTGAACCGCATCGAGCTGAAGGGCATCGACTTCAAGGAGGACGGCAACATCCTGGGGCACAAGCTGGAGTACAACTACAACTCTCACAACGTCTATATCATGGCCGACAAGCAGAAGAACGGCATCAAGGTGAACTTCAAGATCCGCCACAACATCGAGGACGGCTCTGTGCAGCTCGCCGACCACTACCAGCAGAACACCCCCATCGGCGACGGCCCCGTGCTGCTGCCCGACAACCACTACCTGTCTACCCAGTCTGCCCTGTCTAAAGACCCCAACGAGAAGCGCGATCACATGGTCCTGCTGGAGTTCGTGACCGCCGCCGGGATCACTCTCGGCATGGACGAGCTGTACAAGTCTTAAGGAGCAGGAGGGAGCCACCCTCCCTGCAGCTACCCTAGCTGAGGAGCCTGTTGTGAGGGGCAGAATGAGAAAGGCAATAAAGGGAGAAAGAAAGTCCTGGTGGCTGAGGTGGGCGGGTCACACTGCAGGAAGCCTCAGGCTGGGGCAGGGTGGCACTTGGGGGGGCAGGCCAAGTTCACCTAAATGGGGGTCTCTATATGTTCAGGCCCAGGGGCCCCCATTGACAGGAGCTGGGAGCTCTGCACCACGAGCTTCAGTCACCCCGAGAGGAGAGGAGGTAACGAGGAGGGCGGACTCCAGGCCCCGGCCCAGAGATTTGGACTTGGCTGGCTTGCAGGGGTCCTAAGAAACTCCACTCTGGACAGCGCCAGGAGGCCCTGGGTTCCATTCCTAACTCTGCCTCAAACTGTACATTTGGATAAGCCCTAGTAGTTCCCTGGGCCTGTTTTTCTATAAAACGAGGCAACTGGACTGTTA,0.6731892205411666,0.326446529394735,0.3467426911464316
S_to_AGC,S,AGC,EFEMP2,EFEMP2,2,1325,125,723,477,GCTTCCTGGGGCCGCGCGTCCAGGGAGCTGTGCCGTCCGCCCGTCCGTCTGCCCGCAGGCATTGCCCGAGCCAGCCGAGCCGCCAGAGCCGCGGGCCGCGGGGGTGTCGCGGGCCCAACCCCAGGATGGTGAGCAAGGGCGAGGAGCTGTTCACCGGGGTGGTGCCCATCCTGGTCGAGCTGGACGGCGACGTAAACGGCCACAAGTTCAGCGTGAGCGGCGAGGGCGAGGGCGATGCCACCTACGGCAAGCTGACCCTGAAGTTCATCTGCACCACCGGCAAGCTGCCCGTGCCCTGGCCCACCCTCGTGACCACCCTGACCTACGGCGTGCAGTGCTTCAGCCGCTACCCCGACCACATGAAGCAGCACGACTTCTTCAAGAGCGCCATGCCCGAAGGCTACGTCCAGGAGCGCACCATCTTCTTCAAGGACGACGGCAACTACAAGACCCGCGCCGAGGTGAAGTTCGAGGGCGACACCCTGGTGAACCGCATCGAGCTGAAGGGCATCGACTTCAAGGAGGACGGCAACATCCTGGGGCACAAGCTGGAGTACAACTACAACAGCCACAACGTCTATATCATGGCCGACAAGCAGAAGAACGGCATCAAGGTGAACTTCAAGATCCGCCACAACATCGAGGACGGCAGCGTGCAGCTCGCCGACCACTACCAGCAGAACACCCCCATCGGCGACGGCCCCGTGCTGCTGCCCGACAACCACTACCTGAGCACCCAGAGCGCCCTGAGCAAAGACCCCAACGAGAAGCGCGATCACATGGTCCTGCTGGAGTTCGTGACCGCCGCCGGGATCACTCTCGGCATGGACGAGCTGTACAAGAGCTAAGGAGCAGGAGGGAGCCACCCTCCCTGCAGCTACCCTAGCTGAGGAGCCTGTTGTGAGGGGCAGAATGAGAAAGGCAATAAAGGGAGAAAGAAAGTCCTGGTGGCTGAGGTGGGCGGGTCACACTGCAGGAAGCCTCAGGCTGGGGCAGGGTGGCACTTGGGGGGGCAGGCCAAGTTCACCTAAATGGGGGTCTCTATATGTTCAGGCCCAGGGGCCCCCATTGACAGGAGCTGGGAGCTCTGCACCACGAGCTTCAGTCACCCCGAGAGGAGAGGAGGTAACGAGGAGGGCGGACTCCAGGCCCCGGCCCAGAGATTTGGACTTGGCTGGCTTGCAGGGGTCCTAAGAAACTCCACTCTGGACAGCGCCAGGAGGCCCTGGGTTCCATTCCTAACTCTGCCTCAAACTGTACATTTGGATAAGCCCTAGTAGTTCCCTGGGCCTGTTTTTCTATAAAACGAGGCAACTGGACTGTTA,0.707463022425711,0.12263011984506371,0.5848329025806474
S_to_AGT,S,AGT,EFEMP2,EFEMP2,2,1325,125,723,477,GCTTCCTGGGGCCGCGCGTCCAGGGAGCTGTGCCGTCCGCCCGTCCGTCTGCCCGCAGGCATTGCCCGAGCCAGCCGAGCCGCCAGAGCCGCGGGCCGCGGGGGTGTCGCGGGCCCAACCCCAGGATGGTGAGTAAGGGCGAGGAGCTGTTCACCGGGGTGGTGCCCATCCTGGTCGAGCTGGACGGCGACGTAAACGGCCACAAGTTCAGTGTGAGTGGCGAGGGCGAGGGCGATGCCACCTACGGCAAGCTGACCCTGAAGTTCATCTGCACCACCGGCAAGCTGCCCGTGCCCTGGCCCACCCTCGTGACCACCCTGACCTACGGCGTGCAGTGCTTCAGTCGCTACCCCGACCACATGAAGCAGCACGACTTCTTCAAGAGTGCCATGCCCGAAGGCTACGTCCAGGAGCGCACCATCTTCTTCAAGGACGACGGCAACTACAAGACCCGCGCCGAGGTGAAGTTCGAGGGCGACACCCTGGTGAACCGCATCGAGCTGAAGGGCATCGACTTCAAGGAGGACGGCAACATCCTGGGGCACAAGCTGGAGTACAACTACAACAGTCACAACGTCTATATCATGGCCGACAAGCAGAAGAACGGCATCAAGGTGAACTTCAAGATCCGCCACAACATCGAGGACGGCAGTGTGCAGCTCGCCGACCACTACCAGCAGAACACCCCCATCGGCGACGGCCCCGTGCTGCTGCCCGACAACCACTACCTGAGTACCCAGAGTGCCCTGAGTAAAGACCCCAACGAGAAGCGCGATCACATGGTCCTGCTGGAGTTCGTGACCGCCGCCGGGATCACTCTCGGCATGGACGAGCTGTACAAGAGTTAAGGAGCAGGAGGGAGCCACCCTCCCTGCAGCTACCCTAGCTGAGGAGCCTGTTGTGAGGGGCAGAATGAGAAAGGCAATAAAGGGAGAAAGAAAGTCCTGGTGGCTGAGGTGGGCGGGTCACACTGCAGGAAGCCTCAGGCTGGGGCAGGGTGGCACTTGGGGGGGCAGGCCAAGTTCACCTAAATGGGGGTCTCTATATGTTCAGGCCCAGGGGCCCCCATTGACAGGAGCTGGGAGCTCTGCACCACGAGCTTCAGTCACCCCGAGAGGAGAGGAGGTAACGAGGAGGGCGGACTCCAGGCCCCGGCCCAGAGATTTGGACTTGGCTGGCTTGCAGGGGTCCTAAGAAACTCCACTCTGGACAGCGCCAGGAGGCCCTGGGTTCCATTCCTAACTCTGCCTCAAACTGTACATTTGGATAAGCCCTAGTAGTTCCCTGGGCCTGTTTTTCTATAAAACGAGGCAACTGGACTGTTA,0.7401030107642999,0.2798918579020757,0.46021115286222414
Y_to_TAC,Y,TAC,EFEMP2,EFEMP2,2,1325,125,723,477,GCTTCCTGGGGCCGCGCGTCCAGGGAGCTGTGCCGTCCGCCCGTCCGTCTGCCCGCAGGCATTGCCCGAGCCAGCCGAGCCGCCAGAGCCGCGGGCCGCGGGGGTGTCGCGGGCCCAACCCCAGGATGGTGAGCAAGGGCGAGGAGCTGTTCACCGGGGTGGTGCCCATCCTGGTCGAGCTGGACGGCGACGTAAACGGCCACAAGTTCAGCGTGTCCGGCGAGGGCGAGGGCGATGCCACCTACGGCAAGCTGACCCTGAAGTTCATCTGCACCACCGGCAAGCTGCCCGTGCCCTGGCCCACCCTCGTGACCACCCTGACCTACGGCGTGCAGTGCTTCAGCCGCTACCCCGACCACATGAAGCAGCACGACTTCTTCAAGTCCGCCATGCCCGAAGGCTACGTCCAGGAGCGCACCATCTTCTTCAAGGACGACGGCAACTACAAGACCCGCGCCGAGGTGAAGTTCGAGGGCGACACCCTGGTGAACCGCATCGAGCTGAAGGGCATCGACTTCAAGGAGGACGGCAACATCCTGGGGCACAAGCTGGAGTACAACTACAACAGCCACAACGTCTACATCATGGCCGACAAGCAGAAGAACGGCATCAAGGTGAACTTCAAGATCCGCCACAACATCGAGGACGGCAGCGTGCAGCTCGCCGACCACTACCAGCAGAACACCCCCATCGGCGACGGCCCCGTGCTGCTGCCCGACAACCACTACCTGAGCACCCAGTCCGCCCTGAGCAAAGACCCCAACGAGAAGCGCGATCACATGGTCCTGCTGGAGTTCGTGACCGCCGCCGGGATCACTCTCGGCATGGACGAGCTGTACAAGTCCTAAGGAGCAGGAGGGAGCCACCCTCCCTGCAGCTACCCTAGCTGAGGAGCCTGTTGTGAGGGGCAGAATGAGAAAGGCAATAAAGGGAGAAAGAAAGTCCTGGTGGCTGAGGTGGGCGGGTCACACTGCAGGAAGCCTCAGGCTGGGGCAGGGTGGCACTTGGGGGGGCAGGCCAAGTTCACCTAAATGGGGGTCTCTATATGTTCAGGCCCAGGGGCCCCCATTGACAGGAGCTGGGAGCTCTGCACCACGAGCTTCAGTCACCCCGAGAGGAGAGGAGGTAACGAGGAGGGCGGACTCCAGGCCCCGGCCCAGAGATTTGGACTTGGCTGGCTTGCAGGGGTCCTAAGAAACTCCACTCTGGACAGCGCCAGGAGGCCCTGGGTTCCATTCCTAACTCTGCCTCAAACTGTACATTTGGATAAGCCCTAGTAGTTCCCTGGGCCTGTTTTTCTATAAAACGAGGCAACTGGACTGTTA,0.7010493285294668,0.13759541322843033,0.5634539153010365
Y_to_TAT,Y,TAT,EFEMP2,EFEMP2,2,1325,125,723,477,GCTTCCTGGGGCCGCGCGTCCAGGGAGCTGTGCCGTCCGCCCGTCCGTCTGCCCGCAGGCATTGCCCGAGCCAGCCGAGCCGCCAGAGCCGCGGGCCGCGGGGGTGTCGCGGGCCCAACCCCAGGATGGTGAGCAAGGGCGAGGAGCTGTTCACCGGGGTGGTGCCCATCCTGGTCGAGCTGGACGGCGACGTAAACGGCCACAAGTTCAGCGTGTCCGGCGAGGGCGAGGGCGATGCCACCTATGGCAAGCTGACCCTGAAGTTCATCTGCACCACCGGCAAGCTGCCCGTGCCCTGGCCCACCCTCGTGACCACCCTGACCTATGGCGTGCAGTGCTTCAGCCGCTATCCCGACCACATGAAGCAGCACGACTTCTTCAAGTCCGCCATGCCCGAAGGCTATGTCCAGGAGCGCACCATCTTCTTCAAGGACGACGGCAACTATAAGACCCGCGCCGAGGTGAAGTTCGAGGGCGACACCCTGGTGAACCGCATCGAGCTGAAGGGCATCGACTTCAAGGAGGACGGCAACATCCTGGGGCACAAGCTGGAGTATAACTATAACAGCCACAACGTCTATATCATGGCCGACAAGCAGAAGAACGGCATCAAGGTGAACTTCAAGATCCGCCACAACATCGAGGACGGCAGCGTGCAGCTCGCCGACCACTATCAGCAGAACACCCCCATCGGCGACGGCCCCGTGCTGCTGCCCGACAACCACTATCTGAGCACCCAGTCCGCCCTGAGCAAAGACCCCAACGAGAAGCGCGATCACATGGTCCTGCTGGAGTTCGTGACCGCCGCCGGGATCACTCTCGGCATGGACGAGCTGTATAAGTCCTAAGGAGCAGGAGGGAGCCACCCTCCCTGCAGCTACCCTAGCTGAGGAGCCTGTTGTGAGGGGCAGAATGAGAAAGGCAATAAAGGGAGAAAGAAAGTCCTGGTGGCTGAGGTGGGCGGGTCACACTGCAGGAAGCCTCAGGCTGGGGCAGGGTGGCACTTGGGGGGGCAGGCCAAGTTCACCTAAATGGGGGTCTCTATATGTTCAGGCCCAGGGGCCCCCATTGACAGGAGCTGGGAGCTCTGCACCACGAGCTTCAGTCACCCCGAGAGGAGAGGAGGTAACGAGGAGGGCGGACTCCAGGCCCCGGCCCAGAGATTTGGACTTGGCTGGCTTGCAGGGGTCCTAAGAAACTCCACTCTGGACAGCGCCAGGAGGCCCTGGGTTCCATTCCTAACTCTGCCTCAAACTGTACATTTGGATAAGCCCTAGTAGTTCCCTGGGCCTGTTTTTCTATAAAACGAGGCAACTGGACTGTTA,0.6747287223465188,0.07048656468378199,0.6042421576627368
W_to_TGG,W,TGG,EFEMP2,EFEMP2,2,1325,125,723,477,GCTTCCTGGGGCCGCGCGTCCAGGGAGCTGTGCCGTCCGCCCGTCCGTCTGCCCGCAGGCATTGCCCGAGCCAGCCGAGCCGCCAGAGCCGCGGGCCGCGGGGGTGTCGCGGGCCCAACCCCAGGATGGTGAGCAAGGGCGAGGAGCTGTTCACCGGGGTGGTGCCCATCCTGGTCGAGCTGGACGGCGACGTAAACGGCCACAAGTTCAGCGTGTCCGGCGAGGGCGAGGGCGATGCCACCTACGGCAAGCTGACCCTGAAGTTCATCTGCACCACCGGCAAGCTGCCCGTGCCCTGGCCCACCCTCGTGACCACCCTGACCTACGGCGTGCAGTGCTTCAGCCGCTACCCCGACCACATGAAGCAGCACGACTTCTTCAAGTCCGCCATGCCCGAAGGCTACGTCCAGGAGCGCACCATCTTCTTCAAGGACGACGGCAACTACAAGACCCGCGCCGAGGTGAAGTTCGAGGGCGACACCCTGGTGAACCGCATCGAGCTGAAGGGCATCGACTTCAAGGAGGACGGCAACATCCTGGGGCACAAGCTGGAGTACAACTACAACAGCCACAACGTCTATATCATGGCCGACAAGCAGAAGAACGGCATCAAGGTGAACTTCAAGATCCGCCACAACATCGAGGACGGCAGCGTGCAGCTCGCCGACCACTACCAGCAGAACACCCCCATCGGCGACGGCCCCGTGCTGCTGCCCGACAACCACTACCTGAGCACCCAGTCCGCCCTGAGCAAAGACCCCAACGAGAAGCGCGATCACATGGTCCTGCTGGAGTTCGTGACCGCCGCCGGGATCACTCTCGGCATGGACGAGCTGTACAAGTCCTAAGGAGCAGGAGGGAGCCACCCTCCCTGCAGCTACCCTAGCTGAGGAGCCTGTTGTGAGGGGCAGAATGAGAAAGGCAATAAAGGGAGAAAGAAAGTCCTGGTGGCTGAGGTGGGCGGGTCACACTGCAGGAAGCCTCAGGCTGGGGCAGGGTGGCACTTGGGGGGGCAGGCCAAGTTCACCTAAATGGGGGTCTCTATATGTTCAGGCCCAGGGGCCCCCATTGACAGGAGCTGGGAGCTCTGCACCACGAGCTTCAGTCACCCCGAGAGGAGAGGAGGTAACGAGGAGGGCGGACTCCAGGCCCCGGCCCAGAGATTTGGACTTGGCTGGCTTGCAGGGGTCCTAAGAAACTCCACTCTGGACAGCGCCAGGAGGCCCTGGGTTCCATTCCTAACTCTGCCTCAAACTGTACATTTGGATAAGCCCTAGTAGTTCCCTGGGCCTGTTTTTCTATAAAACGAGGCAACTGGACTGTTA,0.7010493285294668,0.13759541322843033,0.5634539153010365
Q_to_CAA,Q,CAA,EFEMP2,EFEMP2,2,1325,125,723,477,GCTTCCTGGGGCCGCGCGTCCAGGGAGCTGTGCCGTCCGCCCGTCCGTCTGCCCGCAGGCATTGCCCGAGCCAGCCGAGCCGCCAGAGCCGCGGGCCGCGGGGGTGTCGCGGGCCCAACCCCAGGATGGTGAGCAAGGGCGAGGAGCTGTTCACCGGGGTGGTGCCCATCCTGGTCGAGCTGGACGGCGACGTAAACGGCCACAAGTTCAGCGTGTCCGGCGAGGGCGAGGGCGATGCCACCTACGGCAAGCTGACCCTGAAGTTCATCTGCACCACCGGCAAGCTGCCCGTGCCCTGGCCCACCCTCGTGACCACCCTGACCTACGGCGTGCAATGCTTCAGCCGCTACCCCGACCACATGAAGCAACACGACTTCTTCAAGTCCGCCATGCCCGAAGGCTACGTCCAAGAGCGCACCATCTTCTTCAAGGACGACGGCAACTACAAGACCCGCGCCGAGGTGAAGTTCGAGGGCGACACCCTGGTGAACCGCATCGAGCTGAAGGGCATCGACTTCAAGGAGGACGGCAACATCCTGGGGCACAAGCTGGAGTACAACTACAACAGCCACAACGTCTATATCATGGCCGACAAGCAAAAGAACGGCATCAAGGTGAACTTCAAGATCCGCCACAACATCGAGGACGGCAGCGTGCAACTCGCCGACCACTACCAACAAAACACCCCCATCGGCGACGGCCCCGTGCTGCTGCCCGACAACCACTACCTGAGCACCCAATCCGCCCTGAGCAAAGACCCCAACGAGAAGCGCGATCACATGGTCCTGCTGGAGTTCGTGACCGCCGCCGGGATCACTCTCGGCATGGACGAGCTGTACAAGTCCTAAGGAGCAGGAGGGAGCCACCCTCCCTGCAGCTACCCTAGCTGAGGAGCCTGTTGTGAGGGGCAGAATGAGAAAGGCAATAAAGGGAGAAAGAAAGTCCTGGTGGCTGAGGTGGGCGGGTCACACTGCAGGAAGCCTCAGGCTGGGGCAGGGTGGCACTTGGGGGGGCAGGCCAAGTTCACCTAAATGGGGGTCTCTATATGTTCAGGCCCAGGGGCCCCCATTGACAGGAGCTGGGAGCTCTGCACCACGAGCTTCAGTCACCCCGAGAGGAGAGGAGGTAACGAGGAGGGCGGACTCCAGGCCCCGGCCCAGAGATTTGGACTTGGCTGGCTTGCAGGGGTCCTAAGAAACTCCACTCTGGACAGCGCCAGGAGGCCCTGGGTTCCATTCCTAACTCTGCCTCAAACTGTACATTTGGATAAGCCCTAGTAGTTCCCTGGGCCTGTTTTTCTATAAAACGAGGCAACTGGACTGTTA,0.584962830712299,0.11908795387830358,0.4658748768339955
Q_to_CAG,Q,CAG,EFEMP2,EFEMP2,2,1325,125,723,477,GCTTCCTGGGGCCGCGCGTCCAGGGAGCTGTGCCGTCCGCCCGTCCGTCTGCCCGCAGGCATTGCCCGAGCCAGCCGAGCCGCCAGAGCCGCGGGCCGCGGGGGTGTCGCGGGCCCAACCCCAGGATGGTGAGCAAGGGCGAGGAGCTGTTCACCGGGGTGGTGCCCATCCTGGTCGAGCTGGACGGCGACGTAAACGGCCACAAGTTCAGCGTGTCCGGCGAGGGCGAGGGCGATGCCACCTACGGCAAGCTGACCCTGAAGTTCATCTGCACCACCGGCAAGCTGCCCGTGCCCTGGCCCACCCTCGTGACCACCCTGACCTACGGCGTGCAGTGCTTCAGCCGCTACCCCGACCACATGAAGCAGCACGACTTCTTCAAGTCCGCCATGCCCGAAGGCTACGTCCAGGAGCGCACCATCTTCTTCAAGGACGACGGCAACTACAAGACCCGCGCCGAGGTGAAGTTCGAGGGCGACACCCTGGTGAACCGCATCGAGCTGAAGGGCATCGACTTCAAGGAGGACGGCAACATCCTGGGGCACAAGCTGGAGTACAACTACAACAGCCACAACGTCTATATCATGGCCGACAAGCAGAAGAACGGCATCAAGGTGAACTTCAAGATCCGCCACAACATCGAGGACGGCAGCGTGCAGCTCGCCGACCACTACCAGCAGAACACCCCCATCGGCGACGGCCCCGTGCTGCTGCCCGACAACCACTACCTGAGCACCCAGTCCGCCCTGAGCAAAGACCCCAACGAGAAGCGCGATCACATGGTCCTGCTGGAGTTCGTGACCGCCGCCGGGATCACTCTCGGCATGGACGAGCTGTACAAGTCCTAAGGAGCAGGAGGGAGCCACCCTCCCTGCAGCTACCCTAGCTGAGGAGCCTGTTGTGAGGGGCAGAATGAGAAAGGCAATAAAGGGAGAAAGAAAGTCCTGGTGGCTGAGGTGGGCGGGTCACACTGCAGGAAGCCTCAGGCTGGGGCAGGGTGGCACTTGGGGGGGCAGGCCAAGTTCACCTAAATGGGGGTCTCTATATGTTCAGGCCCAGGGGCCCCCATTGACAGGAGCTGGGAGCTCTGCACCACGAGCTTCAGTCACCCCGAGAGGAGAGGAGGTAACGAGGAGGGCGGACTCCAGGCCCCGGCCCAGAGATTTGGACTTGGCTGGCTTGCAGGGGTCCTAAGAAACTCCACTCTGGACAGCGCCAGGAGGCCCTGGGTTCCATTCCTAACTCTGCCTCAAACTGTACATTTGGATAAGCCCTAGTAGTTCCCTGGGCCTGTTTTTCTATAAAACGAGGCAACTGGACTGTTA,0.7010493285294668,0.13759541322843033,0.5634539153010365
N_to_AAC,N,AAC,EFEMP2,EFEMP2,2,1325,125,723,477,GCTTCCTGGGGCCGCGCGTCCAGGGAGCTGTGCCGTCCGCCCGTCCGTCTGCCCGCAGGCATTGCCCGAGCCAGCCGAGCCGCCAGAGCCGCGGGCCGCGGGGGTGTCGCGGGCCCAACCCCAGGATGGTGAGCAAGGGCGAGGAGCTGTTCACCGGGGTGGTGCCCATCCTGGTCGAGCTGGACGGCGACGTAAACGGCCACAAGTTCAGCGTGTCCGGCGAGGGCGAGGGCGATGCCACCTACGGCAAGCTGACCCTGAAGTTCATCTGCACCACCGGCAAGCTGCCCGTGCCCTGGCCCACCCTCGTGACCACCCTGACCTACGGCGTGCAGTGCTTCAGCCGCTACCCCGACCACATGAAGCAGCACGACTTCTTCAAGTCCGCCATGCCCGAAGGCTACGTCCAGGAGCGCACCATCTTCTTCAAGGACGACGGCAACTACAAGACCCGCGCCGAGGTGAAGTTCGAGGGCGACACCCTGGTGAACCGCATCGAGCTGAAGGGCATCGACTTCAAGGAGGACGGCAACATCCTGGGGCACAAGCTGGAGTACAACTACAACAGCCACAACGTCTATATCATGGCCGACAAGCAGAAGAACGGCATCAAGGTGAACTTCAAGATCCGCCACAACATCGAGGACGGCAGCGTGCAGCTCGCCGACCACTACCAGCAGAACACCCCCATCGGCGACGGCCCCGTGCTGCTGCCCGACAACCACTACCTGAGCACCCAGTCCGCCCTGAGCAAAGACCCCAACGAGAAGCGCGATCACATGGTCCTGCTGGAGTTCGTGACCGCCGCCGGGATCACTCTCGGCATGGACGAGCTGTACAAGTCCTAAGGAGCAGGAGGGAGCCACCCTCCCTGCAGCTACCCTAGCTGAGGAGCCTGTTGTGAGGGGCAGAATGAGAAAGGCAATAAAGGGAGAAAGAAAGTCCTGGTGGCTGAGGTGGGCGGGTCACACTGCAGGAAGCCTCAGGCTGGGGCAGGGTGGCACTTGGGGGGGCAGGCCAAGTTCACCTAAATGGGGGTCTCTATATGTTCAGGCCCAGGGGCCCCCATTGACAGGAGCTGGGAGCTCTGCACCACGAGCTTCAGTCACCCCGAGAGGAGAGGAGGTAACGAGGAGGGCGGACTCCAGGCCCCGGCCCAGAGATTTGGACTTGGCTGGCTTGCAGGGGTCCTAAGAAACTCCACTCTGGACAGCGCCAGGAGGCCCTGGGTTCCATTCCTAACTCTGCCTCAAACTGTACATTTGGATAAGCCCTAGTAGTTCCCTGGGCCTGTTTTTCTATAAAACGAGGCAACTGGACTGTTA,0.7010493285294668,0.13759541322843033,0.5634539153010365
N_to_AAT,N,AAT,EFEMP2,EFEMP2,2,1325,125,723,477,GCTTCCTGGGGCCGCGCGTCCAGGGAGCTGTGCCGTCCGCCCGTCCGTCTGCCCGCAGGCATTGCCCGAGCCAGCCGAGCCGCCAGAGCCGCGGGCCGCGGGGGTGTCGCGGGCCCAACCCCAGGATGGTGAGCAAGGGCGAGGAGCTGTTCACCGGGGTGGTGCCCATCCTGGTCGAGCTGGACGGCGACGTAAATGGCCACAAGTTCAGCGTGTCCGGCGAGGGCGAGGGCGATGCCACCTACGGCAAGCTGACCCTGAAGTTCATCTGCACCACCGGCAAGCTGCCCGTGCCCTGGCCCACCCTCGTGACCACCCTGACCTACGGCGTGCAGTGCTTCAGCCGCTACCCCGACCACATGAAGCAGCACGACTTCTTCAAGTCCGCCATGCCCGAAGGCTACGTCCAGGAGCGCACCATCTTCTTCAAGGACGACGGCAATTACAAGACCCGCGCCGAGGTGAAGTTCGAGGGCGACACCCTGGTGAATCGCATCGAGCTGAAGGGCATCGACTTCAAGGAGGACGGCAATATCCTGGGGCACAAGCTGGAGTACAATTACAATAGCCACAATGTCTATATCATGGCCGACAAGCAGAAGAATGGCATCAAGGTGAATTTCAAGATCCGCCACAATATCGAGGACGGCAGCGTGCAGCTCGCCGACCACTACCAGCAGAATACCCCCATCGGCGACGGCCCCGTGCTGCTGCCCGACAATCACTACCTGAGCACCCAGTCCGCCCTGAGCAAAGACCCCAATGAGAAGCGCGATCACATGGTCCTGCTGGAGTTCGTGACCGCCGCCGGGATCACTCTCGGCATGGACGAGCTGTACAAGTCCTAAGGAGCAGGAGGGAGCCACCCTCCCTGCAGCTACCCTAGCTGAGGAGCCTGTTGTGAGGGGCAGAATGAGAAAGGCAATAAAGGGAGAAAGAAAGTCCTGGTGGCTGAGGTGGGCGGGTCACACTGCAGGAAGCCTCAGGCTGGGGCAGGGTGGCACTTGGGGGGGCAGGCCAAGTTCACCTAAATGGGGGTCTCTATATGTTCAGGCCCAGGGGCCCCCATTGACAGGAGCTGGGAGCTCTGCACCACGAGCTTCAGTCACCCCGAGAGGAGAGGAGGTAACGAGGAGGGCGGACTCCAGGCCCCGGCCCAGAGATTTGGACTTGGCTGGCTTGCAGGGGTCCTAAGAAACTCCACTCTGGACAGCGCCAGGAGGCCCTGGGTTCCATTCCTAACTCTGCCTCAAACTGTACATTTGGATAAGCCCTAGTAGTTCCCTGGGCCTGTTTTTCTATAAAACGAGGCAACTGGACTGTTA,0.7146311586018919,0.15852545867648205,0.5561056999254098
H_to_CAC,H,CAC,EFEMP2,EFEMP2,2,1325,125,723,477,GCTTCCTGGGGCCGCGCGTCCAGGGAGCTGTGCCGTCCGCCCGTCCGTCTGCCCGCAGGCATTGCCCGAGCCAGCCGAGCCGCCAGAGCCGCGGGCCGCGGGGGTGTCGCGGGCCCAACCCCAGGATGGTGAGCAAGGGCGAGGAGCTGTTCACCGGGGTGGTGCCCATCCTGGTCGAGCTGGACGGCGACGTAAACGGCCACAAGTTCAGCGTGTCCGGCGAGGGCGAGGGCGATGCCACCTACGGCAAGCTGACCCTGAAGTTCATCTGCACCACCGGCAAGCTGCCCGTGCCCTGGCCCACCCTCGTGACCACCCTGACCTACGGCGTGCAGTGCTTCAGCCGCTACCCCGACCACATGAAGCAGCACGACTTCTTCAAGTCCGCCATGCCCGAAGGCTACGTCCAGGAGCGCACCATCTTCTTCAAGGACGACGGCAACTACAAGACCCGCGCCGAGGTGAAGTTCGAGGGCGACACCCTGGTGAACCGCATCGAGCTGAAGGGCATCGACTTCAAGGAGGACGGCAACATCCTGGGGCACAAGCTGGAGTACAACTACAACAGCCACAACGTCTATATCATGGCCGACAAGCAGAAGAACGGCATCAAGGTGAACTTCAAGATCCGCCACAACATCGAGGACGGCAGCGTGCAGCTCGCCGACCACTACCAGCAGAACACCCCCATCGGCGACGGCCCCGTGCTGCTGCCCGACAACCACTACCTGAGCACCCAGTCCGCCCTGAGCAAAGACCCCAACGAGAAGCGCGATCACATGGTCCTGCTGGAGTTCGTGACCGCCGCCGGGATCACTCTCGGCATGGACGAGCTGTACAAGTCCTAAGGAGCAGGAGGGAGCCACCCTCCCTGCAGCTACCCTAGCTGAGGAGCCTGTTGTGAGGGGCAGAATGAGAAAGGCAATAAAGGGAGAAAGAAAGTCCTGGTGGCTGAGGTGGGCGGGTCACACTGCAGGAAGCCTCAGGCTGGGGCAGGGTGGCACTTGGGGGGGCAGGCCAAGTTCACCTAAATGGGGGTCTCTATATGTTCAGGCCCAGGGGCCCCCATTGACAGGAGCTGGGAGCTCTGCACCACGAGCTTCAGTCACCCCGAGAGGAGAGGAGGTAACGAGGAGGGCGGACTCCAGGCCCCGGCCCAGAGATTTGGACTTGGCTGGCTTGCAGGGGTCCTAAGAAACTCCACTCTGGACAGCGCCAGGAGGCCCTGGGTTCCATTCCTAACTCTGCCTCAAACTGTACATTTGGATAAGCCCTAGTAGTTCCCTGGGCCTGTTTTTCTATAAAACGAGGCAACTGGACTGTTA,0.7010493285294668,0.13759541322843033,0.5634539153010365
H_to_CAT,H,CAT,EFEMP2,EFEMP2,2,1325,125,723,477,GCTTCCTGGGGCCGCGCGTCCAGGGAGCTGTGCCGTCCGCCCGTCCGTCTGCCCGCAGGCATTGCCCGAGCCAGCCGAGCCGCCAGAGCCGCGGGCCGCGGGGGTGTCGCGGGCCCAACCCCAGGATGGTGAGCAAGGGCGAGGAGCTGTTCACCGGGGTGGTGCCCATCCTGGTCGAGCTGGACGGCGACGTAAACGGCCATAAGTTCAGCGTGTCCGGCGAGGGCGAGGGCGATGCCACCTACGGCAAGCTGACCCTGAAGTTCATCTGCACCACCGGCAAGCTGCCCGTGCCCTGGCCCACCCTCGTGACCACCCTGACCTACGGCGTGCAGTGCTTCAGCCGCTACCCCGACCATATGAAGCAGCATGACTTCTTCAAGTCCGCCATGCCCGAAGGCTACGTCCAGGAGCGCACCATCTTCTTCAAGGACGACGGCAACTACAAGACCCGCGCCGAGGTGAAGTTCGAGGGCGACACCCTGGTGAACCGCATCGAGCTGAAGGGCATCGACTTCAAGGAGGACGGCAACATCCTGGGGCATAAGCTGGAGTACAACTACAACAGCCATAACGTCTATATCATGGCCGACAAGCAGAAGAACGGCATCAAGGTGAACTTCAAGATCCGCCATAACATCGAGGACGGCAGCGTGCAGCTCGCCGACCATTACCAGCAGAACACCCCCATCGGCGACGGCCCCGTGCTGCTGCCCGACAACCATTACCTGAGCACCCAGTCCGCCCTGAGCAAAGACCCCAACGAGAAGCGCGATCATATGGTCCTGCTGGAGTTCGTGACCGCCGCCGGGATCACTCTCGGCATGGACGAGCTGTACAAGTCCTAAGGAGCAGGAGGGAGCCACCCTCCCTGCAGCTACCCTAGCTGAGGAGCCTGTTGTGAGGGGCAGAATGAGAAAGGCAATAAAGGGAGAAAGAAAGTCCTGGTGGCTGAGGTGGGCGGGTCACACTGCAGGAAGCCTCAGGCTGGGGCAGGGTGGCACTTGGGGGGGCAGGCCAAGTTCACCTAAATGGGGGTCTCTATATGTTCAGGCCCAGGGGCCCCCATTGACAGGAGCTGGGAGCTCTGCACCACGAGCTTCAGTCACCCCGAGAGGAGAGGAGGTAACGAGGAGGGCGGACTCCAGGCCCCGGCCCAGAGATTTGGACTTGGCTGGCTTGCAGGGGTCCTAAGAAACTCCACTCTGGACAGCGCCAGGAGGCCCTGGGTTCCATTCCTAACTCTGCCTCAAACTGTACATTTGGATAAGCCCTAGTAGTTCCCTGGGCCTGTTTTTCTATAAAACGAGGCAACTGGACTGTTA,0.7309020707322696,0.25039221394640926,0.4805098567858604
E_to_GAA,E,GAA,EFEMP2,EFEMP2,2,1325,125,723,477,GCTTCCTGGGGCCGCGCGTCCAGGGAGCTGTGCCGTCCGCCCGTCCGTCTGCCCGCAGGCATTGCCCGAGCCAGCCGAGCCGCCAGAGCCGCGGGCCGCGGGGGTGTCGCGGGCCCAACCCCAGGATGGTGAGCAAGGGCGAAGAACTGTTCACCGGGGTGGTGCCCATCCTGGTCGAACTGGACGGCGACGTAAACGGCCACAAGTTCAGCGTGTCCGGCGAAGGCGAAGGCGATGCCACCTACGGCAAGCTGACCCTGAAGTTCATCTGCACCACCGGCAAGCTGCCCGTGCCCTGGCCCACCCTCGTGACCACCCTGACCTACGGCGTGCAGTGCTTCAGCCGCTACCCCGACCACATGAAGCAGCACGACTTCTTCAAGTCCGCCATGCCCGAAGGCTACGTCCAGGAACGCACCATCTTCTTCAAGGACGACGGCAACTACAAGACCCGCGCCGAAGTGAAGTTCGAAGGCGACACCCTGGTGAACCGCATCGAACTGAAGGGCATCGACTTCAAGGAAGACGGCAACATCCTGGGGCACAAGCTGGAATACAACTACAACAGCCACAACGTCTATATCATGGCCGACAAGCAGAAGAACGGCATCAAGGTGAACTTCAAGATCCGCCACAACATCGAAGACGGCAGCGTGCAGCTCGCCGACCACTACCAGCAGAACACCCCCATCGGCGACGGCCCCGTGCTGCTGCCCGACAACCACTACCTGAGCACCCAGTCCGCCCTGAGCAAAGACCCCAACGAAAAGCGCGATCACATGGTCCTGCTGGAATTCGTGACCGCCGCCGGGATCACTCTCGGCATGGACGAACTGTACAAGTCCTAAGGAGCAGGAGGGAGCCACCCTCCCTGCAGCTACCCTAGCTGAGGAGCCTGTTGTGAGGGGCAGAATGAGAAAGGCAATAAAGGGAGAAAGAAAGTCCTGGTGGCTGAGGTGGGCGGGTCACACTGCAGGAAGCCTCAGGCTGGGGCAGGGTGGCACTTGGGGGGGCAGGCCAAGTTCACCTAAATGGGGGTCTCTATATGTTCAGGCCCAGGGGCCCCCATTGACAGGAGCTGGGAGCTCTGCACCACGAGCTTCAGTCACCCCGAGAGGAGAGGAGGTAACGAGGAGGGCGGACTCCAGGCCCCGGCCCAGAGATTTGGACTTGGCTGGCTTGCAGGGGTCCTAAGAAACTCCACTCTGGACAGCGCCAGGAGGCCCTGGGTTCCATTCCTAACTCTGCCTCAAACTGTACATTTGGATAAGCCCTAGTAGTTCCCTGGGCCTGTTTTTCTATAAAACGAGGCAACTGGACTGTTA,0.8825077151548225,0.108986550158767,0.7735211649960555
E_to_GAG,E,GAG,EFEMP2,EFEMP2,2,1325,125,723,477,GCTTCCTGGGGCCGCGCGTCCAGGGAGCTGTGCCGTCCGCCCGTCCGTCTGCCCGCAGGCATTGCCCGAGCCAGCCGAGCCGCCAGAGCCGCGGGCCGCGGGGGTGTCGCGGGCCCAACCCCAGGATGGTGAGCAAGGGCGAGGAGCTGTTCACCGGGGTGGTGCCCATCCTGGTCGAGCTGGACGGCGACGTAAACGGCCACAAGTTCAGCGTGTCCGGCGAGGGCGAGGGCGATGCCACCTACGGCAAGCTGACCCTGAAGTTCATCTGCACCACCGGCAAGCTGCCCGTGCCCTGGCCCACCCTCGTGACCACCCTGACCTACGGCGTGCAGTGCTTCAGCCGCTACCCCGACCACATGAAGCAGCACGACTTCTTCAAGTCCGCCATGCCCGAGGGCTACGTCCAGGAGCGCACCATCTTCTTCAAGGACGACGGCAACTACAAGACCCGCGCCGAGGTGAAGTTCGAGGGCGACACCCTGGTGAACCGCATCGAGCTGAAGGGCATCGACTTCAAGGAGGACGGCAACATCCTGGGGCACAAGCTGGAGTACAACTACAACAGCCACAACGTCTATATCATGGCCGACAAGCAGAAGAACGGCATCAAGGTGAACTTCAAGATCCGCCACAACATCGAGGACGGCAGCGTGCAGCTCGCCGACCACTACCAGCAGAACACCCCCATCGGCGACGGCCCCGTGCTGCTGCCCGACAACCACTACCTGAGCACCCAGTCCGCCCTGAGCAAAGACCCCAACGAGAAGCGCGATCACATGGTCCTGCTGGAGTTCGTGACCGCCGCCGGGATCACTCTCGGCATGGACGAGCTGTACAAGTCCTAAGGAGCAGGAGGGAGCCACCCTCCCTGCAGCTACCCTAGCTGAGGAGCCTGTTGTGAGGGGCAGAATGAGAAAGGCAATAAAGGGAGAAAGAAAGTCCTGGTGGCTGAGGTGGGCGGGTCACACTGCAGGAAGCCTCAGGCTGGGGCAGGGTGGCACTTGGGGGGGCAGGCCAAGTTCACCTAAATGGGGGTCTCTATATGTTCAGGCCCAGGGGCCCCCATTGACAGGAGCTGGGAGCTCTGCACCACGAGCTTCAGTCACCCCGAGAGGAGAGGAGGTAACGAGGAGGGCGGACTCCAGGCCCCGGCCCAGAGATTTGGACTTGGCTGGCTTGCAGGGGTCCTAAGAAACTCCACTCTGGACAGCGCCAGGAGGCCCTGGGTTCCATTCCTAACTCTGCCTCAAACTGTACATTTGGATAAGCCCTAGTAGTTCCCTGGGCCTGTTTTTCTATAAAACGAGGCAACTGGACTGTTA,0.7010493285294668,0.13759541322843033,0.5634539153010365
D_to_GAC,D,GAC,EFEMP2,EFEMP2,2,1325,125,723,477,GCTTCCTGGGGCCGCGCGTCCAGGGAGCTGTGCCGTCCGCCCGTCCGTCTGCCCGCAGGCATTGCCCGAGCCAGCCGAGCCGCCAGAGCCGCGGGCCGCGGGGGTGTCGCGGGCCCAACCCCAGGATGGTGAGCAAGGGCGAGGAGCTGTTCACCGGGGTGGTGCCCATCCTGGTCGAGCTGGACGGCGACGTAAACGGCCACAAGTTCAGCGTGTCCGGCGAGGGCGAGGGCGACGCCACCTACGGCAAGCTGACCCTGAAGTTCATCTGCACCACCGGCAAGCTGCCCGTGCCCTGGCCCACCCTCGTGACCACCCTGACCTACGGCGTGCAGTGCTTCAGCCGCTACCCCGACCACATGAAGCAGCACGACTTCTTCAAGTCCGCCATGCCCGAAGGCTACGTCCAGGAGCGCACCATCTTCTTCAAGGACGACGGCAACTACAAGACCCGCGCCGAGGTGAAGTTCGAGGGCGACACCCTGGTGAACCGCATCGAGCTGAAGGGCATCGACTTCAAGGAGGACGGCAACATCCTGGGGCACAAGCTGGAGTACAACTACAACAGCCACAACGTCTATATCATGGCCGACAAGCAGAAGAACGGCATCAAGGTGAACTTCAAGATCCGCCACAACATCGAGGACGGCAGCGTGCAGCTCGCCGACCACTACCAGCAGAACACCCCCATCGGCGACGGCCCCGTGCTGCTGCCCGACAACCACTACCTGAGCACCCAGTCCGCCCTGAGCAAAGACCCCAACGAGAAGCGCGACCACATGGTCCTGCTGGAGTTCGTGACCGCCGCCGGGATCACTCTCGGCATGGACGAGCTGTACAAGTCCTAAGGAGCAGGAGGGAGCCACCCTCCCTGCAGCTACCCTAGCTGAGGAGCCTGTTGTGAGGGGCAGAATGAGAAAGGCAATAAAGGGAGAAAGAAAGTCCTGGTGGCTGAGGTGGGCGGGTCACACTGCAGGAAGCCTCAGGCTGGGGCAGGGTGGCACTTGGGGGGGCAGGCCAAGTTCACCTAAATGGGGGTCTCTATATGTTCAGGCCCAGGGGCCCCCATTGACAGGAGCTGGGAGCTCTGCACCACGAGCTTCAGTCACCCCGAGAGGAGAGGAGGTAACGAGGAGGGCGGACTCCAGGCCCCGGCCCAGAGATTTGGACTTGGCTGGCTTGCAGGGGTCCTAAGAAACTCCACTCTGGACAGCGCCAGGAGGCCCTGGGTTCCATTCCTAACTCTGCCTCAAACTGTACATTTGGATAAGCCCTAGTAGTTCCCTGGGCCTGTTTTTCTATAAAACGAGGCAACTGGACTGTTA,0.7010493285294668,0.17959298432616105,0.5214563442033058
D_to_GAT,D,GAT,EFEMP2,EFEMP2,2,1325,125,723,477,GCTTCCTGGGGCCGCGCGTCCAGGGAGCTGTGCCGTCCGCCCGTCCGTCTGCCCGCAGGCATTGCCCGAGCCAGCCGAGCCGCCAGAGCCGCGGGCCGCGGGGGTGTCGCGGGCCCAACCCCAGGATGGTGAGCAAGGGCGAGGAGCTGTTCACCGGGGTGGTGCCCATCCTGGTCGAGCTGGATGGCGATGTAAACGGCCACAAGTTCAGCGTGTCCGGCGAGGGCGAGGGCGATGCCACCTACGGCAAGCTGACCCTGAAGTTCATCTGCACCACCGGCAAGCTGCCCGTGCCCTGGCCCACCCTCGTGACCACCCTGACCTACGGCGTGCAGTGCTTCAGCCGCTACCCCGATCACATGAAGCAGCACGATTTCTTCAAGTCCGCCATGCCCGAAGGCTACGTCCAGGAGCGCACCATCTTCTTCAAGGATGATGGCAACTACAAGACCCGCGCCGAGGTGAAGTTCGAGGGCGATACCCTGGTGAACCGCATCGAGCTGAAGGGCATCGATTTCAAGGAGGATGGCAACATCCTGGGGCACAAGCTGGAGTACAACTACAACAGCCACAACGTCTATATCATGGCCGATAAGCAGAAGAACGGCATCAAGGTGAACTTCAAGATCCGCCACAACATCGAGGATGGCAGCGTGCAGCTCGCCGATCACTACCAGCAGAACACCCCCATCGGCGATGGCCCCGTGCTGCTGCCCGATAACCACTACCTGAGCACCCAGTCCGCCCTGAGCAAAGATCCCAACGAGAAGCGCGATCACATGGTCCTGCTGGAGTTCGTGACCGCCGCCGGGATCACTCTCGGCATGGATGAGCTGTACAAGTCCTAAGGAGCAGGAGGGAGCCACCCTCCCTGCAGCTACCCTAGCTGAGGAGCCTGTTGTGAGGGGCAGAATGAGAAAGGCAATAAAGGGAGAAAGAAAGTCCTGGTGGCTGAGGTGGGCGGGTCACACTGCAGGAAGCCTCAGGCTGGGGCAGGGTGGCACTTGGGGGGGCAGGCCAAGTTCACCTAAATGGGGGTCTCTATATGTTCAGGCCCAGGGGCCCCCATTGACAGGAGCTGGGAGCTCTGCACCACGAGCTTCAGTCACCCCGAGAGGAGAGGAGGTAACGAGGAGGGCGGACTCCAGGCCCCGGCCCAGAGATTTGGACTTGGCTGGCTTGCAGGGGTCCTAAGAAACTCCACTCTGGACAGCGCCAGGAGGCCCTGGGTTCCATTCCTAACTCTGCCTCAAACTGTACATTTGGATAAGCCCTAGTAGTTCCCTGGGCCTGTTTTTCTATAAAACGAGGCAACTGGACTGTTA,0.8225718315137018,0.22102021058204102,0.6015516209316608
K_to_AAA,K,AAA,EFEMP2,EFEMP2,2,1325,125,723,477,GCTTCCTGGGGCCGCGCGTCCAGGGAGCTGTGCCGTCCGCCCGTCCGTCTGCCCGCAGGCATTGCCCGAGCCAGCCGAGCCGCCAGAGCCGCGGGCCGCGGGGGTGTCGCGGGCCCAACCCCAGGATGGTGAGCAAAGGCGAGGAGCTGTTCACCGGGGTGGTGCCCATCCTGGTCGAGCTGGACGGCGACGTAAACGGCCACAAATTCAGCGTGTCCGGCGAGGGCGAGGGCGATGCCACCTACGGCAAACTGACCCTGAAATTCATCTGCACCACCGGCAAACTGCCCGTGCCCTGGCCCACCCTCGTGACCACCCTGACCTACGGCGTGCAGTGCTTCAGCCGCTACCCCGACCACATGAAACAGCACGACTTCTTCAAATCCGCCATGCCCGAAGGCTACGTCCAGGAGCGCACCATCTTCTTCAAAGACGACGGCAACTACAAAACCCGCGCCGAGGTGAAATTCGAGGGCGACACCCTGGTGAACCGCATCGAGCTGAAAGGCATCGACTTCAAAGAGGACGGCAACATCCTGGGGCACAAACTGGAGTACAACTACAACAGCCACAACGTCTATATCATGGCCGACAAACAGAAAAACGGCATCAAAGTGAACTTCAAAATCCGCCACAACATCGAGGACGGCAGCGTGCAGCTCGCCGACCACTACCAGCAGAACACCCCCATCGGCGACGGCCCCGTGCTGCTGCCCGACAACCACTACCTGAGCACCCAGTCCGCCCTGAGCAAAGACCCCAACGAGAAACGCGATCACATGGTCCTGCTGGAGTTCGTGACCGCCGCCGGGATCACTCTCGGCATGGACGAGCTGTACAAATCCTAAGGAGCAGGAGGGAGCCACCCTCCCTGCAGCTACCCTAGCTGAGGAGCCTGTTGTGAGGGGCAGAATGAGAAAGGCAATAAAGGGAGAAAGAAAGTCCTGGTGGCTGAGGTGGGCGGGTCACACTGCAGGAAGCCTCAGGCTGGGGCAGGGTGGCACTTGGGGGGGCAGGCCAAGTTCACCTAAATGGGGGTCTCTATATGTTCAGGCCCAGGGGCCCCCATTGACAGGAGCTGGGAGCTCTGCACCACGAGCTTCAGTCACCCCGAGAGGAGAGGAGGTAACGAGGAGGGCGGACTCCAGGCCCCGGCCCAGAGATTTGGACTTGGCTGGCTTGCAGGGGTCCTAAGAAACTCCACTCTGGACAGCGCCAGGAGGCCCTGGGTTCCATTCCTAACTCTGCCTCAAACTGTACATTTGGATAAGCCCTAGTAGTTCCCTGGGCCTGTTTTTCTATAAAACGAGGCAACTGGACTGTTA,0.527428013657836,0.02274949244483815,0.5046785212129978
K_to_AAG,K,AAG,EFEMP2,EFEMP2,2,1325,125,723,477,GCTTCCTGGGGCCGCGCGTCCAGGGAGCTGTGCCGTCCGCCCGTCCGTCTGCCCGCAGGCATTGCCCGAGCCAGCCGAGCCGCCAGAGCCGCGGGCCGCGGGGGTGTCGCGGGCCCAACCCCAGGATGGTGAGCAAGGGCGAGGAGCTGTTCACCGGGGTGGTGCCCATCCTGGTCGAGCTGGACGGCGACGTAAACGGCCACAAGTTCAGCGTGTCCGGCGAGGGCGAGGGCGATGCCACCTACGGCAAGCTGACCCTGAAGTTCATCTGCACCACCGGCAAGCTGCCCGTGCCCTGGCCCACCCTCGTGACCACCCTGACCTACGGCGTGCAGTGCTTCAGCCGCTACCCCGACCACATGAAGCAGCACGACTTCTTCAAGTCCGCCATGCCCGAAGGCTACGTCCAGGAGCGCACCATCTTCTTCAAGGACGACGGCAACTACAAGACCCGCGCCGAGGTGAAGTTCGAGGGCGACACCCTGGTGAACCGCATCGAGCTGAAGGGCATCGACTTCAAGGAGGACGGCAACATCCTGGGGCACAAGCTGGAGTACAACTACAACAGCCACAACGTCTATATCATGGCCGACAAGCAGAAGAACGGCATCAAGGTGAACTTCAAGATCCGCCACAACATCGAGGACGGCAGCGTGCAGCTCGCCGACCACTACCAGCAGAACACCCCCATCGGCGACGGCCCCGTGCTGCTGCCCGACAACCACTACCTGAGCACCCAGTCCGCCCTGAGCAAGGACCCCAACGAGAAGCGCGATCACATGGTCCTGCTGGAGTTCGTGACCGCCGCCGGGATCACTCTCGGCATGGACGAGCTGTACAAGTCCTAAGGAGCAGGAGGGAGCCACCCTCCCTGCAGCTACCCTAGCTGAGGAGCCTGTTGTGAGGGGCAGAATGAGAAAGGCAATAAAGGGAGAAAGAAAGTCCTGGTGGCTGAGGTGGGCGGGTCACACTGCAGGAAGCCTCAGGCTGGGGCAGGGTGGCACTTGGGGGGGCAGGCCAAGTTCACCTAAATGGGGGTCTCTATATGTTCAGGCCCAGGGGCCCCCATTGACAGGAGCTGGGAGCTCTGCACCACGAGCTTCAGTCACCCCGAGAGGAGAGGAGGTAACGAGGAGGGCGGACTCCAGGCCCCGGCCCAGAGATTTGGACTTGGCTGGCTTGCAGGGGTCCTAAGAAACTCCACTCTGGACAGCGCCAGGAGGCCCTGGGTTCCATTCCTAACTCTGCCTCAAACTGTACATTTGGATAAGCCCTAGTAGTTCCCTGGGCCTGTTTTTCTATAAAACGAGGCAACTGGACTGTTA,0.7010493285294668,0.08310182221438339,0.6179475063150834
R_to_CGA,R,CGA,EFEMP2,EFEMP2,2,1325,125,723,477,GCTTCCTGGGGCCGCGCGTCCAGGGAGCTGTGCCGTCCGCCCGTCCGTCTGCCCGCAGGCATTGCCCGAGCCAGCCGAGCCGCCAGAGCCGCGGGCCGCGGGGGTGTCGCGGGCCCAACCCCAGGATGGTGAGCAAGGGCGAGGAGCTGTTCACCGGGGTGGTGCCCATCCTGGTCGAGCTGGACGGCGACGTAAACGGCCACAAGTTCAGCGTGTCCGGCGAGGGCGAGGGCGATGCCACCTACGGCAAGCTGACCCTGAAGTTCATCTGCACCACCGGCAAGCTGCCCGTGCCCTGGCCCACCCTCGTGACCACCCTGACCTACGGCGTGCAGTGCTTCAGCCGATACCCCGACCACATGAAGCAGCACGACTTCTTCAAGTCCGCCATGCCCGAAGGCTACGTCCAGGAGCGAACCATCTTCTTCAAGGACGACGGCAACTACAAGACCCGAGCCGAGGTGAAGTTCGAGGGCGACACCCTGGTGAACCGAATCGAGCTGAAGGGCATCGACTTCAAGGAGGACGGCAACATCCTGGGGCACAAGCTGGAGTACAACTACAACAGCCACAACGTCTATATCATGGCCGACAAGCAGAAGAACGGCATCAAGGTGAACTTCAAGATCCGACACAACATCGAGGACGGCAGCGTGCAGCTCGCCGACCACTACCAGCAGAACACCCCCATCGGCGACGGCCCCGTGCTGCTGCCCGACAACCACTACCTGAGCACCCAGTCCGCCCTGAGCAAAGACCCCAACGAGAAGCGAGATCACATGGTCCTGCTGGAGTTCGTGACCGCCGCCGGGATCACTCTCGGCATGGACGAGCTGTACAAGTCCTAAGGAGCAGGAGGGAGCCACCCTCCCTGCAGCTACCCTAGCTGAGGAGCCTGTTGTGAGGGGCAGAATGAGAAAGGCAATAAAGGGAGAAAGAAAGTCCTGGTGGCTGAGGTGGGCGGGTCACACTGCAGGAAGCCTCAGGCTGGGGCAGGGTGGCACTTGGGGGGGCAGGCCAAGTTCACCTAAATGGGGGTCTCTATATGTTCAGGCCCAGGGGCCCCCATTGACAGGAGCTGGGAGCTCTGCACCACGAGCTTCAGTCACCCCGAGAGGAGAGGAGGTAACGAGGAGGGCGGACTCCAGGCCCCGGCCCAGAGATTTGGACTTGGCTGGCTTGCAGGGGTCCTAAGAAACTCCACTCTGGACAGCGCCAGGAGGCCCTGGGTTCCATTCCTAACTCTGCCTCAAACTGTACATTTGGATAAGCCCTAGTAGTTCCCTGGGCCTGTTTTTCTATAAAACGAGGCAACTGGACTGTTA,0.7221170074058525,0.11780198367091933,0.6043150237349332
R_to_CGC,R,CGC,EFEMP2,EFEMP2,2,1325,125,723,477,GCTTCCTGGGGCCGCGCGTCCAGGGAGCTGTGCCGTCCGCCCGTCCGTCTGCCCGCAGGCATTGCCCGAGCCAGCCGAGCCGCCAGAGCCGCGGGCCGCGGGGGTGTCGCGGGCCCAACCCCAGGATGGTGAGCAAGGGCGAGGAGCTGTTCACCGGGGTGGTGCCCATCCTGGTCGAGCTGGACGGCGACGTAAACGGCCACAAGTTCAGCGTGTCCGGCGAGGGCGAGGGCGATGCCACCTACGGCAAGCTGACCCTGAAGTTCATCTGCACCACCGGCAAGCTGCCCGTGCCCTGGCCCACCCTCGTGACCACCCTGACCTACGGCGTGCAGTGCTTCAGCCGCTACCCCGACCACATGAAGCAGCACGACTTCTTCAAGTCCGCCATGCCCGAAGGCTACGTCCAGGAGCGCACCATCTTCTTCAAGGACGACGGCAACTACAAGACCCGCGCCGAGGTGAAGTTCGAGGGCGACACCCTGGTGAACCGCATCGAGCTGAAGGGCATCGACTTCAAGGAGGACGGCAACATCCTGGGGCACAAGCTGGAGTACAACTACAACAGCCACAACGTCTATATCATGGCCGACAAGCAGAAGAACGGCATCAAGGTGAACTTCAAGATCCGCCACAACATCGAGGACGGCAGCGTGCAGCTCGCCGACCACTACCAGCAGAACACCCCCATCGGCGACGGCCCCGTGCTGCTGCCCGACAACCACTACCTGAGCACCCAGTCCGCCCTGAGCAAAGACCCCAACGAGAAGCGCGATCACATGGTCCTGCTGGAGTTCGTGACCGCCGCCGGGATCACTCTCGGCATGGACGAGCTGTACAAGTCCTAAGGAGCAGGAGGGAGCCACCCTCCCTGCAGCTACCCTAGCTGAGGAGCCTGTTGTGAGGGGCAGAATGAGAAAGGCAATAAAGGGAGAAAGAAAGTCCTGGTGGCTGAGGTGGGCGGGTCACACTGCAGGAAGCCTCAGGCTGGGGCAGGGTGGCACTTGGGGGGGCAGGCCAAGTTCACCTAAATGGGGGTCTCTATATGTTCAGGCCCAGGGGCCCCCATTGACAGGAGCTGGGAGCTCTGCACCACGAGCTTCAGTCACCCCGAGAGGAGAGGAGGTAACGAGGAGGGCGGACTCCAGGCCCCGGCCCAGAGATTTGGACTTGGCTGGCTTGCAGGGGTCCTAAGAAACTCCACTCTGGACAGCGCCAGGAGGCCCTGGGTTCCATTCCTAACTCTGCCTCAAACTGTACATTTGGATAAGCCCTAGTAGTTCCCTGGGCCTGTTTTTCTATAAAACGAGGCAACTGGACTGTTA,0.7010493285294668,0.13759541322843033,0.5634539153010365
R_to_CGG,R,CGG,EFEMP2,EFEMP2,2,1325,125,723,477,GCTTCCTGGGGCCGCGCGTCCAGGGAGCTGTGCCGTCCGCCCGTCCGTCTGCCCGCAGGCATTGCCCGAGCCAGCCGAGCCGCCAGAGCCGCGGGCCGCGGGGGTGTCGCGGGCCCAACCCCAGGATGGTGAGCAAGGGCGAGGAGCTGTTCACCGGGGTGGTGCCCATCCTGGTCGAGCTGGACGGCGACGTAAACGGCCACAAGTTCAGCGTGTCCGGCGAGGGCGAGGGCGATGCCACCTACGGCAAGCTGACCCTGAAGTTCATCTGCACCACCGGCAAGCTGCCCGTGCCCTGGCCCACCCTCGTGACCACCCTGACCTACGGCGTGCAGTGCTTCAGCCGGTACCCCGACCACATGAAGCAGCACGACTTCTTCAAGTCCGCCATGCCCGAAGGCTACGTCCAGGAGCGGACCATCTTCTTCAAGGACGACGGCAACTACAAGACCCGGGCCGAGGTGAAGTTCGAGGGCGACACCCTGGTGAACCGGATCGAGCTGAAGGGCATCGACTTCAAGGAGGACGGCAACATCCTGGGGCACAAGCTGGAGTACAACTACAACAGCCACAACGTCTATATCATGGCCGACAAGCAGAAGAACGGCATCAAGGTGAACTTCAAGATCCGGCACAACATCGAGGACGGCAGCGTGCAGCTCGCCGACCACTACCAGCAGAACACCCCCATCGGCGACGGCCCCGTGCTGCTGCCCGACAACCACTACCTGAGCACCCAGTCCGCCCTGAGCAAAGACCCCAACGAGAAGCGGGATCACATGGTCCTGCTGGAGTTCGTGACCGCCGCCGGGATCACTCTCGGCATGGACGAGCTGTACAAGTCCTAAGGAGCAGGAGGGAGCCACCCTCCCTGCAGCTACCCTAGCTGAGGAGCCTGTTGTGAGGGGCAGAATGAGAAAGGCAATAAAGGGAGAAAGAAAGTCCTGGTGGCTGAGGTGGGCGGGTCACACTGCAGGAAGCCTCAGGCTGGGGCAGGGTGGCACTTGGGGGGGCAGGCCAAGTTCACCTAAATGGGGGTCTCTATATGTTCAGGCCCAGGGGCCCCCATTGACAGGAGCTGGGAGCTCTGCACCACGAGCTTCAGTCACCCCGAGAGGAGAGGAGGTAACGAGGAGGGCGGACTCCAGGCCCCGGCCCAGAGATTTGGACTTGGCTGGCTTGCAGGGGTCCTAAGAAACTCCACTCTGGACAGCGCCAGGAGGCCCTGGGTTCCATTCCTAACTCTGCCTCAAACTGTACATTTGGATAAGCCCTAGTAGTTCCCTGGGCCTGTTTTTCTATAAAACGAGGCAACTGGACTGTTA,0.6570465354498485,0.16135207760987486,0.4956944578399736
R_to_CGT,R,CGT,EFEMP2,EFEMP2,2,1325,125,723,477,GCTTCCTGGGGCCGCGCGTCCAGGGAGCTGTGCCGTCCGCCCGTCCGTCTGCCCGCAGGCATTGCCCGAGCCAGCCGAGCCGCCAGAGCCGCGGGCCGCGGGGGTGTCGCGGGCCCAACCCCAGGATGGTGAGCAAGGGCGAGGAGCTGTTCACCGGGGTGGTGCCCATCCTGGTCGAGCTGGACGGCGACGTAAACGGCCACAAGTTCAGCGTGTCCGGCGAGGGCGAGGGCGATGCCACCTACGGCAAGCTGACCCTGAAGTTCATCTGCACCACCGGCAAGCTGCCCGTGCCCTGGCCCACCCTCGTGACCACCCTGACCTACGGCGTGCAGTGCTTCAGCCGTTACCCCGACCACATGAAGCAGCACGACTTCTTCAAGTCCGCCATGCCCGAAGGCTACGTCCAGGAGCGTACCATCTTCTTCAAGGACGACGGCAACTACAAGACCCGTGCCGAGGTGAAGTTCGAGGGCGACACCCTGGTGAACCGTATCGAGCTGAAGGGCATCGACTTCAAGGAGGACGGCAACATCCTGGGGCACAAGCTGGAGTACAACTACAACAGCCACAACGTCTATATCATGGCCGACAAGCAGAAGAACGGCATCAAGGTGAACTTCAAGATCCGTCACAACATCGAGGACGGCAGCGTGCAGCTCGCCGACCACTACCAGCAGAACACCCCCATCGGCGACGGCCCCGTGCTGCTGCCCGACAACCACTACCTGAGCACCCAGTCCGCCCTGAGCAAAGACCCCAACGAGAAGCGTGATCACATGGTCCTGCTGGAGTTCGTGACCGCCGCCGGGATCACTCTCGGCATGGACGAGCTGTACAAGTCCTAAGGAGCAGGAGGGAGCCACCCTCCCTGCAGCTACCCTAGCTGAGGAGCCTGTTGTGAGGGGCAGAATGAGAAAGGCAATAAAGGGAGAAAGAAAGTCCTGGTGGCTGAGGTGGGCGGGTCACACTGCAGGAAGCCTCAGGCTGGGGCAGGGTGGCACTTGGGGGGGCAGGCCAAGTTCACCTAAATGGGGGTCTCTATATGTTCAGGCCCAGGGGCCCCCATTGACAGGAGCTGGGAGCTCTGCACCACGAGCTTCAGTCACCCCGAGAGGAGAGGAGGTAACGAGGAGGGCGGACTCCAGGCCCCGGCCCAGAGATTTGGACTTGGCTGGCTTGCAGGGGTCCTAAGAAACTCCACTCTGGACAGCGCCAGGAGGCCCTGGGTTCCATTCCTAACTCTGCCTCAAACTGTACATTTGGATAAGCCCTAGTAGTTCCCTGGGCCTGTTTTTCTATAAAACGAGGCAACTGGACTGTTA,0.6363878576076034,0.27765659830260614,0.3587312593049973
R_to_AGA,R,AGA,EFEMP2,EFEMP2,2,1325,125,723,477,GCTTCCTGGGGCCGCGCGTCCAGGGAGCTGTGCCGTCCGCCCGTCCGTCTGCCCGCAGGCATTGCCCGAGCCAGCCGAGCCGCCAGAGCCGCGGGCCGCGGGGGTGTCGCGGGCCCAACCCCAGGATGGTGAGCAAGGGCGAGGAGCTGTTCACCGGGGTGGTGCCCATCCTGGTCGAGCTGGACGGCGACGTAAACGGCCACAAGTTCAGCGTGTCCGGCGAGGGCGAGGGCGATGCCACCTACGGCAAGCTGACCCTGAAGTTCATCTGCACCACCGGCAAGCTGCCCGTGCCCTGGCCCACCCTCGTGACCACCCTGACCTACGGCGTGCAGTGCTTCAGCAGATACCCCGACCACATGAAGCAGCACGACTTCTTCAAGTCCGCCATGCCCGAAGGCTACGTCCAGGAGAGAACCATCTTCTTCAAGGACGACGGCAACTACAAGACCAGAGCCGAGGTGAAGTTCGAGGGCGACACCCTGGTGAACAGAATCGAGCTGAAGGGCATCGACTTCAAGGAGGACGGCAACATCCTGGGGCACAAGCTGGAGTACAACTACAACAGCCACAACGTCTATATCATGGCCGACAAGCAGAAGAACGGCATCAAGGTGAACTTCAAGATCAGACACAACATCGAGGACGGCAGCGTGCAGCTCGCCGACCACTACCAGCAGAACACCCCCATCGGCGACGGCCCCGTGCTGCTGCCCGACAACCACTACCTGAGCACCCAGTCCGCCCTGAGCAAAGACCCCAACGAGAAGAGAGATCACATGGTCCTGCTGGAGTTCGTGACCGCCGCCGGGATCACTCTCGGCATGGACGAGCTGTACAAGTCCTAAGGAGCAGGAGGGAGCCACCCTCCCTGCAGCTACCCTAGCTGAGGAGCCTGTTGTGAGGGGCAGAATGAGAAAGGCAATAAAGGGAGAAAGAAAGTCCTGGTGGCTGAGGTGGGCGGGTCACACTGCAGGAAGCCTCAGGCTGGGGCAGGGTGGCACTTGGGGGGGCAGGCCAAGTTCACCTAAATGGGGGTCTCTATATGTTCAGGCCCAGGGGCCCCCATTGACAGGAGCTGGGAGCTCTGCACCACGAGCTTCAGTCACCCCGAGAGGAGAGGAGGTAACGAGGAGGGCGGACTCCAGGCCCCGGCCCAGAGATTTGGACTTGGCTGGCTTGCAGGGGTCCTAAGAAACTCCACTCTGGACAGCGCCAGGAGGCCCTGGGTTCCATTCCTAACTCTGCCTCAAACTGTACATTTGGATAAGCCCTAGTAGTTCCCTGGGCCTGTTTTTCTATAAAACGAGGCAACTGGACTGTTA,0.7389294683247916,0.09239720508409863,0.6465322632406929
R_to_AGG,R,AGG,EFEMP2,EFEMP2,2,1325,125,723,477,GCTTCCTGGGGCCGCGCGTCCAGGGAGCTGTGCCGTCCGCCCGTCCGTCTGCCCGCAGGCATTGCCCGAGCCAGCCGAGCCGCCAGAGCCGCGGGCCGCGGGGGTGTCGCGGGCCCAACCCCAGGATGGTGAGCAAGGGCGAGGAGCTGTTCACCGGGGTGGTGCCCATCCTGGTCGAGCTGGACGGCGACGTAAACGGCCACAAGTTCAGCGTGTCCGGCGAGGGCGAGGGCGATGCCACCTACGGCAAGCTGACCCTGAAGTTCATCTGCACCACCGGCAAGCTGCCCGTGCCCTGGCCCACCCTCGTGACCACCCTGACCTACGGCGTGCAGTGCTTCAGCAGGTACCCCGACCACATGAAGCAGCACGACTTCTTCAAGTCCGCCATGCCCGAAGGCTACGTCCAGGAGAGGACCATCTTCTTCAAGGACGACGGCAACTACAAGACCAGGGCCGAGGTGAAGTTCGAGGGCGACACCCTGGTGAACAGGATCGAGCTGAAGGGCATCGACTTCAAGGAGGACGGCAACATCCTGGGGCACAAGCTGGAGTACAACTACAACAGCCACAACGTCTATATCATGGCCGACAAGCAGAAGAACGGCATCAAGGTGAACTTCAAGATCAGGCACAACATCGAGGACGGCAGCGTGCAGCTCGCCGACCACTACCAGCAGAACACCCCCATCGGCGACGGCCCCGTGCTGCTGCCCGACAACCACTACCTGAGCACCCAGTCCGCCCTGAGCAAAGACCCCAACGAGAAGAGGGATCACATGGTCCTGCTGGAGTTCGTGACCGCCGCCGGGATCACTCTCGGCATGGACGAGCTGTACAAGTCCTAAGGAGCAGGAGGGAGCCACCCTCCCTGCAGCTACCCTAGCTGAGGAGCCTGTTGTGAGGGGCAGAATGAGAAAGGCAATAAAGGGAGAAAGAAAGTCCTGGTGGCTGAGGTGGGCGGGTCACACTGCAGGAAGCCTCAGGCTGGGGCAGGGTGGCACTTGGGGGGGCAGGCCAAGTTCACCTAAATGGGGGTCTCTATATGTTCAGGCCCAGGGGCCCCCATTGACAGGAGCTGGGAGCTCTGCACCACGAGCTTCAGTCACCCCGAGAGGAGAGGAGGTAACGAGGAGGGCGGACTCCAGGCCCCGGCCCAGAGATTTGGACTTGGCTGGCTTGCAGGGGTCCTAAGAAACTCCACTCTGGACAGCGCCAGGAGGCCCTGGGTTCCATTCCTAACTCTGCCTCAAACTGTACATTTGGATAAGCCCTAGTAGTTCCCTGGGCCTGTTTTTCTATAAAACGAGGCAACTGGACTGTTA,0.7238514441712283,-0.04898450939324688,0.7728359535644751
X_to_TAA,X,TAA,EFEMP2,EFEMP2,2,1325,125,723,477,GCTTCCTGGGGCCGCGCGTCCAGGGAGCTGTGCCGTCCGCCCGTCCGTCTGCCCGCAGGCATTGCCCGAGCCAGCCGAGCCGCCAGAGCCGCGGGCCGCGGGGGTGTCGCGGGCCCAACCCCAGGATGGTGAGCAAGGGCGAGGAGCTGTTCACCGGGGTGGTGCCCATCCTGGTCGAGCTGGACGGCGACGTAAACGGCCACAAGTTCAGCGTGTCCGGCGAGGGCGAGGGCGATGCCACCTACGGCAAGCTGACCCTGAAGTTCATCTGCACCACCGGCAAGCTGCCCGTGCCCTGGCCCACCCTCGTGACCACCCTGACCTACGGCGTGCAGTGCTTCAGCCGCTACCCCGACCACATGAAGCAGCACGACTTCTTCAAGTCCGCCATGCCCGAAGGCTACGTCCAGGAGCGCACCATCTTCTTCAAGGACGACGGCAACTACAAGACCCGCGCCGAGGTGAAGTTCGAGGGCGACACCCTGGTGAACCGCATCGAGCTGAAGGGCATCGACTTCAAGGAGGACGGCAACATCCTGGGGCACAAGCTGGAGTACAACTACAACAGCCACAACGTCTATATCATGGCCGACAAGCAGAAGAACGGCATCAAGGTGAACTTCAAGATCCGCCACAACATCGAGGACGGCAGCGTGCAGCTCGCCGACCACTACCAGCAGAACACCCCCATCGGCGACGGCCCCGTGCTGCTGCCCGACAACCACTACCTGAGCACCCAGTCCGCCCTGAGCAAAGACCCCAACGAGAAGCGCGATCACATGGTCCTGCTGGAGTTCGTGACCGCCGCCGGGATCACTCTCGGCATGGACGAGCTGTACAAGTCCTAAGGAGCAGGAGGGAGCCACCCTCCCTGCAGCTACCCTAGCTGAGGAGCCTGTTGTGAGGGGCAGAATGAGAAAGGCAATAAAGGGAGAAAGAAAGTCCTGGTGGCTGAGGTGGGCGGGTCACACTGCAGGAAGCCTCAGGCTGGGGCAGGGTGGCACTTGGGGGGGCAGGCCAAGTTCACCTAAATGGGGGTCTCTATATGTTCAGGCCCAGGGGCCCCCATTGACAGGAGCTGGGAGCTCTGCACCACGAGCTTCAGTCACCCCGAGAGGAGAGGAGGTAACGAGGAGGGCGGACTCCAGGCCCCGGCCCAGAGATTTGGACTTGGCTGGCTTGCAGGGGTCCTAAGAAACTCCACTCTGGACAGCGCCAGGAGGCCCTGGGTTCCATTCCTAACTCTGCCTCAAACTGTACATTTGGATAAGCCCTAGTAGTTCCCTGGGCCTGTTTTTCTATAAAACGAGGCAACTGGACTGTTA,0.7010493285294668,0.13759541322843033,0.5634539153010365
X_to_TAG,X,TAG,EFEMP2,EFEMP2,2,1325,125,723,477,GCTTCCTGGGGCCGCGCGTCCAGGGAGCTGTGCCGTCCGCCCGTCCGTCTGCCCGCAGGCATTGCCCGAGCCAGCCGAGCCGCCAGAGCCGCGGGCCGCGGGGGTGTCGCGGGCCCAACCCCAGGATGGTGAGCAAGGGCGAGGAGCTGTTCACCGGGGTGGTGCCCATCCTGGTCGAGCTGGACGGCGACGTAAACGGCCACAAGTTCAGCGTGTCCGGCGAGGGCGAGGGCGATGCCACCTACGGCAAGCTGACCCTGAAGTTCATCTGCACCACCGGCAAGCTGCCCGTGCCCTGGCCCACCCTCGTGACCACCCTGACCTACGGCGTGCAGTGCTTCAGCCGCTACCCCGACCACATGAAGCAGCACGACTTCTTCAAGTCCGCCATGCCCGAAGGCTACGTCCAGGAGCGCACCATCTTCTTCAAGGACGACGGCAACTACAAGACCCGCGCCGAGGTGAAGTTCGAGGGCGACACCCTGGTGAACCGCATCGAGCTGAAGGGCATCGACTTCAAGGAGGACGGCAACATCCTGGGGCACAAGCTGGAGTACAACTACAACAGCCACAACGTCTATATCATGGCCGACAAGCAGAAGAACGGCATCAAGGTGAACTTCAAGATCCGCCACAACATCGAGGACGGCAGCGTGCAGCTCGCCGACCACTACCAGCAGAACACCCCCATCGGCGACGGCCCCGTGCTGCTGCCCGACAACCACTACCTGAGCACCCAGTCCGCCCTGAGCAAAGACCCCAACGAGAAGCGCGATCACATGGTCCTGCTGGAGTTCGTGACCGCCGCCGGGATCACTCTCGGCATGGACGAGCTGTACAAGTCCTAGGGAGCAGGAGGGAGCCACCCTCCCTGCAGCTACCCTAGCTGAGGAGCCTGTTGTGAGGGGCAGAATGAGAAAGGCAATAAAGGGAGAAAGAAAGTCCTGGTGGCTGAGGTGGGCGGGTCACACTGCAGGAAGCCTCAGGCTGGGGCAGGGTGGCACTTGGGGGGGCAGGCCAAGTTCACCTAAATGGGGGTCTCTATATGTTCAGGCCCAGGGGCCCCCATTGACAGGAGCTGGGAGCTCTGCACCACGAGCTTCAGTCACCCCGAGAGGAGAGGAGGTAACGAGGAGGGCGGACTCCAGGCCCCGGCCCAGAGATTTGGACTTGGCTGGCTTGCAGGGGTCCTAAGAAACTCCACTCTGGACAGCGCCAGGAGGCCCTGGGTTCCATTCCTAACTCTGCCTCAAACTGTACATTTGGATAAGCCCTAGTAGTTCCCTGGGCCTGTTTTTCTATAAAACGAGGCAACTGGACTGTTA,0.7010493285294668,0.07214620320027951,0.6289031253291872
X_to_TGA,X,TGA,EFEMP2,EFEMP2,2,1325,125,723,477,GCTTCCTGGGGCCGCGCGTCCAGGGAGCTGTGCCGTCCGCCCGTCCGTCTGCCCGCAGGCATTGCCCGAGCCAGCCGAGCCGCCAGAGCCGCGGGCCGCGGGGGTGTCGCGGGCCCAACCCCAGGATGGTGAGCAAGGGCGAGGAGCTGTTCACCGGGGTGGTGCCCATCCTGGTCGAGCTGGACGGCGACGTAAACGGCCACAAGTTCAGCGTGTCCGGCGAGGGCGAGGGCGATGCCACCTACGGCAAGCTGACCCTGAAGTTCATCTGCACCACCGGCAAGCTGCCCGTGCCCTGGCCCACCCTCGTGACCACCCTGACCTACGGCGTGCAGTGCTTCAGCCGCTACCCCGACCACATGAAGCAGCACGACTTCTTCAAGTCCGCCATGCCCGAAGGCTACGTCCAGGAGCGCACCATCTTCTTCAAGGACGACGGCAACTACAAGACCCGCGCCGAGGTGAAGTTCGAGGGCGACACCCTGGTGAACCGCATCGAGCTGAAGGGCATCGACTTCAAGGAGGACGGCAACATCCTGGGGCACAAGCTGGAGTACAACTACAACAGCCACAACGTCTATATCATGGCCGACAAGCAGAAGAACGGCATCAAGGTGAACTTCAAGATCCGCCACAACATCGAGGACGGCAGCGTGCAGCTCGCCGACCACTACCAGCAGAACACCCCCATCGGCGACGGCCCCGTGCTGCTGCCCGACAACCACTACCTGAGCACCCAGTCCGCCCTGAGCAAAGACCCCAACGAGAAGCGCGATCACATGGTCCTGCTGGAGTTCGTGACCGCCGCCGGGATCACTCTCGGCATGGACGAGCTGTACAAGTCCTGAGGAGCAGGAGGGAGCCACCCTCCCTGCAGCTACCCTAGCTGAGGAGCCTGTTGTGAGGGGCAGAATGAGAAAGGCAATAAAGGGAGAAAGAAAGTCCTGGTGGCTGAGGTGGGCGGGTCACACTGCAGGAAGCCTCAGGCTGGGGCAGGGTGGCACTTGGGGGGGCAGGCCAAGTTCACCTAAATGGGGGTCTCTATATGTTCAGGCCCAGGGGCCCCCATTGACAGGAGCTGGGAGCTCTGCACCACGAGCTTCAGTCACCCCGAGAGGAGAGGAGGTAACGAGGAGGGCGGACTCCAGGCCCCGGCCCAGAGATTTGGACTTGGCTGGCTTGCAGGGGTCCTAAGAAACTCCACTCTGGACAGCGCCAGGAGGCCCTGGGTTCCATTCCTAACTCTGCCTCAAACTGTACATTTGGATAAGCCCTAGTAGTTCCCTGGGCCTGTTTTTCTATAAAACGAGGCAACTGGACTGTTA,0.7010493285294668,0.07214620320027951,0.6289031253291872
