SYMBOL,Amino_Acid,Codon,UTR5,UTR3,fold,tx_size,utr5_size,cds_size,utr3_size,tx_sequence,co_pred_MCF7,co_pred_A549,co_pred_MCF7-co_pred_A549
original,original,original,ZW10,ZW10,8,1256,26,723,507,AGTCAGCGTTGGTTCCCGTCTTGGCCATGGTGAGCAAGGGCGAGGAGCTGTTCACCGGGGTGGTGCCCATCCTGGTCGAGCTGGACGGCGACGTAAACGGCCACAAGTTCAGCGTGTCCGGCGAGGGCGAGGGCGATGCCACCTACGGCAAGCTGACCCTGAAGTTCATCTGCACCACCGGCAAGCTGCCCGTGCCCTGGCCCACCCTCGTGACCACCCTGACCTACGGCGTGCAGTGCTTCAGCCGCTACCCCGACCACATGAAGCAGCACGACTTCTTCAAGTCCGCCATGCCCGAAGGCTACGTCCAGGAGCGCACCATCTTCTTCAAGGACGACGGCAACTACAAGACCCGCGCCGAGGTGAAGTTCGAGGGCGACACCCTGGTGAACCGCATCGAGCTGAAGGGCATCGACTTCAAGGAGGACGGCAACATCCTGGGGCACAAGCTGGAGTACAACTACAACAGCCACAACGTCTATATCATGGCCGACAAGCAGAAGAACGGCATCAAGGTGAACTTCAAGATCCGCCACAACATCGAGGACGGCAGCGTGCAGCTCGCCGACCACTACCAGCAGAACACCCCCATCGGCGACGGCCCCGTGCTGCTGCCCGACAACCACTACCTGAGCACCCAGTCCGCCCTGAGCAAAGACCCCAACGAGAAGCGCGATCACATGGTCCTGCTGGAGTTCGTGACCGCCGCCGGGATCACTCTCGGCATGGACGAGCTGTACAAGTCCTAACTCCATCTTCTTAAGAAAGCTATGTCTTGAATATGTGGATTCTTCCCTTGGCATAATTACTCCCTTAAAGACTTCTTTGAATCGCCCATTGGTTTTGGTGAACCAGTACATCTTGGAAGTTTGACTTTACAGAAGAACGTCTTACCTCCTGGCCTGTACGAGGCTTTGTTTAAGAACTGTTTATTAAGATAAATTGTCAAGTAAAGCACCTCAATTCATTGACTTTCTAGCCATCTTCCTTTGATTAGCTAACAAACTGTCAGGCAGCATTATTTCATGCTGCTTCCAGAGCCCTCTGGGAGCTATATACATTGTAAATGCAGGCCCTAGCTTTGGAACGAGGAATTGGGAGATTCCAGGAGTCAGGGTAGAGAATTTCTGAGCAAATCGGAGATATTTTAGGGGTGTGGAGGAGGGGAAGGGAGGAATGGGCCACCATATTTGGCCTTACAGGAATTAAGGAGACTTCCTGTAATATTTCTTTCCAATAAATATTGCTTTTTACAA,2.692769450168267,0.8769986072700098,1.815770842898257
M_to_ATG,M,ATG,ZW10,ZW10,8,1256,26,723,507,AGTCAGCGTTGGTTCCCGTCTTGGCCATGGTGAGCAAGGGCGAGGAGCTGTTCACCGGGGTGGTGCCCATCCTGGTCGAGCTGGACGGCGACGTAAACGGCCACAAGTTCAGCGTGTCCGGCGAGGGCGAGGGCGATGCCACCTACGGCAAGCTGACCCTGAAGTTCATCTGCACCACCGGCAAGCTGCCCGTGCCCTGGCCCACCCTCGTGACCACCCTGACCTACGGCGTGCAGTGCTTCAGCCGCTACCCCGACCACATGAAGCAGCACGACTTCTTCAAGTCCGCCATGCCCGAAGGCTACGTCCAGGAGCGCACCATCTTCTTCAAGGACGACGGCAACTACAAGACCCGCGCCGAGGTGAAGTTCGAGGGCGACACCCTGGTGAACCGCATCGAGCTGAAGGGCATCGACTTCAAGGAGGACGGCAACATCCTGGGGCACAAGCTGGAGTACAACTACAACAGCCACAACGTCTATATCATGGCCGACAAGCAGAAGAACGGCATCAAGGTGAACTTCAAGATCCGCCACAACATCGAGGACGGCAGCGTGCAGCTCGCCGACCACTACCAGCAGAACACCCCCATCGGCGACGGCCCCGTGCTGCTGCCCGACAACCACTACCTGAGCACCCAGTCCGCCCTGAGCAAAGACCCCAACGAGAAGCGCGATCACATGGTCCTGCTGGAGTTCGTGACCGCCGCCGGGATCACTCTCGGCATGGACGAGCTGTACAAGTCCTAACTCCATCTTCTTAAGAAAGCTATGTCTTGAATATGTGGATTCTTCCCTTGGCATAATTACTCCCTTAAAGACTTCTTTGAATCGCCCATTGGTTTTGGTGAACCAGTACATCTTGGAAGTTTGACTTTACAGAAGAACGTCTTACCTCCTGGCCTGTACGAGGCTTTGTTTAAGAACTGTTTATTAAGATAAATTGTCAAGTAAAGCACCTCAATTCATTGACTTTCTAGCCATCTTCCTTTGATTAGCTAACAAACTGTCAGGCAGCATTATTTCATGCTGCTTCCAGAGCCCTCTGGGAGCTATATACATTGTAAATGCAGGCCCTAGCTTTGGAACGAGGAATTGGGAGATTCCAGGAGTCAGGGTAGAGAATTTCTGAGCAAATCGGAGATATTTTAGGGGTGTGGAGGAGGGGAAGGGAGGAATGGGCCACCATATTTGGCCTTACAGGAATTAAGGAGACTTCCTGTAATATTTCTTTCCAATAAATATTGCTTTTTACAA,2.692769450168267,0.8769986072700098,1.815770842898257
I_to_ATA,I,ATA,ZW10,ZW10,8,1256,26,723,507,AGTCAGCGTTGGTTCCCGTCTTGGCCATGGTGAGCAAGGGCGAGGAGCTGTTCACCGGGGTGGTGCCCATACTGGTCGAGCTGGACGGCGACGTAAACGGCCACAAGTTCAGCGTGTCCGGCGAGGGCGAGGGCGATGCCACCTACGGCAAGCTGACCCTGAAGTTCATATGCACCACCGGCAAGCTGCCCGTGCCCTGGCCCACCCTCGTGACCACCCTGACCTACGGCGTGCAGTGCTTCAGCCGCTACCCCGACCACATGAAGCAGCACGACTTCTTCAAGTCCGCCATGCCCGAAGGCTACGTCCAGGAGCGCACCATATTCTTCAAGGACGACGGCAACTACAAGACCCGCGCCGAGGTGAAGTTCGAGGGCGACACCCTGGTGAACCGCATAGAGCTGAAGGGCATAGACTTCAAGGAGGACGGCAACATACTGGGGCACAAGCTGGAGTACAACTACAACAGCCACAACGTCTATATAATGGCCGACAAGCAGAAGAACGGCATAAAGGTGAACTTCAAGATACGCCACAACATAGAGGACGGCAGCGTGCAGCTCGCCGACCACTACCAGCAGAACACCCCCATAGGCGACGGCCCCGTGCTGCTGCCCGACAACCACTACCTGAGCACCCAGTCCGCCCTGAGCAAAGACCCCAACGAGAAGCGCGATCACATGGTCCTGCTGGAGTTCGTGACCGCCGCCGGGATAACTCTCGGCATGGACGAGCTGTACAAGTCCTAACTCCATCTTCTTAAGAAAGCTATGTCTTGAATATGTGGATTCTTCCCTTGGCATAATTACTCCCTTAAAGACTTCTTTGAATCGCCCATTGGTTTTGGTGAACCAGTACATCTTGGAAGTTTGACTTTACAGAAGAACGTCTTACCTCCTGGCCTGTACGAGGCTTTGTTTAAGAACTGTTTATTAAGATAAATTGTCAAGTAAAGCACCTCAATTCATTGACTTTCTAGCCATCTTCCTTTGATTAGCTAACAAACTGTCAGGCAGCATTATTTCATGCTGCTTCCAGAGCCCTCTGGGAGCTATATACATTGTAAATGCAGGCCCTAGCTTTGGAACGAGGAATTGGGAGATTCCAGGAGTCAGGGTAGAGAATTTCTGAGCAAATCGGAGATATTTTAGGGGTGTGGAGGAGGGGAAGGGAGGAATGGGCCACCATATTTGGCCTTACAGGAATTAAGGAGACTTCCTGTAATATTTCTTTCCAATAAATATTGCTTTTTACAA,2.2556688548839965,0.8624413105192846,1.393227544364712
I_to_ATC,I,ATC,ZW10,ZW10,8,1256,26,723,507,AGTCAGCGTTGGTTCCCGTCTTGGCCATGGTGAGCAAGGGCGAGGAGCTGTTCACCGGGGTGGTGCCCATCCTGGTCGAGCTGGACGGCGACGTAAACGGCCACAAGTTCAGCGTGTCCGGCGAGGGCGAGGGCGATGCCACCTACGGCAAGCTGACCCTGAAGTTCATCTGCACCACCGGCAAGCTGCCCGTGCCCTGGCCCACCCTCGTGACCACCCTGACCTACGGCGTGCAGTGCTTCAGCCGCTACCCCGACCACATGAAGCAGCACGACTTCTTCAAGTCCGCCATGCCCGAAGGCTACGTCCAGGAGCGCACCATCTTCTTCAAGGACGACGGCAACTACAAGACCCGCGCCGAGGTGAAGTTCGAGGGCGACACCCTGGTGAACCGCATCGAGCTGAAGGGCATCGACTTCAAGGAGGACGGCAACATCCTGGGGCACAAGCTGGAGTACAACTACAACAGCCACAACGTCTATATCATGGCCGACAAGCAGAAGAACGGCATCAAGGTGAACTTCAAGATCCGCCACAACATCGAGGACGGCAGCGTGCAGCTCGCCGACCACTACCAGCAGAACACCCCCATCGGCGACGGCCCCGTGCTGCTGCCCGACAACCACTACCTGAGCACCCAGTCCGCCCTGAGCAAAGACCCCAACGAGAAGCGCGATCACATGGTCCTGCTGGAGTTCGTGACCGCCGCCGGGATCACTCTCGGCATGGACGAGCTGTACAAGTCCTAACTCCATCTTCTTAAGAAAGCTATGTCTTGAATATGTGGATTCTTCCCTTGGCATAATTACTCCCTTAAAGACTTCTTTGAATCGCCCATTGGTTTTGGTGAACCAGTACATCTTGGAAGTTTGACTTTACAGAAGAACGTCTTACCTCCTGGCCTGTACGAGGCTTTGTTTAAGAACTGTTTATTAAGATAAATTGTCAAGTAAAGCACCTCAATTCATTGACTTTCTAGCCATCTTCCTTTGATTAGCTAACAAACTGTCAGGCAGCATTATTTCATGCTGCTTCCAGAGCCCTCTGGGAGCTATATACATTGTAAATGCAGGCCCTAGCTTTGGAACGAGGAATTGGGAGATTCCAGGAGTCAGGGTAGAGAATTTCTGAGCAAATCGGAGATATTTTAGGGGTGTGGAGGAGGGGAAGGGAGGAATGGGCCACCATATTTGGCCTTACAGGAATTAAGGAGACTTCCTGTAATATTTCTTTCCAATAAATATTGCTTTTTACAA,2.692769450168267,0.8769986072700098,1.815770842898257
I_to_ATT,I,ATT,ZW10,ZW10,8,1256,26,723,507,AGTCAGCGTTGGTTCCCGTCTTGGCCATGGTGAGCAAGGGCGAGGAGCTGTTCACCGGGGTGGTGCCCATTCTGGTCGAGCTGGACGGCGACGTAAACGGCCACAAGTTCAGCGTGTCCGGCGAGGGCGAGGGCGATGCCACCTACGGCAAGCTGACCCTGAAGTTCATTTGCACCACCGGCAAGCTGCCCGTGCCCTGGCCCACCCTCGTGACCACCCTGACCTACGGCGTGCAGTGCTTCAGCCGCTACCCCGACCACATGAAGCAGCACGACTTCTTCAAGTCCGCCATGCCCGAAGGCTACGTCCAGGAGCGCACCATTTTCTTCAAGGACGACGGCAACTACAAGACCCGCGCCGAGGTGAAGTTCGAGGGCGACACCCTGGTGAACCGCATTGAGCTGAAGGGCATTGACTTCAAGGAGGACGGCAACATTCTGGGGCACAAGCTGGAGTACAACTACAACAGCCACAACGTCTATATTATGGCCGACAAGCAGAAGAACGGCATTAAGGTGAACTTCAAGATTCGCCACAACATTGAGGACGGCAGCGTGCAGCTCGCCGACCACTACCAGCAGAACACCCCCATTGGCGACGGCCCCGTGCTGCTGCCCGACAACCACTACCTGAGCACCCAGTCCGCCCTGAGCAAAGACCCCAACGAGAAGCGCGATCACATGGTCCTGCTGGAGTTCGTGACCGCCGCCGGGATTACTCTCGGCATGGACGAGCTGTACAAGTCCTAACTCCATCTTCTTAAGAAAGCTATGTCTTGAATATGTGGATTCTTCCCTTGGCATAATTACTCCCTTAAAGACTTCTTTGAATCGCCCATTGGTTTTGGTGAACCAGTACATCTTGGAAGTTTGACTTTACAGAAGAACGTCTTACCTCCTGGCCTGTACGAGGCTTTGTTTAAGAACTGTTTATTAAGATAAATTGTCAAGTAAAGCACCTCAATTCATTGACTTTCTAGCCATCTTCCTTTGATTAGCTAACAAACTGTCAGGCAGCATTATTTCATGCTGCTTCCAGAGCCCTCTGGGAGCTATATACATTGTAAATGCAGGCCCTAGCTTTGGAACGAGGAATTGGGAGATTCCAGGAGTCAGGGTAGAGAATTTCTGAGCAAATCGGAGATATTTTAGGGGTGTGGAGGAGGGGAAGGGAGGAATGGGCCACCATATTTGGCCTTACAGGAATTAAGGAGACTTCCTGTAATATTTCTTTCCAATAAATATTGCTTTTTACAA,2.410822710883164,0.9178609684491323,1.4929617424340316
L_to_TTA,L,TTA,ZW10,ZW10,8,1256,26,723,507,AGTCAGCGTTGGTTCCCGTCTTGGCCATGGTGAGCAAGGGCGAGGAGTTATTCACCGGGGTGGTGCCCATCTTAGTCGAGTTAGACGGCGACGTAAACGGCCACAAGTTCAGCGTGTCCGGCGAGGGCGAGGGCGATGCCACCTACGGCAAGTTAACCTTAAAGTTCATCTGCACCACCGGCAAGTTACCCGTGCCCTGGCCCACCTTAGTGACCACCTTAACCTACGGCGTGCAGTGCTTCAGCCGCTACCCCGACCACATGAAGCAGCACGACTTCTTCAAGTCCGCCATGCCCGAAGGCTACGTCCAGGAGCGCACCATCTTCTTCAAGGACGACGGCAACTACAAGACCCGCGCCGAGGTGAAGTTCGAGGGCGACACCTTAGTGAACCGCATCGAGTTAAAGGGCATCGACTTCAAGGAGGACGGCAACATCTTAGGGCACAAGTTAGAGTACAACTACAACAGCCACAACGTCTATATCATGGCCGACAAGCAGAAGAACGGCATCAAGGTGAACTTCAAGATCCGCCACAACATCGAGGACGGCAGCGTGCAGTTAGCCGACCACTACCAGCAGAACACCCCCATCGGCGACGGCCCCGTGTTATTACCCGACAACCACTACTTAAGCACCCAGTCCGCCTTAAGCAAAGACCCCAACGAGAAGCGCGATCACATGGTCTTATTAGAGTTCGTGACCGCCGCCGGGATCACTTTAGGCATGGACGAGTTATACAAGTCCTAACTCCATCTTCTTAAGAAAGCTATGTCTTGAATATGTGGATTCTTCCCTTGGCATAATTACTCCCTTAAAGACTTCTTTGAATCGCCCATTGGTTTTGGTGAACCAGTACATCTTGGAAGTTTGACTTTACAGAAGAACGTCTTACCTCCTGGCCTGTACGAGGCTTTGTTTAAGAACTGTTTATTAAGATAAATTGTCAAGTAAAGCACCTCAATTCATTGACTTTCTAGCCATCTTCCTTTGATTAGCTAACAAACTGTCAGGCAGCATTATTTCATGCTGCTTCCAGAGCCCTCTGGGAGCTATATACATTGTAAATGCAGGCCCTAGCTTTGGAACGAGGAATTGGGAGATTCCAGGAGTCAGGGTAGAGAATTTCTGAGCAAATCGGAGATATTTTAGGGGTGTGGAGGAGGGGAAGGGAGGAATGGGCCACCATATTTGGCCTTACAGGAATTAAGGAGACTTCCTGTAATATTTCTTTCCAATAAATATTGCTTTTTACAA,2.4214670471966424,0.8663256614552068,1.5551413857414356
L_to_TTG,L,TTG,ZW10,ZW10,8,1256,26,723,507,AGTCAGCGTTGGTTCCCGTCTTGGCCATGGTGAGCAAGGGCGAGGAGTTGTTCACCGGGGTGGTGCCCATCTTGGTCGAGTTGGACGGCGACGTAAACGGCCACAAGTTCAGCGTGTCCGGCGAGGGCGAGGGCGATGCCACCTACGGCAAGTTGACCTTGAAGTTCATCTGCACCACCGGCAAGTTGCCCGTGCCCTGGCCCACCTTGGTGACCACCTTGACCTACGGCGTGCAGTGCTTCAGCCGCTACCCCGACCACATGAAGCAGCACGACTTCTTCAAGTCCGCCATGCCCGAAGGCTACGTCCAGGAGCGCACCATCTTCTTCAAGGACGACGGCAACTACAAGACCCGCGCCGAGGTGAAGTTCGAGGGCGACACCTTGGTGAACCGCATCGAGTTGAAGGGCATCGACTTCAAGGAGGACGGCAACATCTTGGGGCACAAGTTGGAGTACAACTACAACAGCCACAACGTCTATATCATGGCCGACAAGCAGAAGAACGGCATCAAGGTGAACTTCAAGATCCGCCACAACATCGAGGACGGCAGCGTGCAGTTGGCCGACCACTACCAGCAGAACACCCCCATCGGCGACGGCCCCGTGTTGTTGCCCGACAACCACTACTTGAGCACCCAGTCCGCCTTGAGCAAAGACCCCAACGAGAAGCGCGATCACATGGTCTTGTTGGAGTTCGTGACCGCCGCCGGGATCACTTTGGGCATGGACGAGTTGTACAAGTCCTAACTCCATCTTCTTAAGAAAGCTATGTCTTGAATATGTGGATTCTTCCCTTGGCATAATTACTCCCTTAAAGACTTCTTTGAATCGCCCATTGGTTTTGGTGAACCAGTACATCTTGGAAGTTTGACTTTACAGAAGAACGTCTTACCTCCTGGCCTGTACGAGGCTTTGTTTAAGAACTGTTTATTAAGATAAATTGTCAAGTAAAGCACCTCAATTCATTGACTTTCTAGCCATCTTCCTTTGATTAGCTAACAAACTGTCAGGCAGCATTATTTCATGCTGCTTCCAGAGCCCTCTGGGAGCTATATACATTGTAAATGCAGGCCCTAGCTTTGGAACGAGGAATTGGGAGATTCCAGGAGTCAGGGTAGAGAATTTCTGAGCAAATCGGAGATATTTTAGGGGTGTGGAGGAGGGGAAGGGAGGAATGGGCCACCATATTTGGCCTTACAGGAATTAAGGAGACTTCCTGTAATATTTCTTTCCAATAAATATTGCTTTTTACAA,2.630430072551466,0.9588693441551128,1.6715607283963534
L_to_CTA,L,CTA,ZW10,ZW10,8,1256,26,723,507,AGTCAGCGTTGGTTCCCGTCTTGGCCATGGTGAGCAAGGGCGAGGAGCTATTCACCGGGGTGGTGCCCATCCTAGTCGAGCTAGACGGCGACGTAAACGGCCACAAGTTCAGCGTGTCCGGCGAGGGCGAGGGCGATGCCACCTACGGCAAGCTAACCCTAAAGTTCATCTGCACCACCGGCAAGCTACCCGTGCCCTGGCCCACCCTAGTGACCACCCTAACCTACGGCGTGCAGTGCTTCAGCCGCTACCCCGACCACATGAAGCAGCACGACTTCTTCAAGTCCGCCATGCCCGAAGGCTACGTCCAGGAGCGCACCATCTTCTTCAAGGACGACGGCAACTACAAGACCCGCGCCGAGGTGAAGTTCGAGGGCGACACCCTAGTGAACCGCATCGAGCTAAAGGGCATCGACTTCAAGGAGGACGGCAACATCCTAGGGCACAAGCTAGAGTACAACTACAACAGCCACAACGTCTATATCATGGCCGACAAGCAGAAGAACGGCATCAAGGTGAACTTCAAGATCCGCCACAACATCGAGGACGGCAGCGTGCAGCTAGCCGACCACTACCAGCAGAACACCCCCATCGGCGACGGCCCCGTGCTACTACCCGACAACCACTACCTAAGCACCCAGTCCGCCCTAAGCAAAGACCCCAACGAGAAGCGCGATCACATGGTCCTACTAGAGTTCGTGACCGCCGCCGGGATCACTCTAGGCATGGACGAGCTATACAAGTCCTAACTCCATCTTCTTAAGAAAGCTATGTCTTGAATATGTGGATTCTTCCCTTGGCATAATTACTCCCTTAAAGACTTCTTTGAATCGCCCATTGGTTTTGGTGAACCAGTACATCTTGGAAGTTTGACTTTACAGAAGAACGTCTTACCTCCTGGCCTGTACGAGGCTTTGTTTAAGAACTGTTTATTAAGATAAATTGTCAAGTAAAGCACCTCAATTCATTGACTTTCTAGCCATCTTCCTTTGATTAGCTAACAAACTGTCAGGCAGCATTATTTCATGCTGCTTCCAGAGCCCTCTGGGAGCTATATACATTGTAAATGCAGGCCCTAGCTTTGGAACGAGGAATTGGGAGATTCCAGGAGTCAGGGTAGAGAATTTCTGAGCAAATCGGAGATATTTTAGGGGTGTGGAGGAGGGGAAGGGAGGAATGGGCCACCATATTTGGCCTTACAGGAATTAAGGAGACTTCCTGTAATATTTCTTTCCAATAAATATTGCTTTTTACAA,2.4749641095443238,0.8961130378029984,1.5788510717413253
L_to_CTC,L,CTC,ZW10,ZW10,8,1256,26,723,507,AGTCAGCGTTGGTTCCCGTCTTGGCCATGGTGAGCAAGGGCGAGGAGCTCTTCACCGGGGTGGTGCCCATCCTCGTCGAGCTCGACGGCGACGTAAACGGCCACAAGTTCAGCGTGTCCGGCGAGGGCGAGGGCGATGCCACCTACGGCAAGCTCACCCTCAAGTTCATCTGCACCACCGGCAAGCTCCCCGTGCCCTGGCCCACCCTCGTGACCACCCTCACCTACGGCGTGCAGTGCTTCAGCCGCTACCCCGACCACATGAAGCAGCACGACTTCTTCAAGTCCGCCATGCCCGAAGGCTACGTCCAGGAGCGCACCATCTTCTTCAAGGACGACGGCAACTACAAGACCCGCGCCGAGGTGAAGTTCGAGGGCGACACCCTCGTGAACCGCATCGAGCTCAAGGGCATCGACTTCAAGGAGGACGGCAACATCCTCGGGCACAAGCTCGAGTACAACTACAACAGCCACAACGTCTATATCATGGCCGACAAGCAGAAGAACGGCATCAAGGTGAACTTCAAGATCCGCCACAACATCGAGGACGGCAGCGTGCAGCTCGCCGACCACTACCAGCAGAACACCCCCATCGGCGACGGCCCCGTGCTCCTCCCCGACAACCACTACCTCAGCACCCAGTCCGCCCTCAGCAAAGACCCCAACGAGAAGCGCGATCACATGGTCCTCCTCGAGTTCGTGACCGCCGCCGGGATCACTCTCGGCATGGACGAGCTCTACAAGTCCTAACTCCATCTTCTTAAGAAAGCTATGTCTTGAATATGTGGATTCTTCCCTTGGCATAATTACTCCCTTAAAGACTTCTTTGAATCGCCCATTGGTTTTGGTGAACCAGTACATCTTGGAAGTTTGACTTTACAGAAGAACGTCTTACCTCCTGGCCTGTACGAGGCTTTGTTTAAGAACTGTTTATTAAGATAAATTGTCAAGTAAAGCACCTCAATTCATTGACTTTCTAGCCATCTTCCTTTGATTAGCTAACAAACTGTCAGGCAGCATTATTTCATGCTGCTTCCAGAGCCCTCTGGGAGCTATATACATTGTAAATGCAGGCCCTAGCTTTGGAACGAGGAATTGGGAGATTCCAGGAGTCAGGGTAGAGAATTTCTGAGCAAATCGGAGATATTTTAGGGGTGTGGAGGAGGGGAAGGGAGGAATGGGCCACCATATTTGGCCTTACAGGAATTAAGGAGACTTCCTGTAATATTTCTTTCCAATAAATATTGCTTTTTACAA,2.4390752380988463,0.8479042246344549,1.5911710134643915
L_to_CTG,L,CTG,ZW10,ZW10,8,1256,26,723,507,AGTCAGCGTTGGTTCCCGTCTTGGCCATGGTGAGCAAGGGCGAGGAGCTGTTCACCGGGGTGGTGCCCATCCTGGTCGAGCTGGACGGCGACGTAAACGGCCACAAGTTCAGCGTGTCCGGCGAGGGCGAGGGCGATGCCACCTACGGCAAGCTGACCCTGAAGTTCATCTGCACCACCGGCAAGCTGCCCGTGCCCTGGCCCACCCTGGTGACCACCCTGACCTACGGCGTGCAGTGCTTCAGCCGCTACCCCGACCACATGAAGCAGCACGACTTCTTCAAGTCCGCCATGCCCGAAGGCTACGTCCAGGAGCGCACCATCTTCTTCAAGGACGACGGCAACTACAAGACCCGCGCCGAGGTGAAGTTCGAGGGCGACACCCTGGTGAACCGCATCGAGCTGAAGGGCATCGACTTCAAGGAGGACGGCAACATCCTGGGGCACAAGCTGGAGTACAACTACAACAGCCACAACGTCTATATCATGGCCGACAAGCAGAAGAACGGCATCAAGGTGAACTTCAAGATCCGCCACAACATCGAGGACGGCAGCGTGCAGCTGGCCGACCACTACCAGCAGAACACCCCCATCGGCGACGGCCCCGTGCTGCTGCCCGACAACCACTACCTGAGCACCCAGTCCGCCCTGAGCAAAGACCCCAACGAGAAGCGCGATCACATGGTCCTGCTGGAGTTCGTGACCGCCGCCGGGATCACTCTGGGCATGGACGAGCTGTACAAGTCCTAACTCCATCTTCTTAAGAAAGCTATGTCTTGAATATGTGGATTCTTCCCTTGGCATAATTACTCCCTTAAAGACTTCTTTGAATCGCCCATTGGTTTTGGTGAACCAGTACATCTTGGAAGTTTGACTTTACAGAAGAACGTCTTACCTCCTGGCCTGTACGAGGCTTTGTTTAAGAACTGTTTATTAAGATAAATTGTCAAGTAAAGCACCTCAATTCATTGACTTTCTAGCCATCTTCCTTTGATTAGCTAACAAACTGTCAGGCAGCATTATTTCATGCTGCTTCCAGAGCCCTCTGGGAGCTATATACATTGTAAATGCAGGCCCTAGCTTTGGAACGAGGAATTGGGAGATTCCAGGAGTCAGGGTAGAGAATTTCTGAGCAAATCGGAGATATTTTAGGGGTGTGGAGGAGGGGAAGGGAGGAATGGGCCACCATATTTGGCCTTACAGGAATTAAGGAGACTTCCTGTAATATTTCTTTCCAATAAATATTGCTTTTTACAA,2.710871641196604,0.9222025189120305,1.7886691222845732
L_to_CTT,L,CTT,ZW10,ZW10,8,1256,26,723,507,AGTCAGCGTTGGTTCCCGTCTTGGCCATGGTGAGCAAGGGCGAGGAGCTTTTCACCGGGGTGGTGCCCATCCTTGTCGAGCTTGACGGCGACGTAAACGGCCACAAGTTCAGCGTGTCCGGCGAGGGCGAGGGCGATGCCACCTACGGCAAGCTTACCCTTAAGTTCATCTGCACCACCGGCAAGCTTCCCGTGCCCTGGCCCACCCTTGTGACCACCCTTACCTACGGCGTGCAGTGCTTCAGCCGCTACCCCGACCACATGAAGCAGCACGACTTCTTCAAGTCCGCCATGCCCGAAGGCTACGTCCAGGAGCGCACCATCTTCTTCAAGGACGACGGCAACTACAAGACCCGCGCCGAGGTGAAGTTCGAGGGCGACACCCTTGTGAACCGCATCGAGCTTAAGGGCATCGACTTCAAGGAGGACGGCAACATCCTTGGGCACAAGCTTGAGTACAACTACAACAGCCACAACGTCTATATCATGGCCGACAAGCAGAAGAACGGCATCAAGGTGAACTTCAAGATCCGCCACAACATCGAGGACGGCAGCGTGCAGCTTGCCGACCACTACCAGCAGAACACCCCCATCGGCGACGGCCCCGTGCTTCTTCCCGACAACCACTACCTTAGCACCCAGTCCGCCCTTAGCAAAGACCCCAACGAGAAGCGCGATCACATGGTCCTTCTTGAGTTCGTGACCGCCGCCGGGATCACTCTTGGCATGGACGAGCTTTACAAGTCCTAACTCCATCTTCTTAAGAAAGCTATGTCTTGAATATGTGGATTCTTCCCTTGGCATAATTACTCCCTTAAAGACTTCTTTGAATCGCCCATTGGTTTTGGTGAACCAGTACATCTTGGAAGTTTGACTTTACAGAAGAACGTCTTACCTCCTGGCCTGTACGAGGCTTTGTTTAAGAACTGTTTATTAAGATAAATTGTCAAGTAAAGCACCTCAATTCATTGACTTTCTAGCCATCTTCCTTTGATTAGCTAACAAACTGTCAGGCAGCATTATTTCATGCTGCTTCCAGAGCCCTCTGGGAGCTATATACATTGTAAATGCAGGCCCTAGCTTTGGAACGAGGAATTGGGAGATTCCAGGAGTCAGGGTAGAGAATTTCTGAGCAAATCGGAGATATTTTAGGGGTGTGGAGGAGGGGAAGGGAGGAATGGGCCACCATATTTGGCCTTACAGGAATTAAGGAGACTTCCTGTAATATTTCTTTCCAATAAATATTGCTTTTTACAA,2.6346392808626162,0.9749755170064711,1.6596637638561451
V_to_GTA,V,GTA,ZW10,ZW10,8,1256,26,723,507,AGTCAGCGTTGGTTCCCGTCTTGGCCATGGTAAGCAAGGGCGAGGAGCTGTTCACCGGGGTAGTACCCATCCTGGTAGAGCTGGACGGCGACGTAAACGGCCACAAGTTCAGCGTATCCGGCGAGGGCGAGGGCGATGCCACCTACGGCAAGCTGACCCTGAAGTTCATCTGCACCACCGGCAAGCTGCCCGTACCCTGGCCCACCCTCGTAACCACCCTGACCTACGGCGTACAGTGCTTCAGCCGCTACCCCGACCACATGAAGCAGCACGACTTCTTCAAGTCCGCCATGCCCGAAGGCTACGTACAGGAGCGCACCATCTTCTTCAAGGACGACGGCAACTACAAGACCCGCGCCGAGGTAAAGTTCGAGGGCGACACCCTGGTAAACCGCATCGAGCTGAAGGGCATCGACTTCAAGGAGGACGGCAACATCCTGGGGCACAAGCTGGAGTACAACTACAACAGCCACAACGTATATATCATGGCCGACAAGCAGAAGAACGGCATCAAGGTAAACTTCAAGATCCGCCACAACATCGAGGACGGCAGCGTACAGCTCGCCGACCACTACCAGCAGAACACCCCCATCGGCGACGGCCCCGTACTGCTGCCCGACAACCACTACCTGAGCACCCAGTCCGCCCTGAGCAAAGACCCCAACGAGAAGCGCGATCACATGGTACTGCTGGAGTTCGTAACCGCCGCCGGGATCACTCTCGGCATGGACGAGCTGTACAAGTCCTAACTCCATCTTCTTAAGAAAGCTATGTCTTGAATATGTGGATTCTTCCCTTGGCATAATTACTCCCTTAAAGACTTCTTTGAATCGCCCATTGGTTTTGGTGAACCAGTACATCTTGGAAGTTTGACTTTACAGAAGAACGTCTTACCTCCTGGCCTGTACGAGGCTTTGTTTAAGAACTGTTTATTAAGATAAATTGTCAAGTAAAGCACCTCAATTCATTGACTTTCTAGCCATCTTCCTTTGATTAGCTAACAAACTGTCAGGCAGCATTATTTCATGCTGCTTCCAGAGCCCTCTGGGAGCTATATACATTGTAAATGCAGGCCCTAGCTTTGGAACGAGGAATTGGGAGATTCCAGGAGTCAGGGTAGAGAATTTCTGAGCAAATCGGAGATATTTTAGGGGTGTGGAGGAGGGGAAGGGAGGAATGGGCCACCATATTTGGCCTTACAGGAATTAAGGAGACTTCCTGTAATATTTCTTTCCAATAAATATTGCTTTTTACAA,2.688601741521957,0.8683128268666164,1.8202889146553405
V_to_GTC,V,GTC,ZW10,ZW10,8,1256,26,723,507,AGTCAGCGTTGGTTCCCGTCTTGGCCATGGTCAGCAAGGGCGAGGAGCTGTTCACCGGGGTCGTCCCCATCCTGGTCGAGCTGGACGGCGACGTCAACGGCCACAAGTTCAGCGTCTCCGGCGAGGGCGAGGGCGATGCCACCTACGGCAAGCTGACCCTGAAGTTCATCTGCACCACCGGCAAGCTGCCCGTCCCCTGGCCCACCCTCGTCACCACCCTGACCTACGGCGTCCAGTGCTTCAGCCGCTACCCCGACCACATGAAGCAGCACGACTTCTTCAAGTCCGCCATGCCCGAAGGCTACGTCCAGGAGCGCACCATCTTCTTCAAGGACGACGGCAACTACAAGACCCGCGCCGAGGTCAAGTTCGAGGGCGACACCCTGGTCAACCGCATCGAGCTGAAGGGCATCGACTTCAAGGAGGACGGCAACATCCTGGGGCACAAGCTGGAGTACAACTACAACAGCCACAACGTCTATATCATGGCCGACAAGCAGAAGAACGGCATCAAGGTCAACTTCAAGATCCGCCACAACATCGAGGACGGCAGCGTCCAGCTCGCCGACCACTACCAGCAGAACACCCCCATCGGCGACGGCCCCGTCCTGCTGCCCGACAACCACTACCTGAGCACCCAGTCCGCCCTGAGCAAAGACCCCAACGAGAAGCGCGATCACATGGTCCTGCTGGAGTTCGTCACCGCCGCCGGGATCACTCTCGGCATGGACGAGCTGTACAAGTCCTAACTCCATCTTCTTAAGAAAGCTATGTCTTGAATATGTGGATTCTTCCCTTGGCATAATTACTCCCTTAAAGACTTCTTTGAATCGCCCATTGGTTTTGGTGAACCAGTACATCTTGGAAGTTTGACTTTACAGAAGAACGTCTTACCTCCTGGCCTGTACGAGGCTTTGTTTAAGAACTGTTTATTAAGATAAATTGTCAAGTAAAGCACCTCAATTCATTGACTTTCTAGCCATCTTCCTTTGATTAGCTAACAAACTGTCAGGCAGCATTATTTCATGCTGCTTCCAGAGCCCTCTGGGAGCTATATACATTGTAAATGCAGGCCCTAGCTTTGGAACGAGGAATTGGGAGATTCCAGGAGTCAGGGTAGAGAATTTCTGAGCAAATCGGAGATATTTTAGGGGTGTGGAGGAGGGGAAGGGAGGAATGGGCCACCATATTTGGCCTTACAGGAATTAAGGAGACTTCCTGTAATATTTCTTTCCAATAAATATTGCTTTTTACAA,2.692769450168267,0.8438020592035284,1.8489673909647384
V_to_GTG,V,GTG,ZW10,ZW10,8,1256,26,723,507,AGTCAGCGTTGGTTCCCGTCTTGGCCATGGTGAGCAAGGGCGAGGAGCTGTTCACCGGGGTGGTGCCCATCCTGGTGGAGCTGGACGGCGACGTGAACGGCCACAAGTTCAGCGTGTCCGGCGAGGGCGAGGGCGATGCCACCTACGGCAAGCTGACCCTGAAGTTCATCTGCACCACCGGCAAGCTGCCCGTGCCCTGGCCCACCCTCGTGACCACCCTGACCTACGGCGTGCAGTGCTTCAGCCGCTACCCCGACCACATGAAGCAGCACGACTTCTTCAAGTCCGCCATGCCCGAAGGCTACGTGCAGGAGCGCACCATCTTCTTCAAGGACGACGGCAACTACAAGACCCGCGCCGAGGTGAAGTTCGAGGGCGACACCCTGGTGAACCGCATCGAGCTGAAGGGCATCGACTTCAAGGAGGACGGCAACATCCTGGGGCACAAGCTGGAGTACAACTACAACAGCCACAACGTGTATATCATGGCCGACAAGCAGAAGAACGGCATCAAGGTGAACTTCAAGATCCGCCACAACATCGAGGACGGCAGCGTGCAGCTCGCCGACCACTACCAGCAGAACACCCCCATCGGCGACGGCCCCGTGCTGCTGCCCGACAACCACTACCTGAGCACCCAGTCCGCCCTGAGCAAAGACCCCAACGAGAAGCGCGATCACATGGTGCTGCTGGAGTTCGTGACCGCCGCCGGGATCACTCTCGGCATGGACGAGCTGTACAAGTCCTAACTCCATCTTCTTAAGAAAGCTATGTCTTGAATATGTGGATTCTTCCCTTGGCATAATTACTCCCTTAAAGACTTCTTTGAATCGCCCATTGGTTTTGGTGAACCAGTACATCTTGGAAGTTTGACTTTACAGAAGAACGTCTTACCTCCTGGCCTGTACGAGGCTTTGTTTAAGAACTGTTTATTAAGATAAATTGTCAAGTAAAGCACCTCAATTCATTGACTTTCTAGCCATCTTCCTTTGATTAGCTAACAAACTGTCAGGCAGCATTATTTCATGCTGCTTCCAGAGCCCTCTGGGAGCTATATACATTGTAAATGCAGGCCCTAGCTTTGGAACGAGGAATTGGGAGATTCCAGGAGTCAGGGTAGAGAATTTCTGAGCAAATCGGAGATATTTTAGGGGTGTGGAGGAGGGGAAGGGAGGAATGGGCCACCATATTTGGCCTTACAGGAATTAAGGAGACTTCCTGTAATATTTCTTTCCAATAAATATTGCTTTTTACAA,2.688601741521957,0.835116278800135,1.853485462721822
V_to_GTT,V,GTT,ZW10,ZW10,8,1256,26,723,507,AGTCAGCGTTGGTTCCCGTCTTGGCCATGGTTAGCAAGGGCGAGGAGCTGTTCACCGGGGTTGTTCCCATCCTGGTTGAGCTGGACGGCGACGTTAACGGCCACAAGTTCAGCGTTTCCGGCGAGGGCGAGGGCGATGCCACCTACGGCAAGCTGACCCTGAAGTTCATCTGCACCACCGGCAAGCTGCCCGTTCCCTGGCCCACCCTCGTTACCACCCTGACCTACGGCGTTCAGTGCTTCAGCCGCTACCCCGACCACATGAAGCAGCACGACTTCTTCAAGTCCGCCATGCCCGAAGGCTACGTTCAGGAGCGCACCATCTTCTTCAAGGACGACGGCAACTACAAGACCCGCGCCGAGGTTAAGTTCGAGGGCGACACCCTGGTTAACCGCATCGAGCTGAAGGGCATCGACTTCAAGGAGGACGGCAACATCCTGGGGCACAAGCTGGAGTACAACTACAACAGCCACAACGTTTATATCATGGCCGACAAGCAGAAGAACGGCATCAAGGTTAACTTCAAGATCCGCCACAACATCGAGGACGGCAGCGTTCAGCTCGCCGACCACTACCAGCAGAACACCCCCATCGGCGACGGCCCCGTTCTGCTGCCCGACAACCACTACCTGAGCACCCAGTCCGCCCTGAGCAAAGACCCCAACGAGAAGCGCGATCACATGGTTCTGCTGGAGTTCGTTACCGCCGCCGGGATCACTCTCGGCATGGACGAGCTGTACAAGTCCTAACTCCATCTTCTTAAGAAAGCTATGTCTTGAATATGTGGATTCTTCCCTTGGCATAATTACTCCCTTAAAGACTTCTTTGAATCGCCCATTGGTTTTGGTGAACCAGTACATCTTGGAAGTTTGACTTTACAGAAGAACGTCTTACCTCCTGGCCTGTACGAGGCTTTGTTTAAGAACTGTTTATTAAGATAAATTGTCAAGTAAAGCACCTCAATTCATTGACTTTCTAGCCATCTTCCTTTGATTAGCTAACAAACTGTCAGGCAGCATTATTTCATGCTGCTTCCAGAGCCCTCTGGGAGCTATATACATTGTAAATGCAGGCCCTAGCTTTGGAACGAGGAATTGGGAGATTCCAGGAGTCAGGGTAGAGAATTTCTGAGCAAATCGGAGATATTTTAGGGGTGTGGAGGAGGGGAAGGGAGGAATGGGCCACCATATTTGGCCTTACAGGAATTAAGGAGACTTCCTGTAATATTTCTTTCCAATAAATATTGCTTTTTACAA,2.703744259230292,0.8695411580358633,1.8342031011944284
F_to_TTC,F,TTC,ZW10,ZW10,8,1256,26,723,507,AGTCAGCGTTGGTTCCCGTCTTGGCCATGGTGAGCAAGGGCGAGGAGCTGTTCACCGGGGTGGTGCCCATCCTGGTCGAGCTGGACGGCGACGTAAACGGCCACAAGTTCAGCGTGTCCGGCGAGGGCGAGGGCGATGCCACCTACGGCAAGCTGACCCTGAAGTTCATCTGCACCACCGGCAAGCTGCCCGTGCCCTGGCCCACCCTCGTGACCACCCTGACCTACGGCGTGCAGTGCTTCAGCCGCTACCCCGACCACATGAAGCAGCACGACTTCTTCAAGTCCGCCATGCCCGAAGGCTACGTCCAGGAGCGCACCATCTTCTTCAAGGACGACGGCAACTACAAGACCCGCGCCGAGGTGAAGTTCGAGGGCGACACCCTGGTGAACCGCATCGAGCTGAAGGGCATCGACTTCAAGGAGGACGGCAACATCCTGGGGCACAAGCTGGAGTACAACTACAACAGCCACAACGTCTATATCATGGCCGACAAGCAGAAGAACGGCATCAAGGTGAACTTCAAGATCCGCCACAACATCGAGGACGGCAGCGTGCAGCTCGCCGACCACTACCAGCAGAACACCCCCATCGGCGACGGCCCCGTGCTGCTGCCCGACAACCACTACCTGAGCACCCAGTCCGCCCTGAGCAAAGACCCCAACGAGAAGCGCGATCACATGGTCCTGCTGGAGTTCGTGACCGCCGCCGGGATCACTCTCGGCATGGACGAGCTGTACAAGTCCTAACTCCATCTTCTTAAGAAAGCTATGTCTTGAATATGTGGATTCTTCCCTTGGCATAATTACTCCCTTAAAGACTTCTTTGAATCGCCCATTGGTTTTGGTGAACCAGTACATCTTGGAAGTTTGACTTTACAGAAGAACGTCTTACCTCCTGGCCTGTACGAGGCTTTGTTTAAGAACTGTTTATTAAGATAAATTGTCAAGTAAAGCACCTCAATTCATTGACTTTCTAGCCATCTTCCTTTGATTAGCTAACAAACTGTCAGGCAGCATTATTTCATGCTGCTTCCAGAGCCCTCTGGGAGCTATATACATTGTAAATGCAGGCCCTAGCTTTGGAACGAGGAATTGGGAGATTCCAGGAGTCAGGGTAGAGAATTTCTGAGCAAATCGGAGATATTTTAGGGGTGTGGAGGAGGGGAAGGGAGGAATGGGCCACCATATTTGGCCTTACAGGAATTAAGGAGACTTCCTGTAATATTTCTTTCCAATAAATATTGCTTTTTACAA,2.692769450168267,0.8769986072700098,1.815770842898257
F_to_TTT,F,TTT,ZW10,ZW10,8,1256,26,723,507,AGTCAGCGTTGGTTCCCGTCTTGGCCATGGTGAGCAAGGGCGAGGAGCTGTTTACCGGGGTGGTGCCCATCCTGGTCGAGCTGGACGGCGACGTAAACGGCCACAAGTTTAGCGTGTCCGGCGAGGGCGAGGGCGATGCCACCTACGGCAAGCTGACCCTGAAGTTTATCTGCACCACCGGCAAGCTGCCCGTGCCCTGGCCCACCCTCGTGACCACCCTGACCTACGGCGTGCAGTGCTTTAGCCGCTACCCCGACCACATGAAGCAGCACGACTTTTTTAAGTCCGCCATGCCCGAAGGCTACGTCCAGGAGCGCACCATCTTTTTTAAGGACGACGGCAACTACAAGACCCGCGCCGAGGTGAAGTTTGAGGGCGACACCCTGGTGAACCGCATCGAGCTGAAGGGCATCGACTTTAAGGAGGACGGCAACATCCTGGGGCACAAGCTGGAGTACAACTACAACAGCCACAACGTCTATATCATGGCCGACAAGCAGAAGAACGGCATCAAGGTGAACTTTAAGATCCGCCACAACATCGAGGACGGCAGCGTGCAGCTCGCCGACCACTACCAGCAGAACACCCCCATCGGCGACGGCCCCGTGCTGCTGCCCGACAACCACTACCTGAGCACCCAGTCCGCCCTGAGCAAAGACCCCAACGAGAAGCGCGATCACATGGTCCTGCTGGAGTTTGTGACCGCCGCCGGGATCACTCTCGGCATGGACGAGCTGTACAAGTCCTAACTCCATCTTCTTAAGAAAGCTATGTCTTGAATATGTGGATTCTTCCCTTGGCATAATTACTCCCTTAAAGACTTCTTTGAATCGCCCATTGGTTTTGGTGAACCAGTACATCTTGGAAGTTTGACTTTACAGAAGAACGTCTTACCTCCTGGCCTGTACGAGGCTTTGTTTAAGAACTGTTTATTAAGATAAATTGTCAAGTAAAGCACCTCAATTCATTGACTTTCTAGCCATCTTCCTTTGATTAGCTAACAAACTGTCAGGCAGCATTATTTCATGCTGCTTCCAGAGCCCTCTGGGAGCTATATACATTGTAAATGCAGGCCCTAGCTTTGGAACGAGGAATTGGGAGATTCCAGGAGTCAGGGTAGAGAATTTCTGAGCAAATCGGAGATATTTTAGGGGTGTGGAGGAGGGGAAGGGAGGAATGGGCCACCATATTTGGCCTTACAGGAATTAAGGAGACTTCCTGTAATATTTCTTTCCAATAAATATTGCTTTTTACAA,2.479455558048108,0.8438445908994496,1.6356109671486583
C_to_TGC,C,TGC,ZW10,ZW10,8,1256,26,723,507,AGTCAGCGTTGGTTCCCGTCTTGGCCATGGTGAGCAAGGGCGAGGAGCTGTTCACCGGGGTGGTGCCCATCCTGGTCGAGCTGGACGGCGACGTAAACGGCCACAAGTTCAGCGTGTCCGGCGAGGGCGAGGGCGATGCCACCTACGGCAAGCTGACCCTGAAGTTCATCTGCACCACCGGCAAGCTGCCCGTGCCCTGGCCCACCCTCGTGACCACCCTGACCTACGGCGTGCAGTGCTTCAGCCGCTACCCCGACCACATGAAGCAGCACGACTTCTTCAAGTCCGCCATGCCCGAAGGCTACGTCCAGGAGCGCACCATCTTCTTCAAGGACGACGGCAACTACAAGACCCGCGCCGAGGTGAAGTTCGAGGGCGACACCCTGGTGAACCGCATCGAGCTGAAGGGCATCGACTTCAAGGAGGACGGCAACATCCTGGGGCACAAGCTGGAGTACAACTACAACAGCCACAACGTCTATATCATGGCCGACAAGCAGAAGAACGGCATCAAGGTGAACTTCAAGATCCGCCACAACATCGAGGACGGCAGCGTGCAGCTCGCCGACCACTACCAGCAGAACACCCCCATCGGCGACGGCCCCGTGCTGCTGCCCGACAACCACTACCTGAGCACCCAGTCCGCCCTGAGCAAAGACCCCAACGAGAAGCGCGATCACATGGTCCTGCTGGAGTTCGTGACCGCCGCCGGGATCACTCTCGGCATGGACGAGCTGTACAAGTCCTAACTCCATCTTCTTAAGAAAGCTATGTCTTGAATATGTGGATTCTTCCCTTGGCATAATTACTCCCTTAAAGACTTCTTTGAATCGCCCATTGGTTTTGGTGAACCAGTACATCTTGGAAGTTTGACTTTACAGAAGAACGTCTTACCTCCTGGCCTGTACGAGGCTTTGTTTAAGAACTGTTTATTAAGATAAATTGTCAAGTAAAGCACCTCAATTCATTGACTTTCTAGCCATCTTCCTTTGATTAGCTAACAAACTGTCAGGCAGCATTATTTCATGCTGCTTCCAGAGCCCTCTGGGAGCTATATACATTGTAAATGCAGGCCCTAGCTTTGGAACGAGGAATTGGGAGATTCCAGGAGTCAGGGTAGAGAATTTCTGAGCAAATCGGAGATATTTTAGGGGTGTGGAGGAGGGGAAGGGAGGAATGGGCCACCATATTTGGCCTTACAGGAATTAAGGAGACTTCCTGTAATATTTCTTTCCAATAAATATTGCTTTTTACAA,2.692769450168267,0.8769986072700098,1.815770842898257
C_to_TGT,C,TGT,ZW10,ZW10,8,1256,26,723,507,AGTCAGCGTTGGTTCCCGTCTTGGCCATGGTGAGCAAGGGCGAGGAGCTGTTCACCGGGGTGGTGCCCATCCTGGTCGAGCTGGACGGCGACGTAAACGGCCACAAGTTCAGCGTGTCCGGCGAGGGCGAGGGCGATGCCACCTACGGCAAGCTGACCCTGAAGTTCATCTGTACCACCGGCAAGCTGCCCGTGCCCTGGCCCACCCTCGTGACCACCCTGACCTACGGCGTGCAGTGTTTCAGCCGCTACCCCGACCACATGAAGCAGCACGACTTCTTCAAGTCCGCCATGCCCGAAGGCTACGTCCAGGAGCGCACCATCTTCTTCAAGGACGACGGCAACTACAAGACCCGCGCCGAGGTGAAGTTCGAGGGCGACACCCTGGTGAACCGCATCGAGCTGAAGGGCATCGACTTCAAGGAGGACGGCAACATCCTGGGGCACAAGCTGGAGTACAACTACAACAGCCACAACGTCTATATCATGGCCGACAAGCAGAAGAACGGCATCAAGGTGAACTTCAAGATCCGCCACAACATCGAGGACGGCAGCGTGCAGCTCGCCGACCACTACCAGCAGAACACCCCCATCGGCGACGGCCCCGTGCTGCTGCCCGACAACCACTACCTGAGCACCCAGTCCGCCCTGAGCAAAGACCCCAACGAGAAGCGCGATCACATGGTCCTGCTGGAGTTCGTGACCGCCGCCGGGATCACTCTCGGCATGGACGAGCTGTACAAGTCCTAACTCCATCTTCTTAAGAAAGCTATGTCTTGAATATGTGGATTCTTCCCTTGGCATAATTACTCCCTTAAAGACTTCTTTGAATCGCCCATTGGTTTTGGTGAACCAGTACATCTTGGAAGTTTGACTTTACAGAAGAACGTCTTACCTCCTGGCCTGTACGAGGCTTTGTTTAAGAACTGTTTATTAAGATAAATTGTCAAGTAAAGCACCTCAATTCATTGACTTTCTAGCCATCTTCCTTTGATTAGCTAACAAACTGTCAGGCAGCATTATTTCATGCTGCTTCCAGAGCCCTCTGGGAGCTATATACATTGTAAATGCAGGCCCTAGCTTTGGAACGAGGAATTGGGAGATTCCAGGAGTCAGGGTAGAGAATTTCTGAGCAAATCGGAGATATTTTAGGGGTGTGGAGGAGGGGAAGGGAGGAATGGGCCACCATATTTGGCCTTACAGGAATTAAGGAGACTTCCTGTAATATTTCTTTCCAATAAATATTGCTTTTTACAA,2.5431195941437,0.8378448137927745,1.7052747803509254
A_to_GCA,A,GCA,ZW10,ZW10,8,1256,26,723,507,AGTCAGCGTTGGTTCCCGTCTTGGCCATGGTGAGCAAGGGCGAGGAGCTGTTCACCGGGGTGGTGCCCATCCTGGTCGAGCTGGACGGCGACGTAAACGGCCACAAGTTCAGCGTGTCCGGCGAGGGCGAGGGCGATGCAACCTACGGCAAGCTGACCCTGAAGTTCATCTGCACCACCGGCAAGCTGCCCGTGCCCTGGCCCACCCTCGTGACCACCCTGACCTACGGCGTGCAGTGCTTCAGCCGCTACCCCGACCACATGAAGCAGCACGACTTCTTCAAGTCCGCAATGCCCGAAGGCTACGTCCAGGAGCGCACCATCTTCTTCAAGGACGACGGCAACTACAAGACCCGCGCAGAGGTGAAGTTCGAGGGCGACACCCTGGTGAACCGCATCGAGCTGAAGGGCATCGACTTCAAGGAGGACGGCAACATCCTGGGGCACAAGCTGGAGTACAACTACAACAGCCACAACGTCTATATCATGGCAGACAAGCAGAAGAACGGCATCAAGGTGAACTTCAAGATCCGCCACAACATCGAGGACGGCAGCGTGCAGCTCGCAGACCACTACCAGCAGAACACCCCCATCGGCGACGGCCCCGTGCTGCTGCCCGACAACCACTACCTGAGCACCCAGTCCGCACTGAGCAAAGACCCCAACGAGAAGCGCGATCACATGGTCCTGCTGGAGTTCGTGACCGCAGCAGGGATCACTCTCGGCATGGACGAGCTGTACAAGTCCTAACTCCATCTTCTTAAGAAAGCTATGTCTTGAATATGTGGATTCTTCCCTTGGCATAATTACTCCCTTAAAGACTTCTTTGAATCGCCCATTGGTTTTGGTGAACCAGTACATCTTGGAAGTTTGACTTTACAGAAGAACGTCTTACCTCCTGGCCTGTACGAGGCTTTGTTTAAGAACTGTTTATTAAGATAAATTGTCAAGTAAAGCACCTCAATTCATTGACTTTCTAGCCATCTTCCTTTGATTAGCTAACAAACTGTCAGGCAGCATTATTTCATGCTGCTTCCAGAGCCCTCTGGGAGCTATATACATTGTAAATGCAGGCCCTAGCTTTGGAACGAGGAATTGGGAGATTCCAGGAGTCAGGGTAGAGAATTTCTGAGCAAATCGGAGATATTTTAGGGGTGTGGAGGAGGGGAAGGGAGGAATGGGCCACCATATTTGGCCTTACAGGAATTAAGGAGACTTCCTGTAATATTTCTTTCCAATAAATATTGCTTTTTACAA,2.6486982390615426,0.8628998589439745,1.785798380117568
A_to_GCC,A,GCC,ZW10,ZW10,8,1256,26,723,507,AGTCAGCGTTGGTTCCCGTCTTGGCCATGGTGAGCAAGGGCGAGGAGCTGTTCACCGGGGTGGTGCCCATCCTGGTCGAGCTGGACGGCGACGTAAACGGCCACAAGTTCAGCGTGTCCGGCGAGGGCGAGGGCGATGCCACCTACGGCAAGCTGACCCTGAAGTTCATCTGCACCACCGGCAAGCTGCCCGTGCCCTGGCCCACCCTCGTGACCACCCTGACCTACGGCGTGCAGTGCTTCAGCCGCTACCCCGACCACATGAAGCAGCACGACTTCTTCAAGTCCGCCATGCCCGAAGGCTACGTCCAGGAGCGCACCATCTTCTTCAAGGACGACGGCAACTACAAGACCCGCGCCGAGGTGAAGTTCGAGGGCGACACCCTGGTGAACCGCATCGAGCTGAAGGGCATCGACTTCAAGGAGGACGGCAACATCCTGGGGCACAAGCTGGAGTACAACTACAACAGCCACAACGTCTATATCATGGCCGACAAGCAGAAGAACGGCATCAAGGTGAACTTCAAGATCCGCCACAACATCGAGGACGGCAGCGTGCAGCTCGCCGACCACTACCAGCAGAACACCCCCATCGGCGACGGCCCCGTGCTGCTGCCCGACAACCACTACCTGAGCACCCAGTCCGCCCTGAGCAAAGACCCCAACGAGAAGCGCGATCACATGGTCCTGCTGGAGTTCGTGACCGCCGCCGGGATCACTCTCGGCATGGACGAGCTGTACAAGTCCTAACTCCATCTTCTTAAGAAAGCTATGTCTTGAATATGTGGATTCTTCCCTTGGCATAATTACTCCCTTAAAGACTTCTTTGAATCGCCCATTGGTTTTGGTGAACCAGTACATCTTGGAAGTTTGACTTTACAGAAGAACGTCTTACCTCCTGGCCTGTACGAGGCTTTGTTTAAGAACTGTTTATTAAGATAAATTGTCAAGTAAAGCACCTCAATTCATTGACTTTCTAGCCATCTTCCTTTGATTAGCTAACAAACTGTCAGGCAGCATTATTTCATGCTGCTTCCAGAGCCCTCTGGGAGCTATATACATTGTAAATGCAGGCCCTAGCTTTGGAACGAGGAATTGGGAGATTCCAGGAGTCAGGGTAGAGAATTTCTGAGCAAATCGGAGATATTTTAGGGGTGTGGAGGAGGGGAAGGGAGGAATGGGCCACCATATTTGGCCTTACAGGAATTAAGGAGACTTCCTGTAATATTTCTTTCCAATAAATATTGCTTTTTACAA,2.692769450168267,0.8769986072700098,1.815770842898257
A_to_GCG,A,GCG,ZW10,ZW10,8,1256,26,723,507,AGTCAGCGTTGGTTCCCGTCTTGGCCATGGTGAGCAAGGGCGAGGAGCTGTTCACCGGGGTGGTGCCCATCCTGGTCGAGCTGGACGGCGACGTAAACGGCCACAAGTTCAGCGTGTCCGGCGAGGGCGAGGGCGATGCGACCTACGGCAAGCTGACCCTGAAGTTCATCTGCACCACCGGCAAGCTGCCCGTGCCCTGGCCCACCCTCGTGACCACCCTGACCTACGGCGTGCAGTGCTTCAGCCGCTACCCCGACCACATGAAGCAGCACGACTTCTTCAAGTCCGCGATGCCCGAAGGCTACGTCCAGGAGCGCACCATCTTCTTCAAGGACGACGGCAACTACAAGACCCGCGCGGAGGTGAAGTTCGAGGGCGACACCCTGGTGAACCGCATCGAGCTGAAGGGCATCGACTTCAAGGAGGACGGCAACATCCTGGGGCACAAGCTGGAGTACAACTACAACAGCCACAACGTCTATATCATGGCGGACAAGCAGAAGAACGGCATCAAGGTGAACTTCAAGATCCGCCACAACATCGAGGACGGCAGCGTGCAGCTCGCGGACCACTACCAGCAGAACACCCCCATCGGCGACGGCCCCGTGCTGCTGCCCGACAACCACTACCTGAGCACCCAGTCCGCGCTGAGCAAAGACCCCAACGAGAAGCGCGATCACATGGTCCTGCTGGAGTTCGTGACCGCGGCGGGGATCACTCTCGGCATGGACGAGCTGTACAAGTCCTAACTCCATCTTCTTAAGAAAGCTATGTCTTGAATATGTGGATTCTTCCCTTGGCATAATTACTCCCTTAAAGACTTCTTTGAATCGCCCATTGGTTTTGGTGAACCAGTACATCTTGGAAGTTTGACTTTACAGAAGAACGTCTTACCTCCTGGCCTGTACGAGGCTTTGTTTAAGAACTGTTTATTAAGATAAATTGTCAAGTAAAGCACCTCAATTCATTGACTTTCTAGCCATCTTCCTTTGATTAGCTAACAAACTGTCAGGCAGCATTATTTCATGCTGCTTCCAGAGCCCTCTGGGAGCTATATACATTGTAAATGCAGGCCCTAGCTTTGGAACGAGGAATTGGGAGATTCCAGGAGTCAGGGTAGAGAATTTCTGAGCAAATCGGAGATATTTTAGGGGTGTGGAGGAGGGGAAGGGAGGAATGGGCCACCATATTTGGCCTTACAGGAATTAAGGAGACTTCCTGTAATATTTCTTTCCAATAAATATTGCTTTTTACAA,2.7029473135164954,0.8433145147220349,1.8596327987944605
A_to_GCT,A,GCT,ZW10,ZW10,8,1256,26,723,507,AGTCAGCGTTGGTTCCCGTCTTGGCCATGGTGAGCAAGGGCGAGGAGCTGTTCACCGGGGTGGTGCCCATCCTGGTCGAGCTGGACGGCGACGTAAACGGCCACAAGTTCAGCGTGTCCGGCGAGGGCGAGGGCGATGCTACCTACGGCAAGCTGACCCTGAAGTTCATCTGCACCACCGGCAAGCTGCCCGTGCCCTGGCCCACCCTCGTGACCACCCTGACCTACGGCGTGCAGTGCTTCAGCCGCTACCCCGACCACATGAAGCAGCACGACTTCTTCAAGTCCGCTATGCCCGAAGGCTACGTCCAGGAGCGCACCATCTTCTTCAAGGACGACGGCAACTACAAGACCCGCGCTGAGGTGAAGTTCGAGGGCGACACCCTGGTGAACCGCATCGAGCTGAAGGGCATCGACTTCAAGGAGGACGGCAACATCCTGGGGCACAAGCTGGAGTACAACTACAACAGCCACAACGTCTATATCATGGCTGACAAGCAGAAGAACGGCATCAAGGTGAACTTCAAGATCCGCCACAACATCGAGGACGGCAGCGTGCAGCTCGCTGACCACTACCAGCAGAACACCCCCATCGGCGACGGCCCCGTGCTGCTGCCCGACAACCACTACCTGAGCACCCAGTCCGCTCTGAGCAAAGACCCCAACGAGAAGCGCGATCACATGGTCCTGCTGGAGTTCGTGACCGCTGCTGGGATCACTCTCGGCATGGACGAGCTGTACAAGTCCTAACTCCATCTTCTTAAGAAAGCTATGTCTTGAATATGTGGATTCTTCCCTTGGCATAATTACTCCCTTAAAGACTTCTTTGAATCGCCCATTGGTTTTGGTGAACCAGTACATCTTGGAAGTTTGACTTTACAGAAGAACGTCTTACCTCCTGGCCTGTACGAGGCTTTGTTTAAGAACTGTTTATTAAGATAAATTGTCAAGTAAAGCACCTCAATTCATTGACTTTCTAGCCATCTTCCTTTGATTAGCTAACAAACTGTCAGGCAGCATTATTTCATGCTGCTTCCAGAGCCCTCTGGGAGCTATATACATTGTAAATGCAGGCCCTAGCTTTGGAACGAGGAATTGGGAGATTCCAGGAGTCAGGGTAGAGAATTTCTGAGCAAATCGGAGATATTTTAGGGGTGTGGAGGAGGGGAAGGGAGGAATGGGCCACCATATTTGGCCTTACAGGAATTAAGGAGACTTCCTGTAATATTTCTTTCCAATAAATATTGCTTTTTACAA,2.756571585005283,0.9247406048158432,1.83183098018944
G_to_GGA,G,GGA,ZW10,ZW10,8,1256,26,723,507,AGTCAGCGTTGGTTCCCGTCTTGGCCATGGTGAGCAAGGGAGAGGAGCTGTTCACCGGAGTGGTGCCCATCCTGGTCGAGCTGGACGGAGACGTAAACGGACACAAGTTCAGCGTGTCCGGAGAGGGAGAGGGAGATGCCACCTACGGAAAGCTGACCCTGAAGTTCATCTGCACCACCGGAAAGCTGCCCGTGCCCTGGCCCACCCTCGTGACCACCCTGACCTACGGAGTGCAGTGCTTCAGCCGCTACCCCGACCACATGAAGCAGCACGACTTCTTCAAGTCCGCCATGCCCGAAGGATACGTCCAGGAGCGCACCATCTTCTTCAAGGACGACGGAAACTACAAGACCCGCGCCGAGGTGAAGTTCGAGGGAGACACCCTGGTGAACCGCATCGAGCTGAAGGGAATCGACTTCAAGGAGGACGGAAACATCCTGGGACACAAGCTGGAGTACAACTACAACAGCCACAACGTCTATATCATGGCCGACAAGCAGAAGAACGGAATCAAGGTGAACTTCAAGATCCGCCACAACATCGAGGACGGAAGCGTGCAGCTCGCCGACCACTACCAGCAGAACACCCCCATCGGAGACGGACCCGTGCTGCTGCCCGACAACCACTACCTGAGCACCCAGTCCGCCCTGAGCAAAGACCCCAACGAGAAGCGCGATCACATGGTCCTGCTGGAGTTCGTGACCGCCGCCGGAATCACTCTCGGAATGGACGAGCTGTACAAGTCCTAACTCCATCTTCTTAAGAAAGCTATGTCTTGAATATGTGGATTCTTCCCTTGGCATAATTACTCCCTTAAAGACTTCTTTGAATCGCCCATTGGTTTTGGTGAACCAGTACATCTTGGAAGTTTGACTTTACAGAAGAACGTCTTACCTCCTGGCCTGTACGAGGCTTTGTTTAAGAACTGTTTATTAAGATAAATTGTCAAGTAAAGCACCTCAATTCATTGACTTTCTAGCCATCTTCCTTTGATTAGCTAACAAACTGTCAGGCAGCATTATTTCATGCTGCTTCCAGAGCCCTCTGGGAGCTATATACATTGTAAATGCAGGCCCTAGCTTTGGAACGAGGAATTGGGAGATTCCAGGAGTCAGGGTAGAGAATTTCTGAGCAAATCGGAGATATTTTAGGGGTGTGGAGGAGGGGAAGGGAGGAATGGGCCACCATATTTGGCCTTACAGGAATTAAGGAGACTTCCTGTAATATTTCTTTCCAATAAATATTGCTTTTTACAA,2.066890500508817,0.8337405152126802,1.2331499852961367
G_to_GGC,G,GGC,ZW10,ZW10,8,1256,26,723,507,AGTCAGCGTTGGTTCCCGTCTTGGCCATGGTGAGCAAGGGCGAGGAGCTGTTCACCGGCGTGGTGCCCATCCTGGTCGAGCTGGACGGCGACGTAAACGGCCACAAGTTCAGCGTGTCCGGCGAGGGCGAGGGCGATGCCACCTACGGCAAGCTGACCCTGAAGTTCATCTGCACCACCGGCAAGCTGCCCGTGCCCTGGCCCACCCTCGTGACCACCCTGACCTACGGCGTGCAGTGCTTCAGCCGCTACCCCGACCACATGAAGCAGCACGACTTCTTCAAGTCCGCCATGCCCGAAGGCTACGTCCAGGAGCGCACCATCTTCTTCAAGGACGACGGCAACTACAAGACCCGCGCCGAGGTGAAGTTCGAGGGCGACACCCTGGTGAACCGCATCGAGCTGAAGGGCATCGACTTCAAGGAGGACGGCAACATCCTGGGCCACAAGCTGGAGTACAACTACAACAGCCACAACGTCTATATCATGGCCGACAAGCAGAAGAACGGCATCAAGGTGAACTTCAAGATCCGCCACAACATCGAGGACGGCAGCGTGCAGCTCGCCGACCACTACCAGCAGAACACCCCCATCGGCGACGGCCCCGTGCTGCTGCCCGACAACCACTACCTGAGCACCCAGTCCGCCCTGAGCAAAGACCCCAACGAGAAGCGCGATCACATGGTCCTGCTGGAGTTCGTGACCGCCGCCGGCATCACTCTCGGCATGGACGAGCTGTACAAGTCCTAACTCCATCTTCTTAAGAAAGCTATGTCTTGAATATGTGGATTCTTCCCTTGGCATAATTACTCCCTTAAAGACTTCTTTGAATCGCCCATTGGTTTTGGTGAACCAGTACATCTTGGAAGTTTGACTTTACAGAAGAACGTCTTACCTCCTGGCCTGTACGAGGCTTTGTTTAAGAACTGTTTATTAAGATAAATTGTCAAGTAAAGCACCTCAATTCATTGACTTTCTAGCCATCTTCCTTTGATTAGCTAACAAACTGTCAGGCAGCATTATTTCATGCTGCTTCCAGAGCCCTCTGGGAGCTATATACATTGTAAATGCAGGCCCTAGCTTTGGAACGAGGAATTGGGAGATTCCAGGAGTCAGGGTAGAGAATTTCTGAGCAAATCGGAGATATTTTAGGGGTGTGGAGGAGGGGAAGGGAGGAATGGGCCACCATATTTGGCCTTACAGGAATTAAGGAGACTTCCTGTAATATTTCTTTCCAATAAATATTGCTTTTTACAA,2.6530636106463135,0.9178052922091653,1.7352583184371482
G_to_GGG,G,GGG,ZW10,ZW10,8,1256,26,723,507,AGTCAGCGTTGGTTCCCGTCTTGGCCATGGTGAGCAAGGGGGAGGAGCTGTTCACCGGGGTGGTGCCCATCCTGGTCGAGCTGGACGGGGACGTAAACGGGCACAAGTTCAGCGTGTCCGGGGAGGGGGAGGGGGATGCCACCTACGGGAAGCTGACCCTGAAGTTCATCTGCACCACCGGGAAGCTGCCCGTGCCCTGGCCCACCCTCGTGACCACCCTGACCTACGGGGTGCAGTGCTTCAGCCGCTACCCCGACCACATGAAGCAGCACGACTTCTTCAAGTCCGCCATGCCCGAAGGGTACGTCCAGGAGCGCACCATCTTCTTCAAGGACGACGGGAACTACAAGACCCGCGCCGAGGTGAAGTTCGAGGGGGACACCCTGGTGAACCGCATCGAGCTGAAGGGGATCGACTTCAAGGAGGACGGGAACATCCTGGGGCACAAGCTGGAGTACAACTACAACAGCCACAACGTCTATATCATGGCCGACAAGCAGAAGAACGGGATCAAGGTGAACTTCAAGATCCGCCACAACATCGAGGACGGGAGCGTGCAGCTCGCCGACCACTACCAGCAGAACACCCCCATCGGGGACGGGCCCGTGCTGCTGCCCGACAACCACTACCTGAGCACCCAGTCCGCCCTGAGCAAAGACCCCAACGAGAAGCGCGATCACATGGTCCTGCTGGAGTTCGTGACCGCCGCCGGGATCACTCTCGGGATGGACGAGCTGTACAAGTCCTAACTCCATCTTCTTAAGAAAGCTATGTCTTGAATATGTGGATTCTTCCCTTGGCATAATTACTCCCTTAAAGACTTCTTTGAATCGCCCATTGGTTTTGGTGAACCAGTACATCTTGGAAGTTTGACTTTACAGAAGAACGTCTTACCTCCTGGCCTGTACGAGGCTTTGTTTAAGAACTGTTTATTAAGATAAATTGTCAAGTAAAGCACCTCAATTCATTGACTTTCTAGCCATCTTCCTTTGATTAGCTAACAAACTGTCAGGCAGCATTATTTCATGCTGCTTCCAGAGCCCTCTGGGAGCTATATACATTGTAAATGCAGGCCCTAGCTTTGGAACGAGGAATTGGGAGATTCCAGGAGTCAGGGTAGAGAATTTCTGAGCAAATCGGAGATATTTTAGGGGTGTGGAGGAGGGGAAGGGAGGAATGGGCCACCATATTTGGCCTTACAGGAATTAAGGAGACTTCCTGTAATATTTCTTTCCAATAAATATTGCTTTTTACAA,2.1213670233541544,0.7810064881191617,1.3403605352349928
G_to_GGT,G,GGT,ZW10,ZW10,8,1256,26,723,507,AGTCAGCGTTGGTTCCCGTCTTGGCCATGGTGAGCAAGGGTGAGGAGCTGTTCACCGGTGTGGTGCCCATCCTGGTCGAGCTGGACGGTGACGTAAACGGTCACAAGTTCAGCGTGTCCGGTGAGGGTGAGGGTGATGCCACCTACGGTAAGCTGACCCTGAAGTTCATCTGCACCACCGGTAAGCTGCCCGTGCCCTGGCCCACCCTCGTGACCACCCTGACCTACGGTGTGCAGTGCTTCAGCCGCTACCCCGACCACATGAAGCAGCACGACTTCTTCAAGTCCGCCATGCCCGAAGGTTACGTCCAGGAGCGCACCATCTTCTTCAAGGACGACGGTAACTACAAGACCCGCGCCGAGGTGAAGTTCGAGGGTGACACCCTGGTGAACCGCATCGAGCTGAAGGGTATCGACTTCAAGGAGGACGGTAACATCCTGGGTCACAAGCTGGAGTACAACTACAACAGCCACAACGTCTATATCATGGCCGACAAGCAGAAGAACGGTATCAAGGTGAACTTCAAGATCCGCCACAACATCGAGGACGGTAGCGTGCAGCTCGCCGACCACTACCAGCAGAACACCCCCATCGGTGACGGTCCCGTGCTGCTGCCCGACAACCACTACCTGAGCACCCAGTCCGCCCTGAGCAAAGACCCCAACGAGAAGCGCGATCACATGGTCCTGCTGGAGTTCGTGACCGCCGCCGGTATCACTCTCGGTATGGACGAGCTGTACAAGTCCTAACTCCATCTTCTTAAGAAAGCTATGTCTTGAATATGTGGATTCTTCCCTTGGCATAATTACTCCCTTAAAGACTTCTTTGAATCGCCCATTGGTTTTGGTGAACCAGTACATCTTGGAAGTTTGACTTTACAGAAGAACGTCTTACCTCCTGGCCTGTACGAGGCTTTGTTTAAGAACTGTTTATTAAGATAAATTGTCAAGTAAAGCACCTCAATTCATTGACTTTCTAGCCATCTTCCTTTGATTAGCTAACAAACTGTCAGGCAGCATTATTTCATGCTGCTTCCAGAGCCCTCTGGGAGCTATATACATTGTAAATGCAGGCCCTAGCTTTGGAACGAGGAATTGGGAGATTCCAGGAGTCAGGGTAGAGAATTTCTGAGCAAATCGGAGATATTTTAGGGGTGTGGAGGAGGGGAAGGGAGGAATGGGCCACCATATTTGGCCTTACAGGAATTAAGGAGACTTCCTGTAATATTTCTTTCCAATAAATATTGCTTTTTACAA,2.2100236784894487,1.024417019692108,1.1856066587973406
P_to_CCA,P,CCA,ZW10,ZW10,8,1256,26,723,507,AGTCAGCGTTGGTTCCCGTCTTGGCCATGGTGAGCAAGGGCGAGGAGCTGTTCACCGGGGTGGTGCCAATCCTGGTCGAGCTGGACGGCGACGTAAACGGCCACAAGTTCAGCGTGTCCGGCGAGGGCGAGGGCGATGCCACCTACGGCAAGCTGACCCTGAAGTTCATCTGCACCACCGGCAAGCTGCCAGTGCCATGGCCAACCCTCGTGACCACCCTGACCTACGGCGTGCAGTGCTTCAGCCGCTACCCAGACCACATGAAGCAGCACGACTTCTTCAAGTCCGCCATGCCAGAAGGCTACGTCCAGGAGCGCACCATCTTCTTCAAGGACGACGGCAACTACAAGACCCGCGCCGAGGTGAAGTTCGAGGGCGACACCCTGGTGAACCGCATCGAGCTGAAGGGCATCGACTTCAAGGAGGACGGCAACATCCTGGGGCACAAGCTGGAGTACAACTACAACAGCCACAACGTCTATATCATGGCCGACAAGCAGAAGAACGGCATCAAGGTGAACTTCAAGATCCGCCACAACATCGAGGACGGCAGCGTGCAGCTCGCCGACCACTACCAGCAGAACACCCCAATCGGCGACGGCCCAGTGCTGCTGCCAGACAACCACTACCTGAGCACCCAGTCCGCCCTGAGCAAAGACCCAAACGAGAAGCGCGATCACATGGTCCTGCTGGAGTTCGTGACCGCCGCCGGGATCACTCTCGGCATGGACGAGCTGTACAAGTCCTAACTCCATCTTCTTAAGAAAGCTATGTCTTGAATATGTGGATTCTTCCCTTGGCATAATTACTCCCTTAAAGACTTCTTTGAATCGCCCATTGGTTTTGGTGAACCAGTACATCTTGGAAGTTTGACTTTACAGAAGAACGTCTTACCTCCTGGCCTGTACGAGGCTTTGTTTAAGAACTGTTTATTAAGATAAATTGTCAAGTAAAGCACCTCAATTCATTGACTTTCTAGCCATCTTCCTTTGATTAGCTAACAAACTGTCAGGCAGCATTATTTCATGCTGCTTCCAGAGCCCTCTGGGAGCTATATACATTGTAAATGCAGGCCCTAGCTTTGGAACGAGGAATTGGGAGATTCCAGGAGTCAGGGTAGAGAATTTCTGAGCAAATCGGAGATATTTTAGGGGTGTGGAGGAGGGGAAGGGAGGAATGGGCCACCATATTTGGCCTTACAGGAATTAAGGAGACTTCCTGTAATATTTCTTTCCAATAAATATTGCTTTTTACAA,2.545313040492362,0.8662418530358081,1.6790711874565538
P_to_CCC,P,CCC,ZW10,ZW10,8,1256,26,723,507,AGTCAGCGTTGGTTCCCGTCTTGGCCATGGTGAGCAAGGGCGAGGAGCTGTTCACCGGGGTGGTGCCCATCCTGGTCGAGCTGGACGGCGACGTAAACGGCCACAAGTTCAGCGTGTCCGGCGAGGGCGAGGGCGATGCCACCTACGGCAAGCTGACCCTGAAGTTCATCTGCACCACCGGCAAGCTGCCCGTGCCCTGGCCCACCCTCGTGACCACCCTGACCTACGGCGTGCAGTGCTTCAGCCGCTACCCCGACCACATGAAGCAGCACGACTTCTTCAAGTCCGCCATGCCCGAAGGCTACGTCCAGGAGCGCACCATCTTCTTCAAGGACGACGGCAACTACAAGACCCGCGCCGAGGTGAAGTTCGAGGGCGACACCCTGGTGAACCGCATCGAGCTGAAGGGCATCGACTTCAAGGAGGACGGCAACATCCTGGGGCACAAGCTGGAGTACAACTACAACAGCCACAACGTCTATATCATGGCCGACAAGCAGAAGAACGGCATCAAGGTGAACTTCAAGATCCGCCACAACATCGAGGACGGCAGCGTGCAGCTCGCCGACCACTACCAGCAGAACACCCCCATCGGCGACGGCCCCGTGCTGCTGCCCGACAACCACTACCTGAGCACCCAGTCCGCCCTGAGCAAAGACCCCAACGAGAAGCGCGATCACATGGTCCTGCTGGAGTTCGTGACCGCCGCCGGGATCACTCTCGGCATGGACGAGCTGTACAAGTCCTAACTCCATCTTCTTAAGAAAGCTATGTCTTGAATATGTGGATTCTTCCCTTGGCATAATTACTCCCTTAAAGACTTCTTTGAATCGCCCATTGGTTTTGGTGAACCAGTACATCTTGGAAGTTTGACTTTACAGAAGAACGTCTTACCTCCTGGCCTGTACGAGGCTTTGTTTAAGAACTGTTTATTAAGATAAATTGTCAAGTAAAGCACCTCAATTCATTGACTTTCTAGCCATCTTCCTTTGATTAGCTAACAAACTGTCAGGCAGCATTATTTCATGCTGCTTCCAGAGCCCTCTGGGAGCTATATACATTGTAAATGCAGGCCCTAGCTTTGGAACGAGGAATTGGGAGATTCCAGGAGTCAGGGTAGAGAATTTCTGAGCAAATCGGAGATATTTTAGGGGTGTGGAGGAGGGGAAGGGAGGAATGGGCCACCATATTTGGCCTTACAGGAATTAAGGAGACTTCCTGTAATATTTCTTTCCAATAAATATTGCTTTTTACAA,2.692769450168267,0.8769986072700098,1.815770842898257
P_to_CCG,P,CCG,ZW10,ZW10,8,1256,26,723,507,AGTCAGCGTTGGTTCCCGTCTTGGCCATGGTGAGCAAGGGCGAGGAGCTGTTCACCGGGGTGGTGCCGATCCTGGTCGAGCTGGACGGCGACGTAAACGGCCACAAGTTCAGCGTGTCCGGCGAGGGCGAGGGCGATGCCACCTACGGCAAGCTGACCCTGAAGTTCATCTGCACCACCGGCAAGCTGCCGGTGCCGTGGCCGACCCTCGTGACCACCCTGACCTACGGCGTGCAGTGCTTCAGCCGCTACCCGGACCACATGAAGCAGCACGACTTCTTCAAGTCCGCCATGCCGGAAGGCTACGTCCAGGAGCGCACCATCTTCTTCAAGGACGACGGCAACTACAAGACCCGCGCCGAGGTGAAGTTCGAGGGCGACACCCTGGTGAACCGCATCGAGCTGAAGGGCATCGACTTCAAGGAGGACGGCAACATCCTGGGGCACAAGCTGGAGTACAACTACAACAGCCACAACGTCTATATCATGGCCGACAAGCAGAAGAACGGCATCAAGGTGAACTTCAAGATCCGCCACAACATCGAGGACGGCAGCGTGCAGCTCGCCGACCACTACCAGCAGAACACCCCGATCGGCGACGGCCCGGTGCTGCTGCCGGACAACCACTACCTGAGCACCCAGTCCGCCCTGAGCAAAGACCCGAACGAGAAGCGCGATCACATGGTCCTGCTGGAGTTCGTGACCGCCGCCGGGATCACTCTCGGCATGGACGAGCTGTACAAGTCCTAACTCCATCTTCTTAAGAAAGCTATGTCTTGAATATGTGGATTCTTCCCTTGGCATAATTACTCCCTTAAAGACTTCTTTGAATCGCCCATTGGTTTTGGTGAACCAGTACATCTTGGAAGTTTGACTTTACAGAAGAACGTCTTACCTCCTGGCCTGTACGAGGCTTTGTTTAAGAACTGTTTATTAAGATAAATTGTCAAGTAAAGCACCTCAATTCATTGACTTTCTAGCCATCTTCCTTTGATTAGCTAACAAACTGTCAGGCAGCATTATTTCATGCTGCTTCCAGAGCCCTCTGGGAGCTATATACATTGTAAATGCAGGCCCTAGCTTTGGAACGAGGAATTGGGAGATTCCAGGAGTCAGGGTAGAGAATTTCTGAGCAAATCGGAGATATTTTAGGGGTGTGGAGGAGGGGAAGGGAGGAATGGGCCACCATATTTGGCCTTACAGGAATTAAGGAGACTTCCTGTAATATTTCTTTCCAATAAATATTGCTTTTTACAA,2.733148503038523,0.8683251639028443,1.864823339135679
P_to_CCT,P,CCT,ZW10,ZW10,8,1256,26,723,507,AGTCAGCGTTGGTTCCCGTCTTGGCCATGGTGAGCAAGGGCGAGGAGCTGTTCACCGGGGTGGTGCCTATCCTGGTCGAGCTGGACGGCGACGTAAACGGCCACAAGTTCAGCGTGTCCGGCGAGGGCGAGGGCGATGCCACCTACGGCAAGCTGACCCTGAAGTTCATCTGCACCACCGGCAAGCTGCCTGTGCCTTGGCCTACCCTCGTGACCACCCTGACCTACGGCGTGCAGTGCTTCAGCCGCTACCCTGACCACATGAAGCAGCACGACTTCTTCAAGTCCGCCATGCCTGAAGGCTACGTCCAGGAGCGCACCATCTTCTTCAAGGACGACGGCAACTACAAGACCCGCGCCGAGGTGAAGTTCGAGGGCGACACCCTGGTGAACCGCATCGAGCTGAAGGGCATCGACTTCAAGGAGGACGGCAACATCCTGGGGCACAAGCTGGAGTACAACTACAACAGCCACAACGTCTATATCATGGCCGACAAGCAGAAGAACGGCATCAAGGTGAACTTCAAGATCCGCCACAACATCGAGGACGGCAGCGTGCAGCTCGCCGACCACTACCAGCAGAACACCCCTATCGGCGACGGCCCTGTGCTGCTGCCTGACAACCACTACCTGAGCACCCAGTCCGCCCTGAGCAAAGACCCTAACGAGAAGCGCGATCACATGGTCCTGCTGGAGTTCGTGACCGCCGCCGGGATCACTCTCGGCATGGACGAGCTGTACAAGTCCTAACTCCATCTTCTTAAGAAAGCTATGTCTTGAATATGTGGATTCTTCCCTTGGCATAATTACTCCCTTAAAGACTTCTTTGAATCGCCCATTGGTTTTGGTGAACCAGTACATCTTGGAAGTTTGACTTTACAGAAGAACGTCTTACCTCCTGGCCTGTACGAGGCTTTGTTTAAGAACTGTTTATTAAGATAAATTGTCAAGTAAAGCACCTCAATTCATTGACTTTCTAGCCATCTTCCTTTGATTAGCTAACAAACTGTCAGGCAGCATTATTTCATGCTGCTTCCAGAGCCCTCTGGGAGCTATATACATTGTAAATGCAGGCCCTAGCTTTGGAACGAGGAATTGGGAGATTCCAGGAGTCAGGGTAGAGAATTTCTGAGCAAATCGGAGATATTTTAGGGGTGTGGAGGAGGGGAAGGGAGGAATGGGCCACCATATTTGGCCTTACAGGAATTAAGGAGACTTCCTGTAATATTTCTTTCCAATAAATATTGCTTTTTACAA,2.733148503038523,0.8859043659215632,1.84724413711696
T_to_ACA,T,ACA,ZW10,ZW10,8,1256,26,723,507,AGTCAGCGTTGGTTCCCGTCTTGGCCATGGTGAGCAAGGGCGAGGAGCTGTTCACAGGGGTGGTGCCCATCCTGGTCGAGCTGGACGGCGACGTAAACGGCCACAAGTTCAGCGTGTCCGGCGAGGGCGAGGGCGATGCCACATACGGCAAGCTGACACTGAAGTTCATCTGCACAACAGGCAAGCTGCCCGTGCCCTGGCCCACACTCGTGACAACACTGACATACGGCGTGCAGTGCTTCAGCCGCTACCCCGACCACATGAAGCAGCACGACTTCTTCAAGTCCGCCATGCCCGAAGGCTACGTCCAGGAGCGCACAATCTTCTTCAAGGACGACGGCAACTACAAGACACGCGCCGAGGTGAAGTTCGAGGGCGACACACTGGTGAACCGCATCGAGCTGAAGGGCATCGACTTCAAGGAGGACGGCAACATCCTGGGGCACAAGCTGGAGTACAACTACAACAGCCACAACGTCTATATCATGGCCGACAAGCAGAAGAACGGCATCAAGGTGAACTTCAAGATCCGCCACAACATCGAGGACGGCAGCGTGCAGCTCGCCGACCACTACCAGCAGAACACACCCATCGGCGACGGCCCCGTGCTGCTGCCCGACAACCACTACCTGAGCACACAGTCCGCCCTGAGCAAAGACCCCAACGAGAAGCGCGATCACATGGTCCTGCTGGAGTTCGTGACAGCCGCCGGGATCACACTCGGCATGGACGAGCTGTACAAGTCCTAACTCCATCTTCTTAAGAAAGCTATGTCTTGAATATGTGGATTCTTCCCTTGGCATAATTACTCCCTTAAAGACTTCTTTGAATCGCCCATTGGTTTTGGTGAACCAGTACATCTTGGAAGTTTGACTTTACAGAAGAACGTCTTACCTCCTGGCCTGTACGAGGCTTTGTTTAAGAACTGTTTATTAAGATAAATTGTCAAGTAAAGCACCTCAATTCATTGACTTTCTAGCCATCTTCCTTTGATTAGCTAACAAACTGTCAGGCAGCATTATTTCATGCTGCTTCCAGAGCCCTCTGGGAGCTATATACATTGTAAATGCAGGCCCTAGCTTTGGAACGAGGAATTGGGAGATTCCAGGAGTCAGGGTAGAGAATTTCTGAGCAAATCGGAGATATTTTAGGGGTGTGGAGGAGGGGAAGGGAGGAATGGGCCACCATATTTGGCCTTACAGGAATTAAGGAGACTTCCTGTAATATTTCTTTCCAATAAATATTGCTTTTTACAA,2.5315228385894635,0.7829115775448923,1.7486112610445712
T_to_ACC,T,ACC,ZW10,ZW10,8,1256,26,723,507,AGTCAGCGTTGGTTCCCGTCTTGGCCATGGTGAGCAAGGGCGAGGAGCTGTTCACCGGGGTGGTGCCCATCCTGGTCGAGCTGGACGGCGACGTAAACGGCCACAAGTTCAGCGTGTCCGGCGAGGGCGAGGGCGATGCCACCTACGGCAAGCTGACCCTGAAGTTCATCTGCACCACCGGCAAGCTGCCCGTGCCCTGGCCCACCCTCGTGACCACCCTGACCTACGGCGTGCAGTGCTTCAGCCGCTACCCCGACCACATGAAGCAGCACGACTTCTTCAAGTCCGCCATGCCCGAAGGCTACGTCCAGGAGCGCACCATCTTCTTCAAGGACGACGGCAACTACAAGACCCGCGCCGAGGTGAAGTTCGAGGGCGACACCCTGGTGAACCGCATCGAGCTGAAGGGCATCGACTTCAAGGAGGACGGCAACATCCTGGGGCACAAGCTGGAGTACAACTACAACAGCCACAACGTCTATATCATGGCCGACAAGCAGAAGAACGGCATCAAGGTGAACTTCAAGATCCGCCACAACATCGAGGACGGCAGCGTGCAGCTCGCCGACCACTACCAGCAGAACACCCCCATCGGCGACGGCCCCGTGCTGCTGCCCGACAACCACTACCTGAGCACCCAGTCCGCCCTGAGCAAAGACCCCAACGAGAAGCGCGATCACATGGTCCTGCTGGAGTTCGTGACCGCCGCCGGGATCACCCTCGGCATGGACGAGCTGTACAAGTCCTAACTCCATCTTCTTAAGAAAGCTATGTCTTGAATATGTGGATTCTTCCCTTGGCATAATTACTCCCTTAAAGACTTCTTTGAATCGCCCATTGGTTTTGGTGAACCAGTACATCTTGGAAGTTTGACTTTACAGAAGAACGTCTTACCTCCTGGCCTGTACGAGGCTTTGTTTAAGAACTGTTTATTAAGATAAATTGTCAAGTAAAGCACCTCAATTCATTGACTTTCTAGCCATCTTCCTTTGATTAGCTAACAAACTGTCAGGCAGCATTATTTCATGCTGCTTCCAGAGCCCTCTGGGAGCTATATACATTGTAAATGCAGGCCCTAGCTTTGGAACGAGGAATTGGGAGATTCCAGGAGTCAGGGTAGAGAATTTCTGAGCAAATCGGAGATATTTTAGGGGTGTGGAGGAGGGGAAGGGAGGAATGGGCCACCATATTTGGCCTTACAGGAATTAAGGAGACTTCCTGTAATATTTCTTTCCAATAAATATTGCTTTTTACAA,2.692769450168267,0.8943060465996611,1.7984634035686058
T_to_ACG,T,ACG,ZW10,ZW10,8,1256,26,723,507,AGTCAGCGTTGGTTCCCGTCTTGGCCATGGTGAGCAAGGGCGAGGAGCTGTTCACGGGGGTGGTGCCCATCCTGGTCGAGCTGGACGGCGACGTAAACGGCCACAAGTTCAGCGTGTCCGGCGAGGGCGAGGGCGATGCCACGTACGGCAAGCTGACGCTGAAGTTCATCTGCACGACGGGCAAGCTGCCCGTGCCCTGGCCCACGCTCGTGACGACGCTGACGTACGGCGTGCAGTGCTTCAGCCGCTACCCCGACCACATGAAGCAGCACGACTTCTTCAAGTCCGCCATGCCCGAAGGCTACGTCCAGGAGCGCACGATCTTCTTCAAGGACGACGGCAACTACAAGACGCGCGCCGAGGTGAAGTTCGAGGGCGACACGCTGGTGAACCGCATCGAGCTGAAGGGCATCGACTTCAAGGAGGACGGCAACATCCTGGGGCACAAGCTGGAGTACAACTACAACAGCCACAACGTCTATATCATGGCCGACAAGCAGAAGAACGGCATCAAGGTGAACTTCAAGATCCGCCACAACATCGAGGACGGCAGCGTGCAGCTCGCCGACCACTACCAGCAGAACACGCCCATCGGCGACGGCCCCGTGCTGCTGCCCGACAACCACTACCTGAGCACGCAGTCCGCCCTGAGCAAAGACCCCAACGAGAAGCGCGATCACATGGTCCTGCTGGAGTTCGTGACGGCCGCCGGGATCACGCTCGGCATGGACGAGCTGTACAAGTCCTAACTCCATCTTCTTAAGAAAGCTATGTCTTGAATATGTGGATTCTTCCCTTGGCATAATTACTCCCTTAAAGACTTCTTTGAATCGCCCATTGGTTTTGGTGAACCAGTACATCTTGGAAGTTTGACTTTACAGAAGAACGTCTTACCTCCTGGCCTGTACGAGGCTTTGTTTAAGAACTGTTTATTAAGATAAATTGTCAAGTAAAGCACCTCAATTCATTGACTTTCTAGCCATCTTCCTTTGATTAGCTAACAAACTGTCAGGCAGCATTATTTCATGCTGCTTCCAGAGCCCTCTGGGAGCTATATACATTGTAAATGCAGGCCCTAGCTTTGGAACGAGGAATTGGGAGATTCCAGGAGTCAGGGTAGAGAATTTCTGAGCAAATCGGAGATATTTTAGGGGTGTGGAGGAGGGGAAGGGAGGAATGGGCCACCATATTTGGCCTTACAGGAATTAAGGAGACTTCCTGTAATATTTCTTTCCAATAAATATTGCTTTTTACAA,2.6405163897423023,0.7769074345024937,1.8636089552398087
T_to_ACT,T,ACT,ZW10,ZW10,8,1256,26,723,507,AGTCAGCGTTGGTTCCCGTCTTGGCCATGGTGAGCAAGGGCGAGGAGCTGTTCACTGGGGTGGTGCCCATCCTGGTCGAGCTGGACGGCGACGTAAACGGCCACAAGTTCAGCGTGTCCGGCGAGGGCGAGGGCGATGCCACTTACGGCAAGCTGACTCTGAAGTTCATCTGCACTACTGGCAAGCTGCCCGTGCCCTGGCCCACTCTCGTGACTACTCTGACTTACGGCGTGCAGTGCTTCAGCCGCTACCCCGACCACATGAAGCAGCACGACTTCTTCAAGTCCGCCATGCCCGAAGGCTACGTCCAGGAGCGCACTATCTTCTTCAAGGACGACGGCAACTACAAGACTCGCGCCGAGGTGAAGTTCGAGGGCGACACTCTGGTGAACCGCATCGAGCTGAAGGGCATCGACTTCAAGGAGGACGGCAACATCCTGGGGCACAAGCTGGAGTACAACTACAACAGCCACAACGTCTATATCATGGCCGACAAGCAGAAGAACGGCATCAAGGTGAACTTCAAGATCCGCCACAACATCGAGGACGGCAGCGTGCAGCTCGCCGACCACTACCAGCAGAACACTCCCATCGGCGACGGCCCCGTGCTGCTGCCCGACAACCACTACCTGAGCACTCAGTCCGCCCTGAGCAAAGACCCCAACGAGAAGCGCGATCACATGGTCCTGCTGGAGTTCGTGACTGCCGCCGGGATCACTCTCGGCATGGACGAGCTGTACAAGTCCTAACTCCATCTTCTTAAGAAAGCTATGTCTTGAATATGTGGATTCTTCCCTTGGCATAATTACTCCCTTAAAGACTTCTTTGAATCGCCCATTGGTTTTGGTGAACCAGTACATCTTGGAAGTTTGACTTTACAGAAGAACGTCTTACCTCCTGGCCTGTACGAGGCTTTGTTTAAGAACTGTTTATTAAGATAAATTGTCAAGTAAAGCACCTCAATTCATTGACTTTCTAGCCATCTTCCTTTGATTAGCTAACAAACTGTCAGGCAGCATTATTTCATGCTGCTTCCAGAGCCCTCTGGGAGCTATATACATTGTAAATGCAGGCCCTAGCTTTGGAACGAGGAATTGGGAGATTCCAGGAGTCAGGGTAGAGAATTTCTGAGCAAATCGGAGATATTTTAGGGGTGTGGAGGAGGGGAAGGGAGGAATGGGCCACCATATTTGGCCTTACAGGAATTAAGGAGACTTCCTGTAATATTTCTTTCCAATAAATATTGCTTTTTACAA,2.6186526894572397,0.810708573007147,1.8079441164500927
S_to_TCA,S,TCA,ZW10,ZW10,8,1256,26,723,507,AGTCAGCGTTGGTTCCCGTCTTGGCCATGGTGTCAAAGGGCGAGGAGCTGTTCACCGGGGTGGTGCCCATCCTGGTCGAGCTGGACGGCGACGTAAACGGCCACAAGTTCTCAGTGTCAGGCGAGGGCGAGGGCGATGCCACCTACGGCAAGCTGACCCTGAAGTTCATCTGCACCACCGGCAAGCTGCCCGTGCCCTGGCCCACCCTCGTGACCACCCTGACCTACGGCGTGCAGTGCTTCTCACGCTACCCCGACCACATGAAGCAGCACGACTTCTTCAAGTCAGCCATGCCCGAAGGCTACGTCCAGGAGCGCACCATCTTCTTCAAGGACGACGGCAACTACAAGACCCGCGCCGAGGTGAAGTTCGAGGGCGACACCCTGGTGAACCGCATCGAGCTGAAGGGCATCGACTTCAAGGAGGACGGCAACATCCTGGGGCACAAGCTGGAGTACAACTACAACTCACACAACGTCTATATCATGGCCGACAAGCAGAAGAACGGCATCAAGGTGAACTTCAAGATCCGCCACAACATCGAGGACGGCTCAGTGCAGCTCGCCGACCACTACCAGCAGAACACCCCCATCGGCGACGGCCCCGTGCTGCTGCCCGACAACCACTACCTGTCAACCCAGTCAGCCCTGTCAAAAGACCCCAACGAGAAGCGCGATCACATGGTCCTGCTGGAGTTCGTGACCGCCGCCGGGATCACTCTCGGCATGGACGAGCTGTACAAGTCATAACTCCATCTTCTTAAGAAAGCTATGTCTTGAATATGTGGATTCTTCCCTTGGCATAATTACTCCCTTAAAGACTTCTTTGAATCGCCCATTGGTTTTGGTGAACCAGTACATCTTGGAAGTTTGACTTTACAGAAGAACGTCTTACCTCCTGGCCTGTACGAGGCTTTGTTTAAGAACTGTTTATTAAGATAAATTGTCAAGTAAAGCACCTCAATTCATTGACTTTCTAGCCATCTTCCTTTGATTAGCTAACAAACTGTCAGGCAGCATTATTTCATGCTGCTTCCAGAGCCCTCTGGGAGCTATATACATTGTAAATGCAGGCCCTAGCTTTGGAACGAGGAATTGGGAGATTCCAGGAGTCAGGGTAGAGAATTTCTGAGCAAATCGGAGATATTTTAGGGGTGTGGAGGAGGGGAAGGGAGGAATGGGCCACCATATTTGGCCTTACAGGAATTAAGGAGACTTCCTGTAATATTTCTTTCCAATAAATATTGCTTTTTACAA,2.445300874711996,0.8890326378376381,1.5562682368743581
S_to_TCC,S,TCC,ZW10,ZW10,8,1256,26,723,507,AGTCAGCGTTGGTTCCCGTCTTGGCCATGGTGTCCAAGGGCGAGGAGCTGTTCACCGGGGTGGTGCCCATCCTGGTCGAGCTGGACGGCGACGTAAACGGCCACAAGTTCTCCGTGTCCGGCGAGGGCGAGGGCGATGCCACCTACGGCAAGCTGACCCTGAAGTTCATCTGCACCACCGGCAAGCTGCCCGTGCCCTGGCCCACCCTCGTGACCACCCTGACCTACGGCGTGCAGTGCTTCTCCCGCTACCCCGACCACATGAAGCAGCACGACTTCTTCAAGTCCGCCATGCCCGAAGGCTACGTCCAGGAGCGCACCATCTTCTTCAAGGACGACGGCAACTACAAGACCCGCGCCGAGGTGAAGTTCGAGGGCGACACCCTGGTGAACCGCATCGAGCTGAAGGGCATCGACTTCAAGGAGGACGGCAACATCCTGGGGCACAAGCTGGAGTACAACTACAACTCCCACAACGTCTATATCATGGCCGACAAGCAGAAGAACGGCATCAAGGTGAACTTCAAGATCCGCCACAACATCGAGGACGGCTCCGTGCAGCTCGCCGACCACTACCAGCAGAACACCCCCATCGGCGACGGCCCCGTGCTGCTGCCCGACAACCACTACCTGTCCACCCAGTCCGCCCTGTCCAAAGACCCCAACGAGAAGCGCGATCACATGGTCCTGCTGGAGTTCGTGACCGCCGCCGGGATCACTCTCGGCATGGACGAGCTGTACAAGTCCTAACTCCATCTTCTTAAGAAAGCTATGTCTTGAATATGTGGATTCTTCCCTTGGCATAATTACTCCCTTAAAGACTTCTTTGAATCGCCCATTGGTTTTGGTGAACCAGTACATCTTGGAAGTTTGACTTTACAGAAGAACGTCTTACCTCCTGGCCTGTACGAGGCTTTGTTTAAGAACTGTTTATTAAGATAAATTGTCAAGTAAAGCACCTCAATTCATTGACTTTCTAGCCATCTTCCTTTGATTAGCTAACAAACTGTCAGGCAGCATTATTTCATGCTGCTTCCAGAGCCCTCTGGGAGCTATATACATTGTAAATGCAGGCCCTAGCTTTGGAACGAGGAATTGGGAGATTCCAGGAGTCAGGGTAGAGAATTTCTGAGCAAATCGGAGATATTTTAGGGGTGTGGAGGAGGGGAAGGGAGGAATGGGCCACCATATTTGGCCTTACAGGAATTAAGGAGACTTCCTGTAATATTTCTTTCCAATAAATATTGCTTTTTACAA,2.6913061990000227,0.9672828383784278,1.724023360621595
S_to_TCG,S,TCG,ZW10,ZW10,8,1256,26,723,507,AGTCAGCGTTGGTTCCCGTCTTGGCCATGGTGTCGAAGGGCGAGGAGCTGTTCACCGGGGTGGTGCCCATCCTGGTCGAGCTGGACGGCGACGTAAACGGCCACAAGTTCTCGGTGTCGGGCGAGGGCGAGGGCGATGCCACCTACGGCAAGCTGACCCTGAAGTTCATCTGCACCACCGGCAAGCTGCCCGTGCCCTGGCCCACCCTCGTGACCACCCTGACCTACGGCGTGCAGTGCTTCTCGCGCTACCCCGACCACATGAAGCAGCACGACTTCTTCAAGTCGGCCATGCCCGAAGGCTACGTCCAGGAGCGCACCATCTTCTTCAAGGACGACGGCAACTACAAGACCCGCGCCGAGGTGAAGTTCGAGGGCGACACCCTGGTGAACCGCATCGAGCTGAAGGGCATCGACTTCAAGGAGGACGGCAACATCCTGGGGCACAAGCTGGAGTACAACTACAACTCGCACAACGTCTATATCATGGCCGACAAGCAGAAGAACGGCATCAAGGTGAACTTCAAGATCCGCCACAACATCGAGGACGGCTCGGTGCAGCTCGCCGACCACTACCAGCAGAACACCCCCATCGGCGACGGCCCCGTGCTGCTGCCCGACAACCACTACCTGTCGACCCAGTCGGCCCTGTCGAAAGACCCCAACGAGAAGCGCGATCACATGGTCCTGCTGGAGTTCGTGACCGCCGCCGGGATCACTCTCGGCATGGACGAGCTGTACAAGTCGTAACTCCATCTTCTTAAGAAAGCTATGTCTTGAATATGTGGATTCTTCCCTTGGCATAATTACTCCCTTAAAGACTTCTTTGAATCGCCCATTGGTTTTGGTGAACCAGTACATCTTGGAAGTTTGACTTTACAGAAGAACGTCTTACCTCCTGGCCTGTACGAGGCTTTGTTTAAGAACTGTTTATTAAGATAAATTGTCAAGTAAAGCACCTCAATTCATTGACTTTCTAGCCATCTTCCTTTGATTAGCTAACAAACTGTCAGGCAGCATTATTTCATGCTGCTTCCAGAGCCCTCTGGGAGCTATATACATTGTAAATGCAGGCCCTAGCTTTGGAACGAGGAATTGGGAGATTCCAGGAGTCAGGGTAGAGAATTTCTGAGCAAATCGGAGATATTTTAGGGGTGTGGAGGAGGGGAAGGGAGGAATGGGCCACCATATTTGGCCTTACAGGAATTAAGGAGACTTCCTGTAATATTTCTTTCCAATAAATATTGCTTTTTACAA,2.6283251884877026,0.9536115477939604,1.6747136406937422
S_to_TCT,S,TCT,ZW10,ZW10,8,1256,26,723,507,AGTCAGCGTTGGTTCCCGTCTTGGCCATGGTGTCTAAGGGCGAGGAGCTGTTCACCGGGGTGGTGCCCATCCTGGTCGAGCTGGACGGCGACGTAAACGGCCACAAGTTCTCTGTGTCTGGCGAGGGCGAGGGCGATGCCACCTACGGCAAGCTGACCCTGAAGTTCATCTGCACCACCGGCAAGCTGCCCGTGCCCTGGCCCACCCTCGTGACCACCCTGACCTACGGCGTGCAGTGCTTCTCTCGCTACCCCGACCACATGAAGCAGCACGACTTCTTCAAGTCTGCCATGCCCGAAGGCTACGTCCAGGAGCGCACCATCTTCTTCAAGGACGACGGCAACTACAAGACCCGCGCCGAGGTGAAGTTCGAGGGCGACACCCTGGTGAACCGCATCGAGCTGAAGGGCATCGACTTCAAGGAGGACGGCAACATCCTGGGGCACAAGCTGGAGTACAACTACAACTCTCACAACGTCTATATCATGGCCGACAAGCAGAAGAACGGCATCAAGGTGAACTTCAAGATCCGCCACAACATCGAGGACGGCTCTGTGCAGCTCGCCGACCACTACCAGCAGAACACCCCCATCGGCGACGGCCCCGTGCTGCTGCCCGACAACCACTACCTGTCTACCCAGTCTGCCCTGTCTAAAGACCCCAACGAGAAGCGCGATCACATGGTCCTGCTGGAGTTCGTGACCGCCGCCGGGATCACTCTCGGCATGGACGAGCTGTACAAGTCTTAACTCCATCTTCTTAAGAAAGCTATGTCTTGAATATGTGGATTCTTCCCTTGGCATAATTACTCCCTTAAAGACTTCTTTGAATCGCCCATTGGTTTTGGTGAACCAGTACATCTTGGAAGTTTGACTTTACAGAAGAACGTCTTACCTCCTGGCCTGTACGAGGCTTTGTTTAAGAACTGTTTATTAAGATAAATTGTCAAGTAAAGCACCTCAATTCATTGACTTTCTAGCCATCTTCCTTTGATTAGCTAACAAACTGTCAGGCAGCATTATTTCATGCTGCTTCCAGAGCCCTCTGGGAGCTATATACATTGTAAATGCAGGCCCTAGCTTTGGAACGAGGAATTGGGAGATTCCAGGAGTCAGGGTAGAGAATTTCTGAGCAAATCGGAGATATTTTAGGGGTGTGGAGGAGGGGAAGGGAGGAATGGGCCACCATATTTGGCCTTACAGGAATTAAGGAGACTTCCTGTAATATTTCTTTCCAATAAATATTGCTTTTTACAA,2.4761334511196775,0.9563650389702527,1.5197684121494248
S_to_AGC,S,AGC,ZW10,ZW10,8,1256,26,723,507,AGTCAGCGTTGGTTCCCGTCTTGGCCATGGTGAGCAAGGGCGAGGAGCTGTTCACCGGGGTGGTGCCCATCCTGGTCGAGCTGGACGGCGACGTAAACGGCCACAAGTTCAGCGTGAGCGGCGAGGGCGAGGGCGATGCCACCTACGGCAAGCTGACCCTGAAGTTCATCTGCACCACCGGCAAGCTGCCCGTGCCCTGGCCCACCCTCGTGACCACCCTGACCTACGGCGTGCAGTGCTTCAGCCGCTACCCCGACCACATGAAGCAGCACGACTTCTTCAAGAGCGCCATGCCCGAAGGCTACGTCCAGGAGCGCACCATCTTCTTCAAGGACGACGGCAACTACAAGACCCGCGCCGAGGTGAAGTTCGAGGGCGACACCCTGGTGAACCGCATCGAGCTGAAGGGCATCGACTTCAAGGAGGACGGCAACATCCTGGGGCACAAGCTGGAGTACAACTACAACAGCCACAACGTCTATATCATGGCCGACAAGCAGAAGAACGGCATCAAGGTGAACTTCAAGATCCGCCACAACATCGAGGACGGCAGCGTGCAGCTCGCCGACCACTACCAGCAGAACACCCCCATCGGCGACGGCCCCGTGCTGCTGCCCGACAACCACTACCTGAGCACCCAGAGCGCCCTGAGCAAAGACCCCAACGAGAAGCGCGATCACATGGTCCTGCTGGAGTTCGTGACCGCCGCCGGGATCACTCTCGGCATGGACGAGCTGTACAAGAGCTAACTCCATCTTCTTAAGAAAGCTATGTCTTGAATATGTGGATTCTTCCCTTGGCATAATTACTCCCTTAAAGACTTCTTTGAATCGCCCATTGGTTTTGGTGAACCAGTACATCTTGGAAGTTTGACTTTACAGAAGAACGTCTTACCTCCTGGCCTGTACGAGGCTTTGTTTAAGAACTGTTTATTAAGATAAATTGTCAAGTAAAGCACCTCAATTCATTGACTTTCTAGCCATCTTCCTTTGATTAGCTAACAAACTGTCAGGCAGCATTATTTCATGCTGCTTCCAGAGCCCTCTGGGAGCTATATACATTGTAAATGCAGGCCCTAGCTTTGGAACGAGGAATTGGGAGATTCCAGGAGTCAGGGTAGAGAATTTCTGAGCAAATCGGAGATATTTTAGGGGTGTGGAGGAGGGGAAGGGAGGAATGGGCCACCATATTTGGCCTTACAGGAATTAAGGAGACTTCCTGTAATATTTCTTTCCAATAAATATTGCTTTTTACAA,2.600679795672768,0.888983605731096,1.711696189941672
S_to_AGT,S,AGT,ZW10,ZW10,8,1256,26,723,507,AGTCAGCGTTGGTTCCCGTCTTGGCCATGGTGAGTAAGGGCGAGGAGCTGTTCACCGGGGTGGTGCCCATCCTGGTCGAGCTGGACGGCGACGTAAACGGCCACAAGTTCAGTGTGAGTGGCGAGGGCGAGGGCGATGCCACCTACGGCAAGCTGACCCTGAAGTTCATCTGCACCACCGGCAAGCTGCCCGTGCCCTGGCCCACCCTCGTGACCACCCTGACCTACGGCGTGCAGTGCTTCAGTCGCTACCCCGACCACATGAAGCAGCACGACTTCTTCAAGAGTGCCATGCCCGAAGGCTACGTCCAGGAGCGCACCATCTTCTTCAAGGACGACGGCAACTACAAGACCCGCGCCGAGGTGAAGTTCGAGGGCGACACCCTGGTGAACCGCATCGAGCTGAAGGGCATCGACTTCAAGGAGGACGGCAACATCCTGGGGCACAAGCTGGAGTACAACTACAACAGTCACAACGTCTATATCATGGCCGACAAGCAGAAGAACGGCATCAAGGTGAACTTCAAGATCCGCCACAACATCGAGGACGGCAGTGTGCAGCTCGCCGACCACTACCAGCAGAACACCCCCATCGGCGACGGCCCCGTGCTGCTGCCCGACAACCACTACCTGAGTACCCAGAGTGCCCTGAGTAAAGACCCCAACGAGAAGCGCGATCACATGGTCCTGCTGGAGTTCGTGACCGCCGCCGGGATCACTCTCGGCATGGACGAGCTGTACAAGAGTTAACTCCATCTTCTTAAGAAAGCTATGTCTTGAATATGTGGATTCTTCCCTTGGCATAATTACTCCCTTAAAGACTTCTTTGAATCGCCCATTGGTTTTGGTGAACCAGTACATCTTGGAAGTTTGACTTTACAGAAGAACGTCTTACCTCCTGGCCTGTACGAGGCTTTGTTTAAGAACTGTTTATTAAGATAAATTGTCAAGTAAAGCACCTCAATTCATTGACTTTCTAGCCATCTTCCTTTGATTAGCTAACAAACTGTCAGGCAGCATTATTTCATGCTGCTTCCAGAGCCCTCTGGGAGCTATATACATTGTAAATGCAGGCCCTAGCTTTGGAACGAGGAATTGGGAGATTCCAGGAGTCAGGGTAGAGAATTTCTGAGCAAATCGGAGATATTTTAGGGGTGTGGAGGAGGGGAAGGGAGGAATGGGCCACCATATTTGGCCTTACAGGAATTAAGGAGACTTCCTGTAATATTTCTTTCCAATAAATATTGCTTTTTACAA,2.3891547141142797,0.8555573279670783,1.5335973861472014
Y_to_TAC,Y,TAC,ZW10,ZW10,8,1256,26,723,507,AGTCAGCGTTGGTTCCCGTCTTGGCCATGGTGAGCAAGGGCGAGGAGCTGTTCACCGGGGTGGTGCCCATCCTGGTCGAGCTGGACGGCGACGTAAACGGCCACAAGTTCAGCGTGTCCGGCGAGGGCGAGGGCGATGCCACCTACGGCAAGCTGACCCTGAAGTTCATCTGCACCACCGGCAAGCTGCCCGTGCCCTGGCCCACCCTCGTGACCACCCTGACCTACGGCGTGCAGTGCTTCAGCCGCTACCCCGACCACATGAAGCAGCACGACTTCTTCAAGTCCGCCATGCCCGAAGGCTACGTCCAGGAGCGCACCATCTTCTTCAAGGACGACGGCAACTACAAGACCCGCGCCGAGGTGAAGTTCGAGGGCGACACCCTGGTGAACCGCATCGAGCTGAAGGGCATCGACTTCAAGGAGGACGGCAACATCCTGGGGCACAAGCTGGAGTACAACTACAACAGCCACAACGTCTACATCATGGCCGACAAGCAGAAGAACGGCATCAAGGTGAACTTCAAGATCCGCCACAACATCGAGGACGGCAGCGTGCAGCTCGCCGACCACTACCAGCAGAACACCCCCATCGGCGACGGCCCCGTGCTGCTGCCCGACAACCACTACCTGAGCACCCAGTCCGCCCTGAGCAAAGACCCCAACGAGAAGCGCGATCACATGGTCCTGCTGGAGTTCGTGACCGCCGCCGGGATCACTCTCGGCATGGACGAGCTGTACAAGTCCTAACTCCATCTTCTTAAGAAAGCTATGTCTTGAATATGTGGATTCTTCCCTTGGCATAATTACTCCCTTAAAGACTTCTTTGAATCGCCCATTGGTTTTGGTGAACCAGTACATCTTGGAAGTTTGACTTTACAGAAGAACGTCTTACCTCCTGGCCTGTACGAGGCTTTGTTTAAGAACTGTTTATTAAGATAAATTGTCAAGTAAAGCACCTCAATTCATTGACTTTCTAGCCATCTTCCTTTGATTAGCTAACAAACTGTCAGGCAGCATTATTTCATGCTGCTTCCAGAGCCCTCTGGGAGCTATATACATTGTAAATGCAGGCCCTAGCTTTGGAACGAGGAATTGGGAGATTCCAGGAGTCAGGGTAGAGAATTTCTGAGCAAATCGGAGATATTTTAGGGGTGTGGAGGAGGGGAAGGGAGGAATGGGCCACCATATTTGGCCTTACAGGAATTAAGGAGACTTCCTGTAATATTTCTTTCCAATAAATATTGCTTTTTACAA,2.6757827464587356,0.8769986072700098,1.7987841391887258
Y_to_TAT,Y,TAT,ZW10,ZW10,8,1256,26,723,507,AGTCAGCGTTGGTTCCCGTCTTGGCCATGGTGAGCAAGGGCGAGGAGCTGTTCACCGGGGTGGTGCCCATCCTGGTCGAGCTGGACGGCGACGTAAACGGCCACAAGTTCAGCGTGTCCGGCGAGGGCGAGGGCGATGCCACCTATGGCAAGCTGACCCTGAAGTTCATCTGCACCACCGGCAAGCTGCCCGTGCCCTGGCCCACCCTCGTGACCACCCTGACCTATGGCGTGCAGTGCTTCAGCCGCTATCCCGACCACATGAAGCAGCACGACTTCTTCAAGTCCGCCATGCCCGAAGGCTATGTCCAGGAGCGCACCATCTTCTTCAAGGACGACGGCAACTATAAGACCCGCGCCGAGGTGAAGTTCGAGGGCGACACCCTGGTGAACCGCATCGAGCTGAAGGGCATCGACTTCAAGGAGGACGGCAACATCCTGGGGCACAAGCTGGAGTATAACTATAACAGCCACAACGTCTATATCATGGCCGACAAGCAGAAGAACGGCATCAAGGTGAACTTCAAGATCCGCCACAACATCGAGGACGGCAGCGTGCAGCTCGCCGACCACTATCAGCAGAACACCCCCATCGGCGACGGCCCCGTGCTGCTGCCCGACAACCACTATCTGAGCACCCAGTCCGCCCTGAGCAAAGACCCCAACGAGAAGCGCGATCACATGGTCCTGCTGGAGTTCGTGACCGCCGCCGGGATCACTCTCGGCATGGACGAGCTGTATAAGTCCTAACTCCATCTTCTTAAGAAAGCTATGTCTTGAATATGTGGATTCTTCCCTTGGCATAATTACTCCCTTAAAGACTTCTTTGAATCGCCCATTGGTTTTGGTGAACCAGTACATCTTGGAAGTTTGACTTTACAGAAGAACGTCTTACCTCCTGGCCTGTACGAGGCTTTGTTTAAGAACTGTTTATTAAGATAAATTGTCAAGTAAAGCACCTCAATTCATTGACTTTCTAGCCATCTTCCTTTGATTAGCTAACAAACTGTCAGGCAGCATTATTTCATGCTGCTTCCAGAGCCCTCTGGGAGCTATATACATTGTAAATGCAGGCCCTAGCTTTGGAACGAGGAATTGGGAGATTCCAGGAGTCAGGGTAGAGAATTTCTGAGCAAATCGGAGATATTTTAGGGGTGTGGAGGAGGGGAAGGGAGGAATGGGCCACCATATTTGGCCTTACAGGAATTAAGGAGACTTCCTGTAATATTTCTTTCCAATAAATATTGCTTTTTACAA,2.612482853054768,0.8769986072700098,1.7354842457847584
W_to_TGG,W,TGG,ZW10,ZW10,8,1256,26,723,507,AGTCAGCGTTGGTTCCCGTCTTGGCCATGGTGAGCAAGGGCGAGGAGCTGTTCACCGGGGTGGTGCCCATCCTGGTCGAGCTGGACGGCGACGTAAACGGCCACAAGTTCAGCGTGTCCGGCGAGGGCGAGGGCGATGCCACCTACGGCAAGCTGACCCTGAAGTTCATCTGCACCACCGGCAAGCTGCCCGTGCCCTGGCCCACCCTCGTGACCACCCTGACCTACGGCGTGCAGTGCTTCAGCCGCTACCCCGACCACATGAAGCAGCACGACTTCTTCAAGTCCGCCATGCCCGAAGGCTACGTCCAGGAGCGCACCATCTTCTTCAAGGACGACGGCAACTACAAGACCCGCGCCGAGGTGAAGTTCGAGGGCGACACCCTGGTGAACCGCATCGAGCTGAAGGGCATCGACTTCAAGGAGGACGGCAACATCCTGGGGCACAAGCTGGAGTACAACTACAACAGCCACAACGTCTATATCATGGCCGACAAGCAGAAGAACGGCATCAAGGTGAACTTCAAGATCCGCCACAACATCGAGGACGGCAGCGTGCAGCTCGCCGACCACTACCAGCAGAACACCCCCATCGGCGACGGCCCCGTGCTGCTGCCCGACAACCACTACCTGAGCACCCAGTCCGCCCTGAGCAAAGACCCCAACGAGAAGCGCGATCACATGGTCCTGCTGGAGTTCGTGACCGCCGCCGGGATCACTCTCGGCATGGACGAGCTGTACAAGTCCTAACTCCATCTTCTTAAGAAAGCTATGTCTTGAATATGTGGATTCTTCCCTTGGCATAATTACTCCCTTAAAGACTTCTTTGAATCGCCCATTGGTTTTGGTGAACCAGTACATCTTGGAAGTTTGACTTTACAGAAGAACGTCTTACCTCCTGGCCTGTACGAGGCTTTGTTTAAGAACTGTTTATTAAGATAAATTGTCAAGTAAAGCACCTCAATTCATTGACTTTCTAGCCATCTTCCTTTGATTAGCTAACAAACTGTCAGGCAGCATTATTTCATGCTGCTTCCAGAGCCCTCTGGGAGCTATATACATTGTAAATGCAGGCCCTAGCTTTGGAACGAGGAATTGGGAGATTCCAGGAGTCAGGGTAGAGAATTTCTGAGCAAATCGGAGATATTTTAGGGGTGTGGAGGAGGGGAAGGGAGGAATGGGCCACCATATTTGGCCTTACAGGAATTAAGGAGACTTCCTGTAATATTTCTTTCCAATAAATATTGCTTTTTACAA,2.692769450168267,0.8769986072700098,1.815770842898257
Q_to_CAA,Q,CAA,ZW10,ZW10,8,1256,26,723,507,AGTCAGCGTTGGTTCCCGTCTTGGCCATGGTGAGCAAGGGCGAGGAGCTGTTCACCGGGGTGGTGCCCATCCTGGTCGAGCTGGACGGCGACGTAAACGGCCACAAGTTCAGCGTGTCCGGCGAGGGCGAGGGCGATGCCACCTACGGCAAGCTGACCCTGAAGTTCATCTGCACCACCGGCAAGCTGCCCGTGCCCTGGCCCACCCTCGTGACCACCCTGACCTACGGCGTGCAATGCTTCAGCCGCTACCCCGACCACATGAAGCAACACGACTTCTTCAAGTCCGCCATGCCCGAAGGCTACGTCCAAGAGCGCACCATCTTCTTCAAGGACGACGGCAACTACAAGACCCGCGCCGAGGTGAAGTTCGAGGGCGACACCCTGGTGAACCGCATCGAGCTGAAGGGCATCGACTTCAAGGAGGACGGCAACATCCTGGGGCACAAGCTGGAGTACAACTACAACAGCCACAACGTCTATATCATGGCCGACAAGCAAAAGAACGGCATCAAGGTGAACTTCAAGATCCGCCACAACATCGAGGACGGCAGCGTGCAACTCGCCGACCACTACCAACAAAACACCCCCATCGGCGACGGCCCCGTGCTGCTGCCCGACAACCACTACCTGAGCACCCAATCCGCCCTGAGCAAAGACCCCAACGAGAAGCGCGATCACATGGTCCTGCTGGAGTTCGTGACCGCCGCCGGGATCACTCTCGGCATGGACGAGCTGTACAAGTCCTAACTCCATCTTCTTAAGAAAGCTATGTCTTGAATATGTGGATTCTTCCCTTGGCATAATTACTCCCTTAAAGACTTCTTTGAATCGCCCATTGGTTTTGGTGAACCAGTACATCTTGGAAGTTTGACTTTACAGAAGAACGTCTTACCTCCTGGCCTGTACGAGGCTTTGTTTAAGAACTGTTTATTAAGATAAATTGTCAAGTAAAGCACCTCAATTCATTGACTTTCTAGCCATCTTCCTTTGATTAGCTAACAAACTGTCAGGCAGCATTATTTCATGCTGCTTCCAGAGCCCTCTGGGAGCTATATACATTGTAAATGCAGGCCCTAGCTTTGGAACGAGGAATTGGGAGATTCCAGGAGTCAGGGTAGAGAATTTCTGAGCAAATCGGAGATATTTTAGGGGTGTGGAGGAGGGGAAGGGAGGAATGGGCCACCATATTTGGCCTTACAGGAATTAAGGAGACTTCCTGTAATATTTCTTTCCAATAAATATTGCTTTTTACAA,2.2325210066508276,0.8368467521048181,1.3956742545460097
Q_to_CAG,Q,CAG,ZW10,ZW10,8,1256,26,723,507,AGTCAGCGTTGGTTCCCGTCTTGGCCATGGTGAGCAAGGGCGAGGAGCTGTTCACCGGGGTGGTGCCCATCCTGGTCGAGCTGGACGGCGACGTAAACGGCCACAAGTTCAGCGTGTCCGGCGAGGGCGAGGGCGATGCCACCTACGGCAAGCTGACCCTGAAGTTCATCTGCACCACCGGCAAGCTGCCCGTGCCCTGGCCCACCCTCGTGACCACCCTGACCTACGGCGTGCAGTGCTTCAGCCGCTACCCCGACCACATGAAGCAGCACGACTTCTTCAAGTCCGCCATGCCCGAAGGCTACGTCCAGGAGCGCACCATCTTCTTCAAGGACGACGGCAACTACAAGACCCGCGCCGAGGTGAAGTTCGAGGGCGACACCCTGGTGAACCGCATCGAGCTGAAGGGCATCGACTTCAAGGAGGACGGCAACATCCTGGGGCACAAGCTGGAGTACAACTACAACAGCCACAACGTCTATATCATGGCCGACAAGCAGAAGAACGGCATCAAGGTGAACTTCAAGATCCGCCACAACATCGAGGACGGCAGCGTGCAGCTCGCCGACCACTACCAGCAGAACACCCCCATCGGCGACGGCCCCGTGCTGCTGCCCGACAACCACTACCTGAGCACCCAGTCCGCCCTGAGCAAAGACCCCAACGAGAAGCGCGATCACATGGTCCTGCTGGAGTTCGTGACCGCCGCCGGGATCACTCTCGGCATGGACGAGCTGTACAAGTCCTAACTCCATCTTCTTAAGAAAGCTATGTCTTGAATATGTGGATTCTTCCCTTGGCATAATTACTCCCTTAAAGACTTCTTTGAATCGCCCATTGGTTTTGGTGAACCAGTACATCTTGGAAGTTTGACTTTACAGAAGAACGTCTTACCTCCTGGCCTGTACGAGGCTTTGTTTAAGAACTGTTTATTAAGATAAATTGTCAAGTAAAGCACCTCAATTCATTGACTTTCTAGCCATCTTCCTTTGATTAGCTAACAAACTGTCAGGCAGCATTATTTCATGCTGCTTCCAGAGCCCTCTGGGAGCTATATACATTGTAAATGCAGGCCCTAGCTTTGGAACGAGGAATTGGGAGATTCCAGGAGTCAGGGTAGAGAATTTCTGAGCAAATCGGAGATATTTTAGGGGTGTGGAGGAGGGGAAGGGAGGAATGGGCCACCATATTTGGCCTTACAGGAATTAAGGAGACTTCCTGTAATATTTCTTTCCAATAAATATTGCTTTTTACAA,2.692769450168267,0.8769986072700098,1.815770842898257
N_to_AAC,N,AAC,ZW10,ZW10,8,1256,26,723,507,AGTCAGCGTTGGTTCCCGTCTTGGCCATGGTGAGCAAGGGCGAGGAGCTGTTCACCGGGGTGGTGCCCATCCTGGTCGAGCTGGACGGCGACGTAAACGGCCACAAGTTCAGCGTGTCCGGCGAGGGCGAGGGCGATGCCACCTACGGCAAGCTGACCCTGAAGTTCATCTGCACCACCGGCAAGCTGCCCGTGCCCTGGCCCACCCTCGTGACCACCCTGACCTACGGCGTGCAGTGCTTCAGCCGCTACCCCGACCACATGAAGCAGCACGACTTCTTCAAGTCCGCCATGCCCGAAGGCTACGTCCAGGAGCGCACCATCTTCTTCAAGGACGACGGCAACTACAAGACCCGCGCCGAGGTGAAGTTCGAGGGCGACACCCTGGTGAACCGCATCGAGCTGAAGGGCATCGACTTCAAGGAGGACGGCAACATCCTGGGGCACAAGCTGGAGTACAACTACAACAGCCACAACGTCTATATCATGGCCGACAAGCAGAAGAACGGCATCAAGGTGAACTTCAAGATCCGCCACAACATCGAGGACGGCAGCGTGCAGCTCGCCGACCACTACCAGCAGAACACCCCCATCGGCGACGGCCCCGTGCTGCTGCCCGACAACCACTACCTGAGCACCCAGTCCGCCCTGAGCAAAGACCCCAACGAGAAGCGCGATCACATGGTCCTGCTGGAGTTCGTGACCGCCGCCGGGATCACTCTCGGCATGGACGAGCTGTACAAGTCCTAACTCCATCTTCTTAAGAAAGCTATGTCTTGAATATGTGGATTCTTCCCTTGGCATAATTACTCCCTTAAAGACTTCTTTGAATCGCCCATTGGTTTTGGTGAACCAGTACATCTTGGAAGTTTGACTTTACAGAAGAACGTCTTACCTCCTGGCCTGTACGAGGCTTTGTTTAAGAACTGTTTATTAAGATAAATTGTCAAGTAAAGCACCTCAATTCATTGACTTTCTAGCCATCTTCCTTTGATTAGCTAACAAACTGTCAGGCAGCATTATTTCATGCTGCTTCCAGAGCCCTCTGGGAGCTATATACATTGTAAATGCAGGCCCTAGCTTTGGAACGAGGAATTGGGAGATTCCAGGAGTCAGGGTAGAGAATTTCTGAGCAAATCGGAGATATTTTAGGGGTGTGGAGGAGGGGAAGGGAGGAATGGGCCACCATATTTGGCCTTACAGGAATTAAGGAGACTTCCTGTAATATTTCTTTCCAATAAATATTGCTTTTTACAA,2.692769450168267,0.8769986072700098,1.815770842898257
N_to_AAT,N,AAT,ZW10,ZW10,8,1256,26,723,507,AGTCAGCGTTGGTTCCCGTCTTGGCCATGGTGAGCAAGGGCGAGGAGCTGTTCACCGGGGTGGTGCCCATCCTGGTCGAGCTGGACGGCGACGTAAATGGCCACAAGTTCAGCGTGTCCGGCGAGGGCGAGGGCGATGCCACCTACGGCAAGCTGACCCTGAAGTTCATCTGCACCACCGGCAAGCTGCCCGTGCCCTGGCCCACCCTCGTGACCACCCTGACCTACGGCGTGCAGTGCTTCAGCCGCTACCCCGACCACATGAAGCAGCACGACTTCTTCAAGTCCGCCATGCCCGAAGGCTACGTCCAGGAGCGCACCATCTTCTTCAAGGACGACGGCAATTACAAGACCCGCGCCGAGGTGAAGTTCGAGGGCGACACCCTGGTGAATCGCATCGAGCTGAAGGGCATCGACTTCAAGGAGGACGGCAATATCCTGGGGCACAAGCTGGAGTACAATTACAATAGCCACAATGTCTATATCATGGCCGACAAGCAGAAGAATGGCATCAAGGTGAATTTCAAGATCCGCCACAATATCGAGGACGGCAGCGTGCAGCTCGCCGACCACTACCAGCAGAATACCCCCATCGGCGACGGCCCCGTGCTGCTGCCCGACAATCACTACCTGAGCACCCAGTCCGCCCTGAGCAAAGACCCCAATGAGAAGCGCGATCACATGGTCCTGCTGGAGTTCGTGACCGCCGCCGGGATCACTCTCGGCATGGACGAGCTGTACAAGTCCTAACTCCATCTTCTTAAGAAAGCTATGTCTTGAATATGTGGATTCTTCCCTTGGCATAATTACTCCCTTAAAGACTTCTTTGAATCGCCCATTGGTTTTGGTGAACCAGTACATCTTGGAAGTTTGACTTTACAGAAGAACGTCTTACCTCCTGGCCTGTACGAGGCTTTGTTTAAGAACTGTTTATTAAGATAAATTGTCAAGTAAAGCACCTCAATTCATTGACTTTCTAGCCATCTTCCTTTGATTAGCTAACAAACTGTCAGGCAGCATTATTTCATGCTGCTTCCAGAGCCCTCTGGGAGCTATATACATTGTAAATGCAGGCCCTAGCTTTGGAACGAGGAATTGGGAGATTCCAGGAGTCAGGGTAGAGAATTTCTGAGCAAATCGGAGATATTTTAGGGGTGTGGAGGAGGGGAAGGGAGGAATGGGCCACCATATTTGGCCTTACAGGAATTAAGGAGACTTCCTGTAATATTTCTTTCCAATAAATATTGCTTTTTACAA,2.6284586505534717,0.919405121286785,1.7090535292666869
H_to_CAC,H,CAC,ZW10,ZW10,8,1256,26,723,507,AGTCAGCGTTGGTTCCCGTCTTGGCCATGGTGAGCAAGGGCGAGGAGCTGTTCACCGGGGTGGTGCCCATCCTGGTCGAGCTGGACGGCGACGTAAACGGCCACAAGTTCAGCGTGTCCGGCGAGGGCGAGGGCGATGCCACCTACGGCAAGCTGACCCTGAAGTTCATCTGCACCACCGGCAAGCTGCCCGTGCCCTGGCCCACCCTCGTGACCACCCTGACCTACGGCGTGCAGTGCTTCAGCCGCTACCCCGACCACATGAAGCAGCACGACTTCTTCAAGTCCGCCATGCCCGAAGGCTACGTCCAGGAGCGCACCATCTTCTTCAAGGACGACGGCAACTACAAGACCCGCGCCGAGGTGAAGTTCGAGGGCGACACCCTGGTGAACCGCATCGAGCTGAAGGGCATCGACTTCAAGGAGGACGGCAACATCCTGGGGCACAAGCTGGAGTACAACTACAACAGCCACAACGTCTATATCATGGCCGACAAGCAGAAGAACGGCATCAAGGTGAACTTCAAGATCCGCCACAACATCGAGGACGGCAGCGTGCAGCTCGCCGACCACTACCAGCAGAACACCCCCATCGGCGACGGCCCCGTGCTGCTGCCCGACAACCACTACCTGAGCACCCAGTCCGCCCTGAGCAAAGACCCCAACGAGAAGCGCGATCACATGGTCCTGCTGGAGTTCGTGACCGCCGCCGGGATCACTCTCGGCATGGACGAGCTGTACAAGTCCTAACTCCATCTTCTTAAGAAAGCTATGTCTTGAATATGTGGATTCTTCCCTTGGCATAATTACTCCCTTAAAGACTTCTTTGAATCGCCCATTGGTTTTGGTGAACCAGTACATCTTGGAAGTTTGACTTTACAGAAGAACGTCTTACCTCCTGGCCTGTACGAGGCTTTGTTTAAGAACTGTTTATTAAGATAAATTGTCAAGTAAAGCACCTCAATTCATTGACTTTCTAGCCATCTTCCTTTGATTAGCTAACAAACTGTCAGGCAGCATTATTTCATGCTGCTTCCAGAGCCCTCTGGGAGCTATATACATTGTAAATGCAGGCCCTAGCTTTGGAACGAGGAATTGGGAGATTCCAGGAGTCAGGGTAGAGAATTTCTGAGCAAATCGGAGATATTTTAGGGGTGTGGAGGAGGGGAAGGGAGGAATGGGCCACCATATTTGGCCTTACAGGAATTAAGGAGACTTCCTGTAATATTTCTTTCCAATAAATATTGCTTTTTACAA,2.692769450168267,0.8769986072700098,1.815770842898257
H_to_CAT,H,CAT,ZW10,ZW10,8,1256,26,723,507,AGTCAGCGTTGGTTCCCGTCTTGGCCATGGTGAGCAAGGGCGAGGAGCTGTTCACCGGGGTGGTGCCCATCCTGGTCGAGCTGGACGGCGACGTAAACGGCCATAAGTTCAGCGTGTCCGGCGAGGGCGAGGGCGATGCCACCTACGGCAAGCTGACCCTGAAGTTCATCTGCACCACCGGCAAGCTGCCCGTGCCCTGGCCCACCCTCGTGACCACCCTGACCTACGGCGTGCAGTGCTTCAGCCGCTACCCCGACCATATGAAGCAGCATGACTTCTTCAAGTCCGCCATGCCCGAAGGCTACGTCCAGGAGCGCACCATCTTCTTCAAGGACGACGGCAACTACAAGACCCGCGCCGAGGTGAAGTTCGAGGGCGACACCCTGGTGAACCGCATCGAGCTGAAGGGCATCGACTTCAAGGAGGACGGCAACATCCTGGGGCATAAGCTGGAGTACAACTACAACAGCCATAACGTCTATATCATGGCCGACAAGCAGAAGAACGGCATCAAGGTGAACTTCAAGATCCGCCATAACATCGAGGACGGCAGCGTGCAGCTCGCCGACCATTACCAGCAGAACACCCCCATCGGCGACGGCCCCGTGCTGCTGCCCGACAACCATTACCTGAGCACCCAGTCCGCCCTGAGCAAAGACCCCAACGAGAAGCGCGATCATATGGTCCTGCTGGAGTTCGTGACCGCCGCCGGGATCACTCTCGGCATGGACGAGCTGTACAAGTCCTAACTCCATCTTCTTAAGAAAGCTATGTCTTGAATATGTGGATTCTTCCCTTGGCATAATTACTCCCTTAAAGACTTCTTTGAATCGCCCATTGGTTTTGGTGAACCAGTACATCTTGGAAGTTTGACTTTACAGAAGAACGTCTTACCTCCTGGCCTGTACGAGGCTTTGTTTAAGAACTGTTTATTAAGATAAATTGTCAAGTAAAGCACCTCAATTCATTGACTTTCTAGCCATCTTCCTTTGATTAGCTAACAAACTGTCAGGCAGCATTATTTCATGCTGCTTCCAGAGCCCTCTGGGAGCTATATACATTGTAAATGCAGGCCCTAGCTTTGGAACGAGGAATTGGGAGATTCCAGGAGTCAGGGTAGAGAATTTCTGAGCAAATCGGAGATATTTTAGGGGTGTGGAGGAGGGGAAGGGAGGAATGGGCCACCATATTTGGCCTTACAGGAATTAAGGAGACTTCCTGTAATATTTCTTTCCAATAAATATTGCTTTTTACAA,2.7393866503260367,0.9740882310092802,1.7652984193167565
E_to_GAA,E,GAA,ZW10,ZW10,8,1256,26,723,507,AGTCAGCGTTGGTTCCCGTCTTGGCCATGGTGAGCAAGGGCGAAGAACTGTTCACCGGGGTGGTGCCCATCCTGGTCGAACTGGACGGCGACGTAAACGGCCACAAGTTCAGCGTGTCCGGCGAAGGCGAAGGCGATGCCACCTACGGCAAGCTGACCCTGAAGTTCATCTGCACCACCGGCAAGCTGCCCGTGCCCTGGCCCACCCTCGTGACCACCCTGACCTACGGCGTGCAGTGCTTCAGCCGCTACCCCGACCACATGAAGCAGCACGACTTCTTCAAGTCCGCCATGCCCGAAGGCTACGTCCAGGAACGCACCATCTTCTTCAAGGACGACGGCAACTACAAGACCCGCGCCGAAGTGAAGTTCGAAGGCGACACCCTGGTGAACCGCATCGAACTGAAGGGCATCGACTTCAAGGAAGACGGCAACATCCTGGGGCACAAGCTGGAATACAACTACAACAGCCACAACGTCTATATCATGGCCGACAAGCAGAAGAACGGCATCAAGGTGAACTTCAAGATCCGCCACAACATCGAAGACGGCAGCGTGCAGCTCGCCGACCACTACCAGCAGAACACCCCCATCGGCGACGGCCCCGTGCTGCTGCCCGACAACCACTACCTGAGCACCCAGTCCGCCCTGAGCAAAGACCCCAACGAAAAGCGCGATCACATGGTCCTGCTGGAATTCGTGACCGCCGCCGGGATCACTCTCGGCATGGACGAACTGTACAAGTCCTAACTCCATCTTCTTAAGAAAGCTATGTCTTGAATATGTGGATTCTTCCCTTGGCATAATTACTCCCTTAAAGACTTCTTTGAATCGCCCATTGGTTTTGGTGAACCAGTACATCTTGGAAGTTTGACTTTACAGAAGAACGTCTTACCTCCTGGCCTGTACGAGGCTTTGTTTAAGAACTGTTTATTAAGATAAATTGTCAAGTAAAGCACCTCAATTCATTGACTTTCTAGCCATCTTCCTTTGATTAGCTAACAAACTGTCAGGCAGCATTATTTCATGCTGCTTCCAGAGCCCTCTGGGAGCTATATACATTGTAAATGCAGGCCCTAGCTTTGGAACGAGGAATTGGGAGATTCCAGGAGTCAGGGTAGAGAATTTCTGAGCAAATCGGAGATATTTTAGGGGTGTGGAGGAGGGGAAGGGAGGAATGGGCCACCATATTTGGCCTTACAGGAATTAAGGAGACTTCCTGTAATATTTCTTTCCAATAAATATTGCTTTTTACAA,2.7206032439932843,0.8224579099401179,1.8981453340531664
E_to_GAG,E,GAG,ZW10,ZW10,8,1256,26,723,507,AGTCAGCGTTGGTTCCCGTCTTGGCCATGGTGAGCAAGGGCGAGGAGCTGTTCACCGGGGTGGTGCCCATCCTGGTCGAGCTGGACGGCGACGTAAACGGCCACAAGTTCAGCGTGTCCGGCGAGGGCGAGGGCGATGCCACCTACGGCAAGCTGACCCTGAAGTTCATCTGCACCACCGGCAAGCTGCCCGTGCCCTGGCCCACCCTCGTGACCACCCTGACCTACGGCGTGCAGTGCTTCAGCCGCTACCCCGACCACATGAAGCAGCACGACTTCTTCAAGTCCGCCATGCCCGAGGGCTACGTCCAGGAGCGCACCATCTTCTTCAAGGACGACGGCAACTACAAGACCCGCGCCGAGGTGAAGTTCGAGGGCGACACCCTGGTGAACCGCATCGAGCTGAAGGGCATCGACTTCAAGGAGGACGGCAACATCCTGGGGCACAAGCTGGAGTACAACTACAACAGCCACAACGTCTATATCATGGCCGACAAGCAGAAGAACGGCATCAAGGTGAACTTCAAGATCCGCCACAACATCGAGGACGGCAGCGTGCAGCTCGCCGACCACTACCAGCAGAACACCCCCATCGGCGACGGCCCCGTGCTGCTGCCCGACAACCACTACCTGAGCACCCAGTCCGCCCTGAGCAAAGACCCCAACGAGAAGCGCGATCACATGGTCCTGCTGGAGTTCGTGACCGCCGCCGGGATCACTCTCGGCATGGACGAGCTGTACAAGTCCTAACTCCATCTTCTTAAGAAAGCTATGTCTTGAATATGTGGATTCTTCCCTTGGCATAATTACTCCCTTAAAGACTTCTTTGAATCGCCCATTGGTTTTGGTGAACCAGTACATCTTGGAAGTTTGACTTTACAGAAGAACGTCTTACCTCCTGGCCTGTACGAGGCTTTGTTTAAGAACTGTTTATTAAGATAAATTGTCAAGTAAAGCACCTCAATTCATTGACTTTCTAGCCATCTTCCTTTGATTAGCTAACAAACTGTCAGGCAGCATTATTTCATGCTGCTTCCAGAGCCCTCTGGGAGCTATATACATTGTAAATGCAGGCCCTAGCTTTGGAACGAGGAATTGGGAGATTCCAGGAGTCAGGGTAGAGAATTTCTGAGCAAATCGGAGATATTTTAGGGGTGTGGAGGAGGGGAAGGGAGGAATGGGCCACCATATTTGGCCTTACAGGAATTAAGGAGACTTCCTGTAATATTTCTTTCCAATAAATATTGCTTTTTACAA,2.7186384406244297,0.8769986072700098,1.84163983335442
D_to_GAC,D,GAC,ZW10,ZW10,8,1256,26,723,507,AGTCAGCGTTGGTTCCCGTCTTGGCCATGGTGAGCAAGGGCGAGGAGCTGTTCACCGGGGTGGTGCCCATCCTGGTCGAGCTGGACGGCGACGTAAACGGCCACAAGTTCAGCGTGTCCGGCGAGGGCGAGGGCGACGCCACCTACGGCAAGCTGACCCTGAAGTTCATCTGCACCACCGGCAAGCTGCCCGTGCCCTGGCCCACCCTCGTGACCACCCTGACCTACGGCGTGCAGTGCTTCAGCCGCTACCCCGACCACATGAAGCAGCACGACTTCTTCAAGTCCGCCATGCCCGAAGGCTACGTCCAGGAGCGCACCATCTTCTTCAAGGACGACGGCAACTACAAGACCCGCGCCGAGGTGAAGTTCGAGGGCGACACCCTGGTGAACCGCATCGAGCTGAAGGGCATCGACTTCAAGGAGGACGGCAACATCCTGGGGCACAAGCTGGAGTACAACTACAACAGCCACAACGTCTATATCATGGCCGACAAGCAGAAGAACGGCATCAAGGTGAACTTCAAGATCCGCCACAACATCGAGGACGGCAGCGTGCAGCTCGCCGACCACTACCAGCAGAACACCCCCATCGGCGACGGCCCCGTGCTGCTGCCCGACAACCACTACCTGAGCACCCAGTCCGCCCTGAGCAAAGACCCCAACGAGAAGCGCGACCACATGGTCCTGCTGGAGTTCGTGACCGCCGCCGGGATCACTCTCGGCATGGACGAGCTGTACAAGTCCTAACTCCATCTTCTTAAGAAAGCTATGTCTTGAATATGTGGATTCTTCCCTTGGCATAATTACTCCCTTAAAGACTTCTTTGAATCGCCCATTGGTTTTGGTGAACCAGTACATCTTGGAAGTTTGACTTTACAGAAGAACGTCTTACCTCCTGGCCTGTACGAGGCTTTGTTTAAGAACTGTTTATTAAGATAAATTGTCAAGTAAAGCACCTCAATTCATTGACTTTCTAGCCATCTTCCTTTGATTAGCTAACAAACTGTCAGGCAGCATTATTTCATGCTGCTTCCAGAGCCCTCTGGGAGCTATATACATTGTAAATGCAGGCCCTAGCTTTGGAACGAGGAATTGGGAGATTCCAGGAGTCAGGGTAGAGAATTTCTGAGCAAATCGGAGATATTTTAGGGGTGTGGAGGAGGGGAAGGGAGGAATGGGCCACCATATTTGGCCTTACAGGAATTAAGGAGACTTCCTGTAATATTTCTTTCCAATAAATATTGCTTTTTACAA,2.692769450168267,0.8566637442692752,1.8361057058989916
D_to_GAT,D,GAT,ZW10,ZW10,8,1256,26,723,507,AGTCAGCGTTGGTTCCCGTCTTGGCCATGGTGAGCAAGGGCGAGGAGCTGTTCACCGGGGTGGTGCCCATCCTGGTCGAGCTGGATGGCGATGTAAACGGCCACAAGTTCAGCGTGTCCGGCGAGGGCGAGGGCGATGCCACCTACGGCAAGCTGACCCTGAAGTTCATCTGCACCACCGGCAAGCTGCCCGTGCCCTGGCCCACCCTCGTGACCACCCTGACCTACGGCGTGCAGTGCTTCAGCCGCTACCCCGATCACATGAAGCAGCACGATTTCTTCAAGTCCGCCATGCCCGAAGGCTACGTCCAGGAGCGCACCATCTTCTTCAAGGATGATGGCAACTACAAGACCCGCGCCGAGGTGAAGTTCGAGGGCGATACCCTGGTGAACCGCATCGAGCTGAAGGGCATCGATTTCAAGGAGGATGGCAACATCCTGGGGCACAAGCTGGAGTACAACTACAACAGCCACAACGTCTATATCATGGCCGATAAGCAGAAGAACGGCATCAAGGTGAACTTCAAGATCCGCCACAACATCGAGGATGGCAGCGTGCAGCTCGCCGATCACTACCAGCAGAACACCCCCATCGGCGATGGCCCCGTGCTGCTGCCCGATAACCACTACCTGAGCACCCAGTCCGCCCTGAGCAAAGATCCCAACGAGAAGCGCGATCACATGGTCCTGCTGGAGTTCGTGACCGCCGCCGGGATCACTCTCGGCATGGATGAGCTGTACAAGTCCTAACTCCATCTTCTTAAGAAAGCTATGTCTTGAATATGTGGATTCTTCCCTTGGCATAATTACTCCCTTAAAGACTTCTTTGAATCGCCCATTGGTTTTGGTGAACCAGTACATCTTGGAAGTTTGACTTTACAGAAGAACGTCTTACCTCCTGGCCTGTACGAGGCTTTGTTTAAGAACTGTTTATTAAGATAAATTGTCAAGTAAAGCACCTCAATTCATTGACTTTCTAGCCATCTTCCTTTGATTAGCTAACAAACTGTCAGGCAGCATTATTTCATGCTGCTTCCAGAGCCCTCTGGGAGCTATATACATTGTAAATGCAGGCCCTAGCTTTGGAACGAGGAATTGGGAGATTCCAGGAGTCAGGGTAGAGAATTTCTGAGCAAATCGGAGATATTTTAGGGGTGTGGAGGAGGGGAAGGGAGGAATGGGCCACCATATTTGGCCTTACAGGAATTAAGGAGACTTCCTGTAATATTTCTTTCCAATAAATATTGCTTTTTACAA,2.6974563689087523,0.9074801373493661,1.7899762315593861
K_to_AAA,K,AAA,ZW10,ZW10,8,1256,26,723,507,AGTCAGCGTTGGTTCCCGTCTTGGCCATGGTGAGCAAAGGCGAGGAGCTGTTCACCGGGGTGGTGCCCATCCTGGTCGAGCTGGACGGCGACGTAAACGGCCACAAATTCAGCGTGTCCGGCGAGGGCGAGGGCGATGCCACCTACGGCAAACTGACCCTGAAATTCATCTGCACCACCGGCAAACTGCCCGTGCCCTGGCCCACCCTCGTGACCACCCTGACCTACGGCGTGCAGTGCTTCAGCCGCTACCCCGACCACATGAAACAGCACGACTTCTTCAAATCCGCCATGCCCGAAGGCTACGTCCAGGAGCGCACCATCTTCTTCAAAGACGACGGCAACTACAAAACCCGCGCCGAGGTGAAATTCGAGGGCGACACCCTGGTGAACCGCATCGAGCTGAAAGGCATCGACTTCAAAGAGGACGGCAACATCCTGGGGCACAAACTGGAGTACAACTACAACAGCCACAACGTCTATATCATGGCCGACAAACAGAAAAACGGCATCAAAGTGAACTTCAAAATCCGCCACAACATCGAGGACGGCAGCGTGCAGCTCGCCGACCACTACCAGCAGAACACCCCCATCGGCGACGGCCCCGTGCTGCTGCCCGACAACCACTACCTGAGCACCCAGTCCGCCCTGAGCAAAGACCCCAACGAGAAACGCGATCACATGGTCCTGCTGGAGTTCGTGACCGCCGCCGGGATCACTCTCGGCATGGACGAGCTGTACAAATCCTAACTCCATCTTCTTAAGAAAGCTATGTCTTGAATATGTGGATTCTTCCCTTGGCATAATTACTCCCTTAAAGACTTCTTTGAATCGCCCATTGGTTTTGGTGAACCAGTACATCTTGGAAGTTTGACTTTACAGAAGAACGTCTTACCTCCTGGCCTGTACGAGGCTTTGTTTAAGAACTGTTTATTAAGATAAATTGTCAAGTAAAGCACCTCAATTCATTGACTTTCTAGCCATCTTCCTTTGATTAGCTAACAAACTGTCAGGCAGCATTATTTCATGCTGCTTCCAGAGCCCTCTGGGAGCTATATACATTGTAAATGCAGGCCCTAGCTTTGGAACGAGGAATTGGGAGATTCCAGGAGTCAGGGTAGAGAATTTCTGAGCAAATCGGAGATATTTTAGGGGTGTGGAGGAGGGGAAGGGAGGAATGGGCCACCATATTTGGCCTTACAGGAATTAAGGAGACTTCCTGTAATATTTCTTTCCAATAAATATTGCTTTTTACAA,2.392844318372903,0.7989956430783259,1.593848675294577
K_to_AAG,K,AAG,ZW10,ZW10,8,1256,26,723,507,AGTCAGCGTTGGTTCCCGTCTTGGCCATGGTGAGCAAGGGCGAGGAGCTGTTCACCGGGGTGGTGCCCATCCTGGTCGAGCTGGACGGCGACGTAAACGGCCACAAGTTCAGCGTGTCCGGCGAGGGCGAGGGCGATGCCACCTACGGCAAGCTGACCCTGAAGTTCATCTGCACCACCGGCAAGCTGCCCGTGCCCTGGCCCACCCTCGTGACCACCCTGACCTACGGCGTGCAGTGCTTCAGCCGCTACCCCGACCACATGAAGCAGCACGACTTCTTCAAGTCCGCCATGCCCGAAGGCTACGTCCAGGAGCGCACCATCTTCTTCAAGGACGACGGCAACTACAAGACCCGCGCCGAGGTGAAGTTCGAGGGCGACACCCTGGTGAACCGCATCGAGCTGAAGGGCATCGACTTCAAGGAGGACGGCAACATCCTGGGGCACAAGCTGGAGTACAACTACAACAGCCACAACGTCTATATCATGGCCGACAAGCAGAAGAACGGCATCAAGGTGAACTTCAAGATCCGCCACAACATCGAGGACGGCAGCGTGCAGCTCGCCGACCACTACCAGCAGAACACCCCCATCGGCGACGGCCCCGTGCTGCTGCCCGACAACCACTACCTGAGCACCCAGTCCGCCCTGAGCAAGGACCCCAACGAGAAGCGCGATCACATGGTCCTGCTGGAGTTCGTGACCGCCGCCGGGATCACTCTCGGCATGGACGAGCTGTACAAGTCCTAACTCCATCTTCTTAAGAAAGCTATGTCTTGAATATGTGGATTCTTCCCTTGGCATAATTACTCCCTTAAAGACTTCTTTGAATCGCCCATTGGTTTTGGTGAACCAGTACATCTTGGAAGTTTGACTTTACAGAAGAACGTCTTACCTCCTGGCCTGTACGAGGCTTTGTTTAAGAACTGTTTATTAAGATAAATTGTCAAGTAAAGCACCTCAATTCATTGACTTTCTAGCCATCTTCCTTTGATTAGCTAACAAACTGTCAGGCAGCATTATTTCATGCTGCTTCCAGAGCCCTCTGGGAGCTATATACATTGTAAATGCAGGCCCTAGCTTTGGAACGAGGAATTGGGAGATTCCAGGAGTCAGGGTAGAGAATTTCTGAGCAAATCGGAGATATTTTAGGGGTGTGGAGGAGGGGAAGGGAGGAATGGGCCACCATATTTGGCCTTACAGGAATTAAGGAGACTTCCTGTAATATTTCTTTCCAATAAATATTGCTTTTTACAA,2.692769450168267,0.9185318233421369,1.77423762682613
R_to_CGA,R,CGA,ZW10,ZW10,8,1256,26,723,507,AGTCAGCGTTGGTTCCCGTCTTGGCCATGGTGAGCAAGGGCGAGGAGCTGTTCACCGGGGTGGTGCCCATCCTGGTCGAGCTGGACGGCGACGTAAACGGCCACAAGTTCAGCGTGTCCGGCGAGGGCGAGGGCGATGCCACCTACGGCAAGCTGACCCTGAAGTTCATCTGCACCACCGGCAAGCTGCCCGTGCCCTGGCCCACCCTCGTGACCACCCTGACCTACGGCGTGCAGTGCTTCAGCCGATACCCCGACCACATGAAGCAGCACGACTTCTTCAAGTCCGCCATGCCCGAAGGCTACGTCCAGGAGCGAACCATCTTCTTCAAGGACGACGGCAACTACAAGACCCGAGCCGAGGTGAAGTTCGAGGGCGACACCCTGGTGAACCGAATCGAGCTGAAGGGCATCGACTTCAAGGAGGACGGCAACATCCTGGGGCACAAGCTGGAGTACAACTACAACAGCCACAACGTCTATATCATGGCCGACAAGCAGAAGAACGGCATCAAGGTGAACTTCAAGATCCGACACAACATCGAGGACGGCAGCGTGCAGCTCGCCGACCACTACCAGCAGAACACCCCCATCGGCGACGGCCCCGTGCTGCTGCCCGACAACCACTACCTGAGCACCCAGTCCGCCCTGAGCAAAGACCCCAACGAGAAGCGAGATCACATGGTCCTGCTGGAGTTCGTGACCGCCGCCGGGATCACTCTCGGCATGGACGAGCTGTACAAGTCCTAACTCCATCTTCTTAAGAAAGCTATGTCTTGAATATGTGGATTCTTCCCTTGGCATAATTACTCCCTTAAAGACTTCTTTGAATCGCCCATTGGTTTTGGTGAACCAGTACATCTTGGAAGTTTGACTTTACAGAAGAACGTCTTACCTCCTGGCCTGTACGAGGCTTTGTTTAAGAACTGTTTATTAAGATAAATTGTCAAGTAAAGCACCTCAATTCATTGACTTTCTAGCCATCTTCCTTTGATTAGCTAACAAACTGTCAGGCAGCATTATTTCATGCTGCTTCCAGAGCCCTCTGGGAGCTATATACATTGTAAATGCAGGCCCTAGCTTTGGAACGAGGAATTGGGAGATTCCAGGAGTCAGGGTAGAGAATTTCTGAGCAAATCGGAGATATTTTAGGGGTGTGGAGGAGGGGAAGGGAGGAATGGGCCACCATATTTGGCCTTACAGGAATTAAGGAGACTTCCTGTAATATTTCTTTCCAATAAATATTGCTTTTTACAA,2.641111382392311,0.8683840178016171,1.772727364590694
R_to_CGC,R,CGC,ZW10,ZW10,8,1256,26,723,507,AGTCAGCGTTGGTTCCCGTCTTGGCCATGGTGAGCAAGGGCGAGGAGCTGTTCACCGGGGTGGTGCCCATCCTGGTCGAGCTGGACGGCGACGTAAACGGCCACAAGTTCAGCGTGTCCGGCGAGGGCGAGGGCGATGCCACCTACGGCAAGCTGACCCTGAAGTTCATCTGCACCACCGGCAAGCTGCCCGTGCCCTGGCCCACCCTCGTGACCACCCTGACCTACGGCGTGCAGTGCTTCAGCCGCTACCCCGACCACATGAAGCAGCACGACTTCTTCAAGTCCGCCATGCCCGAAGGCTACGTCCAGGAGCGCACCATCTTCTTCAAGGACGACGGCAACTACAAGACCCGCGCCGAGGTGAAGTTCGAGGGCGACACCCTGGTGAACCGCATCGAGCTGAAGGGCATCGACTTCAAGGAGGACGGCAACATCCTGGGGCACAAGCTGGAGTACAACTACAACAGCCACAACGTCTATATCATGGCCGACAAGCAGAAGAACGGCATCAAGGTGAACTTCAAGATCCGCCACAACATCGAGGACGGCAGCGTGCAGCTCGCCGACCACTACCAGCAGAACACCCCCATCGGCGACGGCCCCGTGCTGCTGCCCGACAACCACTACCTGAGCACCCAGTCCGCCCTGAGCAAAGACCCCAACGAGAAGCGCGATCACATGGTCCTGCTGGAGTTCGTGACCGCCGCCGGGATCACTCTCGGCATGGACGAGCTGTACAAGTCCTAACTCCATCTTCTTAAGAAAGCTATGTCTTGAATATGTGGATTCTTCCCTTGGCATAATTACTCCCTTAAAGACTTCTTTGAATCGCCCATTGGTTTTGGTGAACCAGTACATCTTGGAAGTTTGACTTTACAGAAGAACGTCTTACCTCCTGGCCTGTACGAGGCTTTGTTTAAGAACTGTTTATTAAGATAAATTGTCAAGTAAAGCACCTCAATTCATTGACTTTCTAGCCATCTTCCTTTGATTAGCTAACAAACTGTCAGGCAGCATTATTTCATGCTGCTTCCAGAGCCCTCTGGGAGCTATATACATTGTAAATGCAGGCCCTAGCTTTGGAACGAGGAATTGGGAGATTCCAGGAGTCAGGGTAGAGAATTTCTGAGCAAATCGGAGATATTTTAGGGGTGTGGAGGAGGGGAAGGGAGGAATGGGCCACCATATTTGGCCTTACAGGAATTAAGGAGACTTCCTGTAATATTTCTTTCCAATAAATATTGCTTTTTACAA,2.692769450168267,0.8769986072700098,1.815770842898257
R_to_CGG,R,CGG,ZW10,ZW10,8,1256,26,723,507,AGTCAGCGTTGGTTCCCGTCTTGGCCATGGTGAGCAAGGGCGAGGAGCTGTTCACCGGGGTGGTGCCCATCCTGGTCGAGCTGGACGGCGACGTAAACGGCCACAAGTTCAGCGTGTCCGGCGAGGGCGAGGGCGATGCCACCTACGGCAAGCTGACCCTGAAGTTCATCTGCACCACCGGCAAGCTGCCCGTGCCCTGGCCCACCCTCGTGACCACCCTGACCTACGGCGTGCAGTGCTTCAGCCGGTACCCCGACCACATGAAGCAGCACGACTTCTTCAAGTCCGCCATGCCCGAAGGCTACGTCCAGGAGCGGACCATCTTCTTCAAGGACGACGGCAACTACAAGACCCGGGCCGAGGTGAAGTTCGAGGGCGACACCCTGGTGAACCGGATCGAGCTGAAGGGCATCGACTTCAAGGAGGACGGCAACATCCTGGGGCACAAGCTGGAGTACAACTACAACAGCCACAACGTCTATATCATGGCCGACAAGCAGAAGAACGGCATCAAGGTGAACTTCAAGATCCGGCACAACATCGAGGACGGCAGCGTGCAGCTCGCCGACCACTACCAGCAGAACACCCCCATCGGCGACGGCCCCGTGCTGCTGCCCGACAACCACTACCTGAGCACCCAGTCCGCCCTGAGCAAAGACCCCAACGAGAAGCGGGATCACATGGTCCTGCTGGAGTTCGTGACCGCCGCCGGGATCACTCTCGGCATGGACGAGCTGTACAAGTCCTAACTCCATCTTCTTAAGAAAGCTATGTCTTGAATATGTGGATTCTTCCCTTGGCATAATTACTCCCTTAAAGACTTCTTTGAATCGCCCATTGGTTTTGGTGAACCAGTACATCTTGGAAGTTTGACTTTACAGAAGAACGTCTTACCTCCTGGCCTGTACGAGGCTTTGTTTAAGAACTGTTTATTAAGATAAATTGTCAAGTAAAGCACCTCAATTCATTGACTTTCTAGCCATCTTCCTTTGATTAGCTAACAAACTGTCAGGCAGCATTATTTCATGCTGCTTCCAGAGCCCTCTGGGAGCTATATACATTGTAAATGCAGGCCCTAGCTTTGGAACGAGGAATTGGGAGATTCCAGGAGTCAGGGTAGAGAATTTCTGAGCAAATCGGAGATATTTTAGGGGTGTGGAGGAGGGGAAGGGAGGAATGGGCCACCATATTTGGCCTTACAGGAATTAAGGAGACTTCCTGTAATATTTCTTTCCAATAAATATTGCTTTTTACAA,2.574401921486182,0.8669386939159013,1.7074632275702806
R_to_CGT,R,CGT,ZW10,ZW10,8,1256,26,723,507,AGTCAGCGTTGGTTCCCGTCTTGGCCATGGTGAGCAAGGGCGAGGAGCTGTTCACCGGGGTGGTGCCCATCCTGGTCGAGCTGGACGGCGACGTAAACGGCCACAAGTTCAGCGTGTCCGGCGAGGGCGAGGGCGATGCCACCTACGGCAAGCTGACCCTGAAGTTCATCTGCACCACCGGCAAGCTGCCCGTGCCCTGGCCCACCCTCGTGACCACCCTGACCTACGGCGTGCAGTGCTTCAGCCGTTACCCCGACCACATGAAGCAGCACGACTTCTTCAAGTCCGCCATGCCCGAAGGCTACGTCCAGGAGCGTACCATCTTCTTCAAGGACGACGGCAACTACAAGACCCGTGCCGAGGTGAAGTTCGAGGGCGACACCCTGGTGAACCGTATCGAGCTGAAGGGCATCGACTTCAAGGAGGACGGCAACATCCTGGGGCACAAGCTGGAGTACAACTACAACAGCCACAACGTCTATATCATGGCCGACAAGCAGAAGAACGGCATCAAGGTGAACTTCAAGATCCGTCACAACATCGAGGACGGCAGCGTGCAGCTCGCCGACCACTACCAGCAGAACACCCCCATCGGCGACGGCCCCGTGCTGCTGCCCGACAACCACTACCTGAGCACCCAGTCCGCCCTGAGCAAAGACCCCAACGAGAAGCGTGATCACATGGTCCTGCTGGAGTTCGTGACCGCCGCCGGGATCACTCTCGGCATGGACGAGCTGTACAAGTCCTAACTCCATCTTCTTAAGAAAGCTATGTCTTGAATATGTGGATTCTTCCCTTGGCATAATTACTCCCTTAAAGACTTCTTTGAATCGCCCATTGGTTTTGGTGAACCAGTACATCTTGGAAGTTTGACTTTACAGAAGAACGTCTTACCTCCTGGCCTGTACGAGGCTTTGTTTAAGAACTGTTTATTAAGATAAATTGTCAAGTAAAGCACCTCAATTCATTGACTTTCTAGCCATCTTCCTTTGATTAGCTAACAAACTGTCAGGCAGCATTATTTCATGCTGCTTCCAGAGCCCTCTGGGAGCTATATACATTGTAAATGCAGGCCCTAGCTTTGGAACGAGGAATTGGGAGATTCCAGGAGTCAGGGTAGAGAATTTCTGAGCAAATCGGAGATATTTTAGGGGTGTGGAGGAGGGGAAGGGAGGAATGGGCCACCATATTTGGCCTTACAGGAATTAAGGAGACTTCCTGTAATATTTCTTTCCAATAAATATTGCTTTTTACAA,2.707631181458962,0.8476218813630939,1.8600093000958684
R_to_AGA,R,AGA,ZW10,ZW10,8,1256,26,723,507,AGTCAGCGTTGGTTCCCGTCTTGGCCATGGTGAGCAAGGGCGAGGAGCTGTTCACCGGGGTGGTGCCCATCCTGGTCGAGCTGGACGGCGACGTAAACGGCCACAAGTTCAGCGTGTCCGGCGAGGGCGAGGGCGATGCCACCTACGGCAAGCTGACCCTGAAGTTCATCTGCACCACCGGCAAGCTGCCCGTGCCCTGGCCCACCCTCGTGACCACCCTGACCTACGGCGTGCAGTGCTTCAGCAGATACCCCGACCACATGAAGCAGCACGACTTCTTCAAGTCCGCCATGCCCGAAGGCTACGTCCAGGAGAGAACCATCTTCTTCAAGGACGACGGCAACTACAAGACCAGAGCCGAGGTGAAGTTCGAGGGCGACACCCTGGTGAACAGAATCGAGCTGAAGGGCATCGACTTCAAGGAGGACGGCAACATCCTGGGGCACAAGCTGGAGTACAACTACAACAGCCACAACGTCTATATCATGGCCGACAAGCAGAAGAACGGCATCAAGGTGAACTTCAAGATCAGACACAACATCGAGGACGGCAGCGTGCAGCTCGCCGACCACTACCAGCAGAACACCCCCATCGGCGACGGCCCCGTGCTGCTGCCCGACAACCACTACCTGAGCACCCAGTCCGCCCTGAGCAAAGACCCCAACGAGAAGAGAGATCACATGGTCCTGCTGGAGTTCGTGACCGCCGCCGGGATCACTCTCGGCATGGACGAGCTGTACAAGTCCTAACTCCATCTTCTTAAGAAAGCTATGTCTTGAATATGTGGATTCTTCCCTTGGCATAATTACTCCCTTAAAGACTTCTTTGAATCGCCCATTGGTTTTGGTGAACCAGTACATCTTGGAAGTTTGACTTTACAGAAGAACGTCTTACCTCCTGGCCTGTACGAGGCTTTGTTTAAGAACTGTTTATTAAGATAAATTGTCAAGTAAAGCACCTCAATTCATTGACTTTCTAGCCATCTTCCTTTGATTAGCTAACAAACTGTCAGGCAGCATTATTTCATGCTGCTTCCAGAGCCCTCTGGGAGCTATATACATTGTAAATGCAGGCCCTAGCTTTGGAACGAGGAATTGGGAGATTCCAGGAGTCAGGGTAGAGAATTTCTGAGCAAATCGGAGATATTTTAGGGGTGTGGAGGAGGGGAAGGGAGGAATGGGCCACCATATTTGGCCTTACAGGAATTAAGGAGACTTCCTGTAATATTTCTTTCCAATAAATATTGCTTTTTACAA,2.583533581892714,0.8359481526427747,1.7475854292499395
R_to_AGG,R,AGG,ZW10,ZW10,8,1256,26,723,507,AGTCAGCGTTGGTTCCCGTCTTGGCCATGGTGAGCAAGGGCGAGGAGCTGTTCACCGGGGTGGTGCCCATCCTGGTCGAGCTGGACGGCGACGTAAACGGCCACAAGTTCAGCGTGTCCGGCGAGGGCGAGGGCGATGCCACCTACGGCAAGCTGACCCTGAAGTTCATCTGCACCACCGGCAAGCTGCCCGTGCCCTGGCCCACCCTCGTGACCACCCTGACCTACGGCGTGCAGTGCTTCAGCAGGTACCCCGACCACATGAAGCAGCACGACTTCTTCAAGTCCGCCATGCCCGAAGGCTACGTCCAGGAGAGGACCATCTTCTTCAAGGACGACGGCAACTACAAGACCAGGGCCGAGGTGAAGTTCGAGGGCGACACCCTGGTGAACAGGATCGAGCTGAAGGGCATCGACTTCAAGGAGGACGGCAACATCCTGGGGCACAAGCTGGAGTACAACTACAACAGCCACAACGTCTATATCATGGCCGACAAGCAGAAGAACGGCATCAAGGTGAACTTCAAGATCAGGCACAACATCGAGGACGGCAGCGTGCAGCTCGCCGACCACTACCAGCAGAACACCCCCATCGGCGACGGCCCCGTGCTGCTGCCCGACAACCACTACCTGAGCACCCAGTCCGCCCTGAGCAAAGACCCCAACGAGAAGAGGGATCACATGGTCCTGCTGGAGTTCGTGACCGCCGCCGGGATCACTCTCGGCATGGACGAGCTGTACAAGTCCTAACTCCATCTTCTTAAGAAAGCTATGTCTTGAATATGTGGATTCTTCCCTTGGCATAATTACTCCCTTAAAGACTTCTTTGAATCGCCCATTGGTTTTGGTGAACCAGTACATCTTGGAAGTTTGACTTTACAGAAGAACGTCTTACCTCCTGGCCTGTACGAGGCTTTGTTTAAGAACTGTTTATTAAGATAAATTGTCAAGTAAAGCACCTCAATTCATTGACTTTCTAGCCATCTTCCTTTGATTAGCTAACAAACTGTCAGGCAGCATTATTTCATGCTGCTTCCAGAGCCCTCTGGGAGCTATATACATTGTAAATGCAGGCCCTAGCTTTGGAACGAGGAATTGGGAGATTCCAGGAGTCAGGGTAGAGAATTTCTGAGCAAATCGGAGATATTTTAGGGGTGTGGAGGAGGGGAAGGGAGGAATGGGCCACCATATTTGGCCTTACAGGAATTAAGGAGACTTCCTGTAATATTTCTTTCCAATAAATATTGCTTTTTACAA,2.327364413538424,0.8527468645323879,1.4746175490060363
X_to_TAA,X,TAA,ZW10,ZW10,8,1256,26,723,507,AGTCAGCGTTGGTTCCCGTCTTGGCCATGGTGAGCAAGGGCGAGGAGCTGTTCACCGGGGTGGTGCCCATCCTGGTCGAGCTGGACGGCGACGTAAACGGCCACAAGTTCAGCGTGTCCGGCGAGGGCGAGGGCGATGCCACCTACGGCAAGCTGACCCTGAAGTTCATCTGCACCACCGGCAAGCTGCCCGTGCCCTGGCCCACCCTCGTGACCACCCTGACCTACGGCGTGCAGTGCTTCAGCCGCTACCCCGACCACATGAAGCAGCACGACTTCTTCAAGTCCGCCATGCCCGAAGGCTACGTCCAGGAGCGCACCATCTTCTTCAAGGACGACGGCAACTACAAGACCCGCGCCGAGGTGAAGTTCGAGGGCGACACCCTGGTGAACCGCATCGAGCTGAAGGGCATCGACTTCAAGGAGGACGGCAACATCCTGGGGCACAAGCTGGAGTACAACTACAACAGCCACAACGTCTATATCATGGCCGACAAGCAGAAGAACGGCATCAAGGTGAACTTCAAGATCCGCCACAACATCGAGGACGGCAGCGTGCAGCTCGCCGACCACTACCAGCAGAACACCCCCATCGGCGACGGCCCCGTGCTGCTGCCCGACAACCACTACCTGAGCACCCAGTCCGCCCTGAGCAAAGACCCCAACGAGAAGCGCGATCACATGGTCCTGCTGGAGTTCGTGACCGCCGCCGGGATCACTCTCGGCATGGACGAGCTGTACAAGTCCTAACTCCATCTTCTTAAGAAAGCTATGTCTTGAATATGTGGATTCTTCCCTTGGCATAATTACTCCCTTAAAGACTTCTTTGAATCGCCCATTGGTTTTGGTGAACCAGTACATCTTGGAAGTTTGACTTTACAGAAGAACGTCTTACCTCCTGGCCTGTACGAGGCTTTGTTTAAGAACTGTTTATTAAGATAAATTGTCAAGTAAAGCACCTCAATTCATTGACTTTCTAGCCATCTTCCTTTGATTAGCTAACAAACTGTCAGGCAGCATTATTTCATGCTGCTTCCAGAGCCCTCTGGGAGCTATATACATTGTAAATGCAGGCCCTAGCTTTGGAACGAGGAATTGGGAGATTCCAGGAGTCAGGGTAGAGAATTTCTGAGCAAATCGGAGATATTTTAGGGGTGTGGAGGAGGGGAAGGGAGGAATGGGCCACCATATTTGGCCTTACAGGAATTAAGGAGACTTCCTGTAATATTTCTTTCCAATAAATATTGCTTTTTACAA,2.692769450168267,0.8769986072700098,1.815770842898257
X_to_TAG,X,TAG,ZW10,ZW10,8,1256,26,723,507,AGTCAGCGTTGGTTCCCGTCTTGGCCATGGTGAGCAAGGGCGAGGAGCTGTTCACCGGGGTGGTGCCCATCCTGGTCGAGCTGGACGGCGACGTAAACGGCCACAAGTTCAGCGTGTCCGGCGAGGGCGAGGGCGATGCCACCTACGGCAAGCTGACCCTGAAGTTCATCTGCACCACCGGCAAGCTGCCCGTGCCCTGGCCCACCCTCGTGACCACCCTGACCTACGGCGTGCAGTGCTTCAGCCGCTACCCCGACCACATGAAGCAGCACGACTTCTTCAAGTCCGCCATGCCCGAAGGCTACGTCCAGGAGCGCACCATCTTCTTCAAGGACGACGGCAACTACAAGACCCGCGCCGAGGTGAAGTTCGAGGGCGACACCCTGGTGAACCGCATCGAGCTGAAGGGCATCGACTTCAAGGAGGACGGCAACATCCTGGGGCACAAGCTGGAGTACAACTACAACAGCCACAACGTCTATATCATGGCCGACAAGCAGAAGAACGGCATCAAGGTGAACTTCAAGATCCGCCACAACATCGAGGACGGCAGCGTGCAGCTCGCCGACCACTACCAGCAGAACACCCCCATCGGCGACGGCCCCGTGCTGCTGCCCGACAACCACTACCTGAGCACCCAGTCCGCCCTGAGCAAAGACCCCAACGAGAAGCGCGATCACATGGTCCTGCTGGAGTTCGTGACCGCCGCCGGGATCACTCTCGGCATGGACGAGCTGTACAAGTCCTAGCTCCATCTTCTTAAGAAAGCTATGTCTTGAATATGTGGATTCTTCCCTTGGCATAATTACTCCCTTAAAGACTTCTTTGAATCGCCCATTGGTTTTGGTGAACCAGTACATCTTGGAAGTTTGACTTTACAGAAGAACGTCTTACCTCCTGGCCTGTACGAGGCTTTGTTTAAGAACTGTTTATTAAGATAAATTGTCAAGTAAAGCACCTCAATTCATTGACTTTCTAGCCATCTTCCTTTGATTAGCTAACAAACTGTCAGGCAGCATTATTTCATGCTGCTTCCAGAGCCCTCTGGGAGCTATATACATTGTAAATGCAGGCCCTAGCTTTGGAACGAGGAATTGGGAGATTCCAGGAGTCAGGGTAGAGAATTTCTGAGCAAATCGGAGATATTTTAGGGGTGTGGAGGAGGGGAAGGGAGGAATGGGCCACCATATTTGGCCTTACAGGAATTAAGGAGACTTCCTGTAATATTTCTTTCCAATAAATATTGCTTTTTACAA,2.33280534432297,0.8852636669571462,1.447541677365824
X_to_TGA,X,TGA,ZW10,ZW10,8,1256,26,723,507,AGTCAGCGTTGGTTCCCGTCTTGGCCATGGTGAGCAAGGGCGAGGAGCTGTTCACCGGGGTGGTGCCCATCCTGGTCGAGCTGGACGGCGACGTAAACGGCCACAAGTTCAGCGTGTCCGGCGAGGGCGAGGGCGATGCCACCTACGGCAAGCTGACCCTGAAGTTCATCTGCACCACCGGCAAGCTGCCCGTGCCCTGGCCCACCCTCGTGACCACCCTGACCTACGGCGTGCAGTGCTTCAGCCGCTACCCCGACCACATGAAGCAGCACGACTTCTTCAAGTCCGCCATGCCCGAAGGCTACGTCCAGGAGCGCACCATCTTCTTCAAGGACGACGGCAACTACAAGACCCGCGCCGAGGTGAAGTTCGAGGGCGACACCCTGGTGAACCGCATCGAGCTGAAGGGCATCGACTTCAAGGAGGACGGCAACATCCTGGGGCACAAGCTGGAGTACAACTACAACAGCCACAACGTCTATATCATGGCCGACAAGCAGAAGAACGGCATCAAGGTGAACTTCAAGATCCGCCACAACATCGAGGACGGCAGCGTGCAGCTCGCCGACCACTACCAGCAGAACACCCCCATCGGCGACGGCCCCGTGCTGCTGCCCGACAACCACTACCTGAGCACCCAGTCCGCCCTGAGCAAAGACCCCAACGAGAAGCGCGATCACATGGTCCTGCTGGAGTTCGTGACCGCCGCCGGGATCACTCTCGGCATGGACGAGCTGTACAAGTCCTGACTCCATCTTCTTAAGAAAGCTATGTCTTGAATATGTGGATTCTTCCCTTGGCATAATTACTCCCTTAAAGACTTCTTTGAATCGCCCATTGGTTTTGGTGAACCAGTACATCTTGGAAGTTTGACTTTACAGAAGAACGTCTTACCTCCTGGCCTGTACGAGGCTTTGTTTAAGAACTGTTTATTAAGATAAATTGTCAAGTAAAGCACCTCAATTCATTGACTTTCTAGCCATCTTCCTTTGATTAGCTAACAAACTGTCAGGCAGCATTATTTCATGCTGCTTCCAGAGCCCTCTGGGAGCTATATACATTGTAAATGCAGGCCCTAGCTTTGGAACGAGGAATTGGGAGATTCCAGGAGTCAGGGTAGAGAATTTCTGAGCAAATCGGAGATATTTTAGGGGTGTGGAGGAGGGGAAGGGAGGAATGGGCCACCATATTTGGCCTTACAGGAATTAAGGAGACTTCCTGTAATATTTCTTTCCAATAAATATTGCTTTTTACAA,2.2500121686798655,0.8852636669571462,1.3647485017227194
